obs_uid,fold,paper_doi,age_d,role,method_group,observed,bayes_mean,bayes_lo,bayes_hi,gbm_point,blend_mean,blend_lo,blend_hi,ess,applied
10.1016/j.cemconres.2021.106477::mix2::DoR_SCM::0,0,10.1016/j.cemconres.2021.106477,1.0,other,XRD_PONKCS,27.0,9.310014528789765,0.0,22.090135764170114,6.390957937781464,10.004248030245396,0.0,22.564385845036927,579.5392510129883,True
10.1016/j.cemconres.2021.106477::mix7::DoR_SCM::1,0,10.1016/j.cemconres.2021.106477,90.0,other,XRD_PONKCS,100.0,42.59634648490502,12.412374491035182,72.03556951591729,46.46598050926678,44.144200397127015,27.764450720257972,61.042343245569,573.1535490818485,True
10.1016/j.cemconres.2022.106935::S95_ref::DoR_SCM::56,0,10.1016/j.cemconres.2022.106935,1.0,slag,selective_dissolution,5.0,12.497120024400004,0.0,27.382455503765662,0.3382695333196368,7.755437474133584,0.0,19.005184102875695,428.88311468251635,True
10.1016/j.cemconres.2022.106935::S95_ref::DoR_SCM::57,0,10.1016/j.cemconres.2022.106935,7.0,slag,selective_dissolution,16.0,25.153798678488737,4.656759516090486,48.88697520914771,10.155358733592754,14.874895365665319,0.7005391316840469,28.15308540423322,431.71720629711064,True
10.1016/j.cemconres.2022.106935::S95_ref::DoR_SCM::58,0,10.1016/j.cemconres.2022.106935,28.0,slag,selective_dissolution,19.9,35.76097703824267,8.465595639806162,66.81312327251646,18.273740842717658,21.14193657530559,6.5847255893441305,34.971123161049114,432.32339692534555,True
10.1016/j.cemconres.2022.106935::S75_ref::DoR_SCM::59,0,10.1016/j.cemconres.2022.106935,1.0,slag,selective_dissolution,7.6,13.646954782602698,0.0,28.140884519661533,0.9395550846014017,7.639896150172931,0.0,18.47917738588244,362.59455984499306,True
10.1016/j.cemconres.2022.106935::S75_ref::DoR_SCM::60,0,10.1016/j.cemconres.2022.106935,7.0,slag,selective_dissolution,17.3,26.747222137193717,6.437114357814571,46.92885800714658,10.721660263169287,15.331822484594811,2.345004026715856,28.822857242675074,358.1101695653752,True
10.1016/j.cemconres.2022.106935::S75_ref::DoR_SCM::61,0,10.1016/j.cemconres.2022.106935,28.0,slag,selective_dissolution,22.7,39.37722709280028,10.53081507346994,67.91468260999761,18.84004237229419,21.468731426847537,5.659356143134597,36.56594280340748,340.7883129973962,True
10.1016/j.cemconres.2022.106935::S50_ref::DoR_SCM::62,0,10.1016/j.cemconres.2022.106935,1.0,slag,selective_dissolution,4.3,12.900881721220655,0.0,26.928413813213417,3.9543321647977305,9.053268378759178,0.0,20.38951504351423,383.6878421615747,True
10.1016/j.cemconres.2022.106935::S50_ref::DoR_SCM::63,0,10.1016/j.cemconres.2022.106935,7.0,slag,selective_dissolution,20.8,27.02463197506473,7.165367277357158,46.245321466339966,15.602830491170264,18.949834802720186,6.6146139060195335,31.17474717925865,427.02752918898193,True
10.1016/j.cemconres.2022.106935::S50_ref::DoR_SCM::64,0,10.1016/j.cemconres.2022.106935,28.0,slag,selective_dissolution,28.0,40.392759082893356,10.818610443132139,65.83783768172901,27.500685775047454,28.637945608491542,13.994335423384696,42.789099164381156,403.07550169875583,True
10.1016/j.cemconres.2022.106935::S95_3CSH::DoR_SCM::65,0,10.1016/j.cemconres.2022.106935,1.0,slag,selective_dissolution,16.9,12.39720007481328,0.0,26.797571700495787,0.3382695333196368,7.7085642531095555,0.0,18.81872303094117,430.5906728226196,True
10.1016/j.cemconres.2022.106935::S95_3CSH::DoR_SCM::66,0,10.1016/j.cemconres.2022.106935,7.0,slag,selective_dissolution,19.3,26.143831287143968,5.079848286728035,48.67135518975641,10.155358733592754,14.637772379761145,1.928624980984264,28.029241618165482,409.0314350611339,True
10.1016/j.cemconres.2022.106935::S95_3CSH::DoR_SCM::67,0,10.1016/j.cemconres.2022.106935,28.0,slag,selective_dissolution,20.5,34.483138528724275,6.8718501487541666,65.2373146183135,18.273740842717658,20.404633693000658,6.12308985705097,33.72043596100238,454.79980139059717,True
10.1016/j.cemconres.2022.106935::S75_3CSH::DoR_SCM::68,0,10.1016/j.cemconres.2022.106935,1.0,slag,selective_dissolution,12.7,13.189840880955542,0.0,26.63317262033556,0.9395550846014017,7.489054836297242,0.0,18.57514425026537,345.62837261895584,True
10.1016/j.cemconres.2022.106935::S75_3CSH::DoR_SCM::69,0,10.1016/j.cemconres.2022.106935,7.0,slag,selective_dissolution,23.3,25.883539135533375,4.58968170220382,47.12540638998017,10.721660263169287,15.041955692251307,2.0206772826123593,28.612215352591807,380.6462083571868,True
10.1016/j.cemconres.2022.106935::S75_3CSH::DoR_SCM::70,0,10.1016/j.cemconres.2022.106935,28.0,slag,selective_dissolution,24.1,38.1219358646885,10.079190747609072,68.75666848548565,18.84004237229419,21.236363682991097,6.523772488187266,36.228565272039646,365.4798594183466,True
10.1016/j.cemconres.2022.106935::S50_3CSH::DoR_SCM::71,0,10.1016/j.cemconres.2022.106935,1.0,slag,selective_dissolution,10.6,12.934126903637686,0.0,25.534507547963962,3.9543321647977305,9.220740715183158,0.0,19.972343162566794,438.76739864574665,True
10.1016/j.cemconres.2022.106935::S50_3CSH::DoR_SCM::72,0,10.1016/j.cemconres.2022.106935,7.0,slag,selective_dissolution,21.9,26.896595122251874,7.626450864920509,45.48996402478836,15.602830491170264,19.51376926122144,6.210093579347213,32.461012174105115,402.1023532228683,True
10.1016/j.cemconres.2022.106935::S50_3CSH::DoR_SCM::73,0,10.1016/j.cemconres.2022.106935,28.0,slag,selective_dissolution,34.6,39.84232094751063,12.584684363678342,65.33591034215678,27.500685775047454,28.252208150037514,13.786734355087301,42.48342626364581,437.6403615790379,True
10.1016/j.conbuildmat.2017.05.184::CS1_T20::DoR_SCM::0,0,10.1016/j.conbuildmat.2017.05.184,28.0,slag,SEM_BSE,54.85,43.3435551611927,11.771217620919161,72.616226375073,51.27135267702779,49.431689157737516,25.506989914206216,73.57637150398156,573.7199780959887,True
10.1016/j.conbuildmat.2017.05.184::CS1_T38::DoR_SCM::1,0,10.1016/j.conbuildmat.2017.05.184,28.0,slag,SEM_BSE,62.4,56.642068303437696,19.43157216206076,92.10328465015164,59.24036119952125,60.08291448072809,36.34087125904003,83.78514778708721,491.36488156732196,True
10.1016/j.conbuildmat.2017.05.184::CS2_T20::DoR_SCM::2,0,10.1016/j.conbuildmat.2017.05.184,28.0,slag,SEM_BSE,43.76,43.821963091503314,11.354436481909778,74.74281285250257,48.81972276425607,46.5537480507701,24.76177901336956,69.30607428849268,569.0460583681817,True
10.1016/j.conbuildmat.2017.05.184::CS2_T38::DoR_SCM::3,0,10.1016/j.conbuildmat.2017.05.184,28.0,slag,SEM_BSE,48.92,57.37008542168023,18.84764711837816,90.3930638482606,56.81003201978537,58.29853434085261,34.231376899163486,82.11043709070164,474.02909115790993,True
10.1016/j.conbuildmat.2020.121858::FA20::DoR_SCM::0,0,10.1016/j.conbuildmat.2020.121858,28.0,fly_ash,selective_dissolution,19.7,22.37165645217036,3.7636899884081196,43.73614375717989,12.387004650808441,15.276729249241113,2.025643907772312,28.4987354839397,564.475497287666,True
10.1016/j.conbuildmat.2020.121858::FA20::DoR_SCM::1,0,10.1016/j.conbuildmat.2020.121858,91.0,fly_ash,selective_dissolution,34.0,30.576384673551317,5.86600170042814,57.494786769169416,20.409165458264905,20.64764473654355,5.646766573390174,35.590550361160155,608.2098649995202,True
10.1016/j.conbuildmat.2020.121858::FA20::DoR_SCM::2,0,10.1016/j.conbuildmat.2020.121858,182.0,fly_ash,selective_dissolution,39.5,35.81043389252958,8.454117139162642,67.32054054456951,26.142465762606474,24.300406159204975,7.829727518812314,39.662349204561686,614.9235978991921,True
10.1016/j.conbuildmat.2020.121858::FA20::DoR_SCM::3,0,10.1016/j.conbuildmat.2020.121858,364.0,fly_ash,selective_dissolution,44.6,39.56463836782796,9.667205911666377,71.09616355077297,28.002724664349596,26.85430607859628,9.89430712540907,44.87426148017207,587.2362982727501,True
10.1016/j.conbuildmat.2020.121858::FA40::DoR_SCM::4,0,10.1016/j.conbuildmat.2020.121858,28.0,fly_ash,selective_dissolution,15.3,21.19611208425616,1.813275306884267,44.38852431841799,10.87417119077974,13.564915031958346,0.3111962057161005,27.132061954732603,617.4578009094322,True
10.1016/j.conbuildmat.2020.121858::FA40::DoR_SCM::5,0,10.1016/j.conbuildmat.2020.121858,91.0,fly_ash,selective_dissolution,25.6,29.916481778860472,4.783854749249529,59.883724969396745,18.511666609621113,18.77585207347864,4.11704323402476,33.364324136950785,603.4779134417909,True
10.1016/j.conbuildmat.2020.121858::FA40::DoR_SCM::6,0,10.1016/j.conbuildmat.2020.121858,182.0,fly_ash,selective_dissolution,29.5,33.88775099079514,6.89970642228279,65.81725333841264,24.054726911240643,21.38644277692072,5.035253633394673,38.674002362978364,587.3772873655228,True
10.1016/j.conbuildmat.2020.121858::FA40::DoR_SCM::7,0,10.1016/j.conbuildmat.2020.121858,364.0,fly_ash,selective_dissolution,32.0,36.540245091056306,8.89406563138875,70.83462828534951,25.983917673626674,23.585377871461787,7.526153196263681,40.23102197195267,612.506889562815,True
10.1016/j.conbuildmat.2021.122390::F35::DoR_SCM::24,0,10.1016/j.conbuildmat.2021.122390,3.0,fly_ash,other_unknown,3.6,7.990954970962282,0.0,24.962548230836845,3.4906905389327454,8.715529605739743,0.0,25.561496358302918,682.2581580105618,True
10.1016/j.conbuildmat.2021.122390::F35::DoR_SCM::25,0,10.1016/j.conbuildmat.2021.122390,7.0,fly_ash,other_unknown,11.9,10.578533602518307,0.0,29.227026648855535,9.268924498996034,11.012399109044102,0.0,28.015171902534824,700.3981163137195,True
10.1016/j.conbuildmat.2021.122390::F35::DoR_SCM::26,0,10.1016/j.conbuildmat.2021.122390,28.0,fly_ash,other_unknown,23.6,15.83301931970323,0.0,37.443098054539995,17.143855488706482,17.108231899776303,0.0,35.24093783172739,691.9562781285217,True
10.1016/j.conbuildmat.2021.122390::F35::DoR_SCM::27,0,10.1016/j.conbuildmat.2021.122390,56.0,fly_ash,other_unknown,26.6,19.318948510210625,0.0,45.23420896859962,20.258561752919167,21.399153901921654,2.2582584195798425,40.15713842091399,705.6666394581516,True
10.1016/j.conbuildmat.2021.122390::F35::DoR_SCM::28,0,10.1016/j.conbuildmat.2021.122390,91.0,fly_ash,other_unknown,28.2,22.30759118129385,0.0,49.7961256308243,27.892055998225583,24.907538289573175,4.5525296681880905,45.28291371440657,700.6175287891912,True
10.1016/j.conbuildmat.2021.122390::F35::DoR_SCM::29,0,10.1016/j.conbuildmat.2021.122390,418.0,fly_ash,other_unknown,32.2,30.825759799841943,0.0,65.54655705509165,34.60427903277125,32.119754825492755,9.270463841412766,55.42851744609588,706.4558326699087,True
10.1016/j.conbuildmat.2021.122390::F50::DoR_SCM::30,0,10.1016/j.conbuildmat.2021.122390,3.0,fly_ash,other_unknown,4.7,8.410982833730557,0.0,25.90991474686063,4.381825944894873,8.810024944724839,0.0,25.273550626641377,630.9128496402947,True
10.1016/j.conbuildmat.2021.122390::F50::DoR_SCM::31,0,10.1016/j.conbuildmat.2021.122390,7.0,fly_ash,other_unknown,10.7,10.038240685261469,0.0,28.33522023952887,10.052450941301485,10.871707828368175,0.0,28.236583044215934,644.5152460050923,True
10.1016/j.conbuildmat.2021.122390::F50::DoR_SCM::32,0,10.1016/j.conbuildmat.2021.122390,28.0,fly_ash,other_unknown,19.8,15.874079444342348,0.0,37.25987174808352,17.618267789584106,17.01576226417301,0.0,36.234726427402784,647.5529261089719,True
10.1016/j.conbuildmat.2021.122390::F50::DoR_SCM::33,0,10.1016/j.conbuildmat.2021.122390,56.0,fly_ash,other_unknown,22.5,19.075307577651152,0.0,44.964331776111166,20.647767399901934,21.783216600141124,1.1551147855734245,40.680784614102535,650.642994155961,True
10.1016/j.conbuildmat.2021.122390::F50::DoR_SCM::34,0,10.1016/j.conbuildmat.2021.122390,91.0,fly_ash,other_unknown,25.8,21.87877458409533,0.0,51.18171750969443,28.18550472027367,24.519856937067622,4.199369327461313,44.500004000859654,656.0468566446373,True
10.1016/j.conbuildmat.2021.122390::F50::DoR_SCM::35,0,10.1016/j.conbuildmat.2021.122390,418.0,fly_ash,other_unknown,27.9,27.38763651751978,0.0,61.54742340763423,34.74271267761873,32.3171749789232,10.582704085546908,53.879871241182926,655.3579908173803,True
10.1016/j.conbuildmat.2021.122390::F65::DoR_SCM::36,0,10.1016/j.conbuildmat.2021.122390,3.0,fly_ash,other_unknown,3.0,8.186082153760347,0.0,24.619871719558002,2.050544457404049,7.938073649863404,0.0,24.20464996893162,766.5677346510925,True
10.1016/j.conbuildmat.2021.122390::F65::DoR_SCM::37,0,10.1016/j.conbuildmat.2021.122390,7.0,fly_ash,other_unknown,9.6,10.123385213805472,0.0,28.822367217217316,6.979135347788337,9.742047181918322,0.0,27.16212142083954,763.7639154949867,True
10.1016/j.conbuildmat.2021.122390::F65::DoR_SCM::38,0,10.1016/j.conbuildmat.2021.122390,28.0,fly_ash,other_unknown,13.7,14.812786047039747,0.0,37.2822137853181,12.63787263716124,14.536018230367366,0.0,33.4220670522245,771.6340317882774,True
10.1016/j.conbuildmat.2021.122390::F65::DoR_SCM::39,0,10.1016/j.conbuildmat.2021.122390,56.0,fly_ash,other_unknown,17.9,18.862607256037037,0.0,43.787009663998454,15.40004474308908,17.540242709093043,0.0,37.35280171737637,765.1414433045862,True
10.1016/j.conbuildmat.2021.122390::F65::DoR_SCM::40,0,10.1016/j.conbuildmat.2021.122390,91.0,fly_ash,other_unknown,19.5,20.08125917954112,0.0,47.4356084714021,22.728547144325635,20.164444755890067,0.29162548779540354,41.60454059981069,770.8754618063771,True
10.1016/j.conbuildmat.2021.122390::F65::DoR_SCM::41,0,10.1016/j.conbuildmat.2021.122390,418.0,fly_ash,other_unknown,21.2,26.737134786042475,0.0,60.717093268344584,29.954116123750968,25.47678536103638,3.5163893770557357,46.657667330365406,754.5155810581513,True
10.1016/j.conbuildmat.2023.132307::50FA-REF::DoR_SCM::44,0,10.1016/j.conbuildmat.2023.132307,7.0,fly_ash,selective_dissolution,0.7,9.271599209093747,0.0,22.585130018837162,12.268305086000607,11.404787667685245,0.0,22.94137077403699,598.7513147879758,True
10.1016/j.conbuildmat.2023.132307::50FA-0.3%::DoR_SCM::46,0,10.1016/j.conbuildmat.2023.132307,7.0,fly_ash,selective_dissolution,0.4,8.956379644228672,0.0,21.564878621477074,12.268305086000607,11.24038485259822,0.0,23.783216597886206,570.6336423369895,True
10.1016/j.conbuildmat.2023.132307::50SL-REF::DoR_SCM::52,0,10.1016/j.conbuildmat.2023.132307,7.0,slag,selective_dissolution,14.2,20.98342604749065,3.6806303560522524,38.87054243976749,21.064885098835635,19.591143237572858,6.764190057925648,32.62483433974884,559.5302893878317,True
10.1016/j.conbuildmat.2023.132307::50SL-0.3%::DoR_SCM::54,0,10.1016/j.conbuildmat.2023.132307,7.0,slag,selective_dissolution,12.5,20.847314790229234,3.2014924239198788,37.85313979482042,21.064885098835635,19.89446032241689,8.099396712993373,32.967229223518274,534.6859220432367,True
10.1016/j.conbuildmat.2024.138456::CS−0.5::DoR_SCM::15,0,10.1016/j.conbuildmat.2024.138456,1.0,slag,XRD_other,3.2,11.79439246254264,0.0,25.51589204840789,7.16693706736126,10.235392536540651,0.0,22.46025233850214,511.77439515489493,True
10.1016/j.conbuildmat.2024.138456::CS−0.5::DoR_SCM::16,0,10.1016/j.conbuildmat.2024.138456,3.0,slag,XRD_other,10.6,17.92412569274297,0.3954144663582042,35.629843471223005,10.801554931138767,15.46210412686709,1.5144282093290942,28.85453056598749,508.18395832931367,True
10.1016/j.conbuildmat.2024.138456::CS−0.5::DoR_SCM::17,0,10.1016/j.conbuildmat.2024.138456,7.0,slag,XRD_other,16.0,24.718996248196753,4.553081740123523,45.14879359081465,20.852289073751052,20.66020745675823,6.696340504490045,34.207086703223226,502.1032288730261,True
10.1016/j.conbuildmat.2024.138456::CS−0.5::DoR_SCM::18,0,10.1016/j.conbuildmat.2024.138456,28.0,slag,XRD_other,23.4,37.55084273528843,10.822067724165612,65.02430376668109,29.962813117413916,31.65700443676531,16.496534362909514,46.91351036465825,507.8032449025507,True
10.1016/j.conbuildmat.2024.138456::CS−0.5::DoR_SCM::19,0,10.1016/j.conbuildmat.2024.138456,60.0,slag,XRD_other,28.2,41.84699641812337,11.269372778906712,72.98133028545115,35.66559064826623,36.65384758413092,21.08673124272638,53.34522881016667,502.8807247711484,True
10.1016/j.conbuildmat.2024.138456::CS−1.5::DoR_SCM::35,0,10.1016/j.conbuildmat.2024.138456,1.0,slag,XRD_other,2.04,11.646948953842097,0.0,25.66712161180873,8.463443735761242,10.65823205308076,0.0,23.232062258611304,534.3525685228508,True
10.1016/j.conbuildmat.2024.138456::CS−1.5::DoR_SCM::36,0,10.1016/j.conbuildmat.2024.138456,3.0,slag,XRD_other,12.3,17.683919758259847,0.0,35.19259531901459,12.098061599538754,16.563223814828326,2.707227028725149,30.14963639381184,486.85528633236083,True
10.1016/j.conbuildmat.2024.138456::CS−1.5::DoR_SCM::37,0,10.1016/j.conbuildmat.2024.138456,7.0,slag,XRD_other,14.5,24.63293845878187,4.4513761620079375,45.62368218131947,22.578069456398303,21.69738159477215,7.917832671133104,35.58633831741823,501.15118647840416,True
10.1016/j.conbuildmat.2024.138456::CS−1.5::DoR_SCM::38,0,10.1016/j.conbuildmat.2024.138456,28.0,slag,XRD_other,12.9,36.840953916763254,10.12658335080264,65.06595960908753,32.03283196737356,33.14327419796141,17.17840831857105,48.16030821872277,492.0308740977712,True
10.1016/j.conbuildmat.2024.138456::CS−1.5::DoR_SCM::39,0,10.1016/j.conbuildmat.2024.138456,60.0,slag,XRD_other,18.4,42.30093783999616,11.11711245255184,74.2173455895505,37.98003974862331,38.65539234866547,22.66164509590862,54.15967973043858,507.5950978504533,True
10.1016/j.conbuildmat.2024.138456::CS−3.0::DoR_SCM::55,0,10.1016/j.conbuildmat.2024.138456,1.0,slag,XRD_other,1.12,11.990200082643463,0.0,25.926160156935218,8.463443735761242,10.439049376480261,0.0,22.547021224566418,497.1049375235051,True
10.1016/j.conbuildmat.2024.138456::CS−3.0::DoR_SCM::56,0,10.1016/j.conbuildmat.2024.138456,3.0,slag,XRD_other,6.46,18.083075883259898,0.9164199885034311,35.94498913245984,12.098061599538754,16.211772997488584,2.8006284253486413,29.409322691834674,479.6645642823266,True
10.1016/j.conbuildmat.2024.138456::CS−3.0::DoR_SCM::57,0,10.1016/j.conbuildmat.2024.138456,7.0,slag,XRD_other,8.17,24.90138449335337,4.824672521408095,45.28893816215137,22.578069456398303,22.286090955489424,8.007668033356,35.816763470193386,509.8043429569485,True
10.1016/j.conbuildmat.2024.138456::CS−3.0::DoR_SCM::58,0,10.1016/j.conbuildmat.2024.138456,28.0,slag,XRD_other,9.63,36.68539740560779,10.353718623562015,64.2924758927446,32.03283196737356,33.686878226916,19.06947030317758,49.6529166971721,514.4278068058494,True
10.1016/j.conbuildmat.2024.138456::CS−3.0::DoR_SCM::59,0,10.1016/j.conbuildmat.2024.138456,60.0,slag,XRD_other,26.0,42.74255650580467,11.402533336595075,75.1773242686744,37.98003974862331,38.51744556965888,21.778929266356077,54.857926047830865,502.34942870284385,True
10.1016/j.conbuildmat.2024.138456::R10::DoR_SCM::75,0,10.1016/j.conbuildmat.2024.138456,1.0,slag,XRD_other,7.43,11.467869589541136,0.0,25.809860600719855,8.463443735761242,10.755829801147907,0.0,23.918752650590577,508.67369257851914,True
10.1016/j.conbuildmat.2024.138456::R10::DoR_SCM::76,0,10.1016/j.conbuildmat.2024.138456,3.0,slag,XRD_other,16.2,18.623276330526295,1.446698706405413,35.66335720935237,12.098061599538754,16.164309297001115,2.3209700778743536,29.480219264141777,502.09837267455515,True
10.1016/j.conbuildmat.2024.138456::R10::DoR_SCM::77,0,10.1016/j.conbuildmat.2024.138456,7.0,slag,XRD_other,17.1,24.59247034063255,4.934328835021602,44.40511159352053,22.578069456398303,21.83224828199028,8.826121784224641,35.43690227990687,517.704614847714,True
10.1016/j.conbuildmat.2024.138456::R10::DoR_SCM::78,0,10.1016/j.conbuildmat.2024.138456,28.0,slag,XRD_other,23.1,36.194499503818356,9.638785126274202,63.67662236848161,32.03283196737356,33.538919566208996,18.980303634027546,48.48386544476967,519.8077737306537,True
10.1016/j.conbuildmat.2024.138456::R10::DoR_SCM::79,0,10.1016/j.conbuildmat.2024.138456,60.0,slag,XRD_other,24.3,42.945978557755204,12.722193296674464,74.30383514571808,37.98003974862331,38.51794516513666,21.83550671119614,55.243114891060365,513.5225071344008,True
10.1016/j.conbuildmat.2024.138456::R20::DoR_SCM::95,0,10.1016/j.conbuildmat.2024.138456,1.0,slag,XRD_other,5.87,11.742502122980655,0.0,25.414952988721232,10.17158209829898,11.96779543555889,0.0,25.656268510332918,535.2279742211193,True
10.1016/j.conbuildmat.2024.138456::R20::DoR_SCM::96,0,10.1016/j.conbuildmat.2024.138456,3.0,slag,XRD_other,16.0,18.459128677942985,1.6287543299044434,35.78354749807011,14.18394386719133,18.754046375712004,5.6343313825283845,32.18375746770255,515.0938905023681,True
10.1016/j.conbuildmat.2024.138456::R20::DoR_SCM::97,0,10.1016/j.conbuildmat.2024.138456,7.0,slag,XRD_other,20.2,24.80251303934588,5.231993178071604,45.121019138412066,26.043420465669783,26.291761939525767,12.56099021551398,41.092582926401924,518.0889724568578,True
10.1016/j.conbuildmat.2024.138456::R20::DoR_SCM::98,0,10.1016/j.conbuildmat.2024.138456,28.0,slag,XRD_other,26.5,37.589638148642564,10.778780284593745,62.60591381844779,39.540628997964085,39.15417635579511,24.336853414077076,54.13077618945264,525.027105984262,True
10.1016/j.conbuildmat.2024.138456::R20::DoR_SCM::99,0,10.1016/j.conbuildmat.2024.138456,60.0,slag,XRD_other,37.4,43.54925556123269,13.875093303320025,71.73759119096766,45.79294078988651,45.86134899032318,30.260532148037136,61.38997235871436,518.4908195030547,True
10.1016/j.conbuildmat.2024.138456::R30::DoR_SCM::115,0,10.1016/j.conbuildmat.2024.138456,1.0,slag,XRD_other,4.26,11.510750947840325,0.0,25.16842608361982,11.672776059781137,12.273187318454383,0.0,25.230273133744014,559.5697381192422,True
10.1016/j.conbuildmat.2024.138456::R30::DoR_SCM::116,0,10.1016/j.conbuildmat.2024.138456,3.0,slag,XRD_other,15.3,18.1012177682467,1.5780852376611236,34.17522902423572,15.810098438475539,19.001901507574626,5.669415268698867,32.835883023988174,564.3939387529518,True
10.1016/j.conbuildmat.2024.138456::R30::DoR_SCM::117,0,10.1016/j.conbuildmat.2024.138456,7.0,slag,XRD_other,26.2,24.769907317977495,5.376720978544077,42.96840621424061,28.804261729541327,26.946235826055602,12.912575828402,41.37317162489192,524.726403404005,True
10.1016/j.conbuildmat.2024.138456::R30::DoR_SCM::118,0,10.1016/j.conbuildmat.2024.138456,28.0,slag,XRD_other,30.0,38.34003001422564,13.98042962708135,62.77881182181735,43.967449873424286,41.852088484277225,26.068125205873727,57.95874169715613,532.3029105042368,True
10.1016/j.conbuildmat.2024.138456::R30::DoR_SCM::119,0,10.1016/j.conbuildmat.2024.138456,60.0,slag,XRD_other,29.3,45.47964069616784,15.129396076778631,74.47550191425812,50.12565916965962,49.81156302231354,33.12883424313981,66.17918208752884,542.4176543275346,True
10.1016/S0008-8846(00)00213-1::wb0.19_FA25.0::DoR_SCM::51,0,10.1016/S0008-8846(00)00213-1,7.0,fly_ash,other_unknown,5.09,10.819011958837814,0.0,28.953017239327153,14.538469734531047,12.111180012375947,0.0,30.56733401311999,616.3896568486288,True
10.1016/S0008-8846(00)00213-1::wb0.19_FA25.0::DoR_SCM::52,0,10.1016/S0008-8846(00)00213-1,28.0,fly_ash,other_unknown,13.71,16.451443477655424,0.0,39.15227271132296,21.51351881519896,18.571639917152773,0.0,37.31326067555322,619.5630837662538,True
10.1016/S0008-8846(00)00213-1::wb0.19_FA25.0::DoR_SCM::53,0,10.1016/S0008-8846(00)00213-1,90.0,fly_ash,other_unknown,17.54,22.46015892621541,0.0,51.710109574726694,29.63252011565286,26.446065778650187,7.108920767773926,45.82477832756874,638.8493282269282,True
10.1016/S0008-8846(00)00213-1::wb0.19_FA45.0::DoR_SCM::54,0,10.1016/S0008-8846(00)00213-1,7.0,fly_ash,other_unknown,4.85,10.009927133971658,0.0,27.90104865773201,17.689479414957535,13.19765323615891,0.0,31.784851117944925,461.3508807375244,True
10.1016/S0008-8846(00)00213-1::wb0.19_FA45.0::DoR_SCM::55,0,10.1016/S0008-8846(00)00213-1,28.0,fly_ash,other_unknown,10.84,15.275637087550786,0.0,37.62320051201613,24.03747576397169,20.60877939403579,1.944662495046125,39.43358207079318,479.45288019646546,True
10.1016/S0008-8846(00)00213-1::wb0.19_FA45.0::DoR_SCM::56,0,10.1016/S0008-8846(00)00213-1,90.0,fly_ash,other_unknown,14.8,21.70678296484741,0.0,50.22804755573589,31.881580004024194,28.399727246924073,7.828675814869253,48.172725588841274,510.1732923064936,True
10.1016/S0008-8846(00)00213-1::wb0.24_FA25.0::DoR_SCM::57,0,10.1016/S0008-8846(00)00213-1,7.0,fly_ash,other_unknown,5.65,11.065417730923915,0.0,30.477040598361025,14.538469734531047,12.182031620899135,0.0,28.74458745103443,640.9171990787271,True
10.1016/S0008-8846(00)00213-1::wb0.24_FA25.0::DoR_SCM::58,0,10.1016/S0008-8846(00)00213-1,28.0,fly_ash,other_unknown,13.94,18.02819955890888,0.0,41.51120613541173,21.51351881519896,19.703866580121886,1.3620204397007223,37.69779811484224,668.9737311924256,True
10.1016/S0008-8846(00)00213-1::wb0.24_FA25.0::DoR_SCM::59,0,10.1016/S0008-8846(00)00213-1,90.0,fly_ash,other_unknown,22.56,23.908653172145495,0.0,53.09915820506935,29.63252011565286,26.74313902377479,7.320714265000703,47.243034863405214,643.511833368848,True
10.1016/S0008-8846(00)00213-1::wb0.24_FA45.0::DoR_SCM::60,0,10.1016/S0008-8846(00)00213-1,7.0,fly_ash,other_unknown,5.28,11.620718278671845,0.0,30.06982939907072,17.689479414957535,13.694496596087456,0.0,32.13453082536751,519.0423050360849,True
10.1016/S0008-8846(00)00213-1::wb0.24_FA45.0::DoR_SCM::61,0,10.1016/S0008-8846(00)00213-1,28.0,fly_ash,other_unknown,12.81,17.335525775260084,0.0,42.20698157970215,24.03747576397169,22.16040673290469,1.8469452760264253,41.24705199902486,525.5393777413994,True
10.1016/S0008-8846(00)00213-1::wb0.24_FA45.0::DoR_SCM::62,0,10.1016/S0008-8846(00)00213-1,90.0,fly_ash,other_unknown,16.45,22.028822753423814,0.0,51.98065841016838,31.881580004024194,29.042483278829387,8.283588204060365,50.545681465061136,526.166639779337,True
10.1016/S0008-8846(00)00213-1::wb0.3_FA25.0::DoR_SCM::63,0,10.1016/S0008-8846(00)00213-1,7.0,fly_ash,other_unknown,6.67,12.3761900709828,0.0,31.795574710790152,14.024315854689247,12.606372490977863,0.0,29.773152604435378,668.4597567740873,True
10.1016/S0008-8846(00)00213-1::wb0.3_FA25.0::DoR_SCM::64,0,10.1016/S0008-8846(00)00213-1,28.0,fly_ash,other_unknown,14.41,19.427837019136557,0.0,42.69896393101104,20.999364935357153,19.160163764253515,0.15944223605104893,39.752107942819556,651.8916172150825,True
10.1016/S0008-8846(00)00213-1::wb0.3_FA25.0::DoR_SCM::65,0,10.1016/S0008-8846(00)00213-1,90.0,fly_ash,other_unknown,24.58,26.58900700312392,0.0,57.69159961208549,29.118366235811045,26.64404664146494,5.051449335502071,46.57289055635043,659.6475064695528,True
10.1016/S0008-8846(00)00213-1::wb0.3_FA55.0::DoR_SCM::66,0,10.1016/S0008-8846(00)00213-1,7.0,fly_ash,other_unknown,4.98,12.02185484022906,0.0,31.274636366039854,17.524160170181254,14.506120465227774,0.0,31.517874587374987,552.622258957843,True
10.1016/S0008-8846(00)00213-1::wb0.3_FA55.0::DoR_SCM::67,0,10.1016/S0008-8846(00)00213-1,28.0,fly_ash,other_unknown,11.21,18.168318604683826,0.0,44.38054942716027,23.815804850897496,22.517739917409024,3.1962525039576497,41.662749107639165,554.7074469786456,True
10.1016/S0008-8846(00)00213-1::wb0.3_FA55.0::DoR_SCM::68,0,10.1016/S0008-8846(00)00213-1,90.0,fly_ash,other_unknown,17.03,23.916108693469845,0.0,55.08471817535865,31.64387401143035,28.84752539860229,7.778195818751664,50.37382807046811,549.8694753950026,True
10.1016/S0008-8846(00)00213-1::wb0.5_FA25.0::DoR_SCM::69,0,10.1016/S0008-8846(00)00213-1,7.0,fly_ash,other_unknown,6.4,16.742481580135113,0.0,37.59505691086847,16.059932814460122,15.83362674578689,0.0,34.24130088876386,605.7931883434812,True
10.1016/S0008-8846(00)00213-1::wb0.5_FA25.0::DoR_SCM::70,0,10.1016/S0008-8846(00)00213-1,28.0,fly_ash,other_unknown,12.23,27.259502546889095,0.8013045412447427,55.055204884432634,23.781085976533145,24.254954876996955,4.441914195933995,44.657054291040104,595.1516948310971,True
10.1016/S0008-8846(00)00213-1::wb0.5_FA25.0::DoR_SCM::71,0,10.1016/S0008-8846(00)00213-1,90.0,fly_ash,other_unknown,29.52,34.70793474716466,4.426130470897473,68.22403331334347,32.50674501240953,30.855849120964358,10.064065546229967,51.10447696335809,594.6197267061881,True
10.1016/S0008-8846(00)00213-1::wb0.5_FA55.0::DoR_SCM::72,0,10.1016/S0008-8846(00)00213-1,7.0,fly_ash,other_unknown,5.26,16.552808434303586,0.0,38.221967510064346,18.70634982651212,16.975316676484915,0.0,35.304594774733275,589.2234874762454,True
10.1016/S0008-8846(00)00213-1::wb0.5_FA55.0::DoR_SCM::73,0,10.1016/S0008-8846(00)00213-1,28.0,fly_ash,other_unknown,9.82,25.037011033423763,0.0,54.162044143184595,25.488524271303785,25.502872547992652,5.351668391909232,44.9003133394865,544.5222973046381,True
10.1016/S0008-8846(00)00213-1::wb0.5_FA55.0::DoR_SCM::74,0,10.1016/S0008-8846(00)00213-1,90.0,fly_ash,other_unknown,19.41,30.414531712467156,1.2847023100176382,63.95804287316962,33.81348283904541,31.870352349388643,11.644828058824062,52.98039924320467,561.8930231630692,True
10.1016/S0008-8846(99)00271-9::wb0.24-FA25::DoR_SCM::15,0,10.1016/S0008-8846(99)00271-9,7.0,fly_ash,selective_dissolution,5.7,10.696583666613073,0.0,24.613000673296103,8.583558147833454,10.398710020441191,0.0,21.789773986953136,710.5851577797881,True
10.1016/S0008-8846(99)00271-9::wb0.24-FA25::DoR_SCM::16,0,10.1016/S0008-8846(99)00271-9,28.0,fly_ash,selective_dissolution,13.9,17.295710308884047,0.35092781278311586,38.03876769284401,16.687201835548937,16.691010262248348,2.7307895624902465,29.84567183422061,719.0423035313887,True
10.1016/S0008-8846(99)00271-9::wb0.24-FA25::DoR_SCM::17,0,10.1016/S0008-8846(99)00271-9,90.0,fly_ash,selective_dissolution,22.6,24.102767945782375,1.6550865110654998,50.38646928256512,27.32825529048993,23.693060645265064,8.222330345457976,39.4108609872877,729.2882099236325,True
10.1016/S0008-8846(99)00271-9::wb0.24-FA45::DoR_SCM::18,0,10.1016/S0008-8846(99)00271-9,7.0,fly_ash,selective_dissolution,5.3,10.434966063394988,0.0,25.271807763599703,11.324886626426663,11.368500831111206,0.0,23.331790958412025,622.9153424665164,True
10.1016/S0008-8846(99)00271-9::wb0.24-FA45::DoR_SCM::19,0,10.1016/S0008-8846(99)00271-9,28.0,fly_ash,selective_dissolution,12.8,16.169900490459845,0.0,35.453191425390834,18.928379427975173,18.30880870513376,5.274494974428326,31.950177313422003,630.3399196513084,True
10.1016/S0008-8846(99)00271-9::wb0.24-FA45::DoR_SCM::20,0,10.1016/S0008-8846(99)00271-9,90.0,fly_ash,selective_dissolution,16.5,22.274474000976696,0.22602511481668042,48.242545779683546,29.29453582251478,25.727017148927686,9.549400456168703,41.44266612434981,623.3153950848666,True
10.1016/S0008-8846(99)00271-9::wb0.19-FA25::DoR_SCM::21,0,10.1016/S0008-8846(99)00271-9,7.0,fly_ash,selective_dissolution,5.1,9.472704875051729,0.0,22.831288302002967,8.583558147833454,9.727098348372778,0.0,20.52949948363479,695.0207455297927,True
10.1016/S0008-8846(99)00271-9::wb0.19-FA25::DoR_SCM::22,0,10.1016/S0008-8846(99)00271-9,28.0,fly_ash,selective_dissolution,13.7,15.734977713128414,0.0,34.04626105422142,16.687201835548937,16.659902801848748,3.6536581295817308,30.639772561849902,711.2211901205684,True
10.1016/S0008-8846(99)00271-9::wb0.19-FA25::DoR_SCM::23,0,10.1016/S0008-8846(99)00271-9,90.0,fly_ash,selective_dissolution,17.5,21.855083245004195,2.0947983585381156,45.67295070789435,27.32825529048993,23.377462404746552,7.564764627335707,39.01320029735354,736.8473731977642,True
10.1016/S0008-8846(99)00271-9::wb0.19-FA45::DoR_SCM::24,0,10.1016/S0008-8846(99)00271-9,7.0,fly_ash,selective_dissolution,4.9,9.38070160600445,0.0,23.90567444848008,11.324886626426663,11.022533548873955,0.0,22.961443677431138,577.3064803502514,True
10.1016/S0008-8846(99)00271-9::wb0.19-FA45::DoR_SCM::25,0,10.1016/S0008-8846(99)00271-9,28.0,fly_ash,selective_dissolution,10.8,14.684266852432456,0.0,34.934715237817116,18.928379427975173,17.94310409723728,3.9003890906329155,31.256587332804152,591.4486277084503,True
10.1016/S0008-8846(99)00271-9::wb0.19-FA45::DoR_SCM::26,0,10.1016/S0008-8846(99)00271-9,90.0,fly_ash,selective_dissolution,14.8,19.904205360237338,0.0,45.34304988536423,29.29453582251478,24.937463221153752,8.88195047572627,40.328729858122074,596.278641704385,True
10.1016/j.cemconres.2015.02.025::FA40::DoR_SCM::fig::1,0,10.1016/j.cemconres.2015.02.025,1.0,fly_ash,unknown,0.3,5.743105913113453,0.0,17.368306023040205,0.3285577169979497,5.764939753915971,0.0,17.294744178397046,696.3245794690131,True
10.1016/j.cemconres.2015.02.025::FA40::DoR_SCM::fig::2,0,10.1016/j.cemconres.2015.02.025,14.0,fly_ash,unknown,2.2,14.732720448641897,0.0,32.26380335200508,11.892702910580635,14.194236460113403,0.9362091980835006,27.171305178617217,693.3501046683924,True
10.1016/j.cemconres.2015.02.025::FA40::DoR_SCM::fig::3,0,10.1016/j.cemconres.2015.02.025,28.0,fly_ash,unknown,10.9,18.38725316435617,0.0,39.36765063695444,16.203782349242648,17.804217417325624,3.3623261078748454,31.57119708075081,690.5396527605756,True
10.1016/j.cemconres.2015.02.025::FA40::DoR_SCM::fig::4,0,10.1016/j.cemconres.2015.02.025,60.0,fly_ash,unknown,14.0,23.53764279097336,1.750675157622699,48.743211100369884,20.347592859286607,23.132476900096904,8.371112949217443,38.309649821685916,697.76128388596,True
10.1016/j.cemconres.2015.02.025::FA40::DoR_SCM::fig::5,0,10.1016/j.cemconres.2015.02.025,90.0,fly_ash,unknown,14.0,25.616284717735788,2.01739355811348,51.37695897348485,28.718495612474506,25.51154420750666,8.511437930611411,41.92384607053871,685.5619582971779,True
10.1016/j.cemconres.2017.02.030::FA45::DoR_SCM::fig::1,0,10.1016/j.cemconres.2017.02.030,1.0,fly_ash,unknown,1.2,9.834293435601516,0.0,23.509830288954834,8.690718469613248,7.445541455716639,0.0,19.27487125655384,444.6390662211389,True
10.1016/j.cemconres.2017.02.030::FA45::DoR_SCM::fig::2,0,10.1016/j.cemconres.2017.02.030,28.0,fly_ash,unknown,10.5,31.916023239290542,9.175090479204917,57.4669328016841,17.771823758072163,20.169672335802197,5.9282063697804634,34.39705448299717,467.81561622833436,True
10.1016/j.cemconres.2017.02.030::FA45::DoR_SCM::fig::3,0,10.1016/j.cemconres.2017.02.030,90.0,fly_ash,unknown,16.0,40.29461934456253,11.228681032437393,72.53680206180107,23.25650860005147,25.79346341837645,9.666413633043435,42.026672407568036,463.43770901549203,True
10.1016/j.cemconres.2017.02.030::FA45::DoR_SCM::fig::4,0,10.1016/j.cemconres.2017.02.030,300.0,fly_ash,unknown,20.0,43.99718309308287,12.021879037449635,79.10035346416409,30.298847714762683,28.667895623432706,11.936488810103093,46.12316757106315,462.71328334667277,True
10.1016/j.conbuildmat.2012.04.041::CEM_L::DoR_SCM::fig::1,0,10.1016/j.conbuildmat.2012.04.041,2.0,slag,unknown,14.0,17.845038148701647,0.32623584650089593,36.342964922341146,17.037357191104185,18.249204069076537,5.800595872944759,31.668030254925362,464.41947328442484,True
10.1016/j.conbuildmat.2012.04.041::CEM_L::DoR_SCM::fig::2,0,10.1016/j.conbuildmat.2012.04.041,7.0,slag,unknown,18.0,27.518503872942663,5.178027577540512,51.51493578920359,27.93314969662466,27.82296889287164,13.95445075562224,41.999971099415895,490.2569340401918,True
10.1016/j.conbuildmat.2012.04.041::CEM_L::DoR_SCM::fig::3,0,10.1016/j.conbuildmat.2012.04.041,28.0,slag,unknown,22.0,37.41129109384839,10.01080440433926,66.48644544426567,38.152070084561004,38.87108791258111,23.828513430652603,53.988517230027355,461.5824582759643,True
10.1016/j.conbuildmat.2012.04.041::CEM_L::DoR_SCM::fig::4,0,10.1016/j.conbuildmat.2012.04.041,90.0,slag,unknown,28.0,43.29555562223334,11.199163087369598,79.41188237681267,44.24905975110239,44.20538154644224,27.732637842823312,61.18568777639502,480.01697780154564,True
10.1016/j.conbuildmat.2012.04.041::60_CEM_L_40_CEM_I::DoR_SCM::fig::5,0,10.1016/j.conbuildmat.2012.04.041,2.0,slag,unknown,12.0,18.048474116899563,1.5979259681955864,33.76419844598899,17.937204635430728,17.41969823977901,3.830371361019047,30.532380003716348,489.88974789995535,True
10.1016/j.conbuildmat.2012.04.041::60_CEM_L_40_CEM_I::DoR_SCM::fig::6,0,10.1016/j.conbuildmat.2012.04.041,7.0,slag,unknown,33.0,28.577438741506473,7.1643834336991015,48.47899293884476,29.262514249549856,27.54326582779334,14.261376587427192,40.90129849937321,501.9320577628622,True
10.1016/j.conbuildmat.2012.04.041::60_CEM_L_40_CEM_I::DoR_SCM::fig::7,0,10.1016/j.conbuildmat.2012.04.041,28.0,slag,unknown,59.0,42.219031272251975,14.702376055774248,69.30729059423045,40.54486175382118,39.93623047549959,25.04573604899164,55.47636311643036,500.8009277711906,True
10.1016/j.conbuildmat.2012.04.041::60_CEM_L_40_CEM_I::DoR_SCM::fig::8,0,10.1016/j.conbuildmat.2012.04.041,90.0,slag,unknown,64.0,50.13807665390629,16.13555097812326,81.65939342910937,47.2962432765131,48.992586750277866,32.50836263574557,65.79409547500853,491.55008074595327,True
10.1016/j.conbuildmat.2012.04.041::60_CEM_L_40_CTS15::DoR_SCM::fig::9,0,10.1016/j.conbuildmat.2012.04.041,2.0,slag,unknown,11.0,18.386602921576962,1.4483739890099376,33.56996692809613,17.937204635430728,17.009625090832046,3.6095089273271395,29.58425465837637,479.59486777039604,True
10.1016/j.conbuildmat.2012.04.041::60_CEM_L_40_CTS15::DoR_SCM::fig::10,0,10.1016/j.conbuildmat.2012.04.041,7.0,slag,unknown,20.0,29.006663350248104,6.993899313033953,49.50568633187097,29.262514249549856,27.88782332433675,13.472125148894433,41.618443549944324,486.389590466952,True
10.1016/j.conbuildmat.2012.04.041::60_CEM_L_40_CTS15::DoR_SCM::fig::11,0,10.1016/j.conbuildmat.2012.04.041,28.0,slag,unknown,22.0,43.10228549148725,15.666182453046147,70.06651174814898,40.54486175382118,40.803866649485016,24.670624972361285,56.115164702599046,519.689253474956,True
10.1016/j.conbuildmat.2012.04.041::60_CEM_L_40_CTS15::DoR_SCM::fig::12,0,10.1016/j.conbuildmat.2012.04.041,90.0,slag,unknown,25.0,50.88008166315572,17.37612047790585,82.1407459479294,47.2962432765131,49.12872422270046,32.4580623615262,64.78695771635539,505.608289291009,True
10.1016/j.conbuildmat.2012.04.041::30_CEM_L_30_CEM_I_40_CTS15::DoR_SCM::fig::13,0,10.1016/j.conbuildmat.2012.04.041,2.0,slag,unknown,0.0,17.05945680871422,2.1910501489884955,31.73944294110684,22.857524591232348,19.02892967995772,5.559861640782134,31.550777456402837,608.1652002061356,True
10.1016/j.conbuildmat.2012.04.041::30_CEM_L_30_CEM_I_40_CTS15::DoR_SCM::fig::14,0,10.1016/j.conbuildmat.2012.04.041,7.0,slag,unknown,21.0,28.525095463050093,8.383738178331805,46.521602127982135,36.00888086382293,31.28335742708982,18.54373722849448,44.098049633997455,576.7803575340716,True
10.1016/j.conbuildmat.2012.04.041::30_CEM_L_30_CEM_I_40_CTS15::DoR_SCM::fig::15,0,10.1016/j.conbuildmat.2012.04.041,28.0,slag,unknown,22.0,43.720319233436456,17.079618656284044,67.05386218522138,50.674678892697706,47.36432421438366,32.74130321866908,62.108632903333344,607.151828168429,True
10.1016/j.conbuildmat.2012.04.041::30_CEM_L_30_CEM_I_40_CTS15::DoR_SCM::fig::16,0,10.1016/j.conbuildmat.2012.04.041,90.0,slag,unknown,23.0,55.88306470509103,24.203574078889275,82.21579650944452,57.70982533353826,60.0812787342518,44.26394305623092,75.94637508236326,588.9057445023311,True
10.1016/j.conbuildmat.2023.132307::50FA-REF::DoR_SCM::fig::2,0,10.1016/j.conbuildmat.2023.132307,60.0,fly_ash,unknown,6.8,19.380019415946233,0.0,43.422313937293374,23.31691571059168,24.30083193994634,9.154884206365706,39.220001750645324,582.8693069132111,True
10.1016/j.conbuildmat.2023.132307::50FA-0.3%::DoR_SCM::fig::4,0,10.1016/j.conbuildmat.2023.132307,60.0,fly_ash,unknown,2.7,18.71898358720494,0.0,41.0975378542928,23.31691571059168,24.044092386715374,8.302469825944526,39.792490435599085,564.2002160760861,True
10.1016/j.conbuildmat.2023.132307::50SL-REF::DoR_SCM::fig::6,0,10.1016/j.conbuildmat.2023.132307,60.0,slag,unknown,22.6,40.19428449382085,11.435031279835982,67.64061032228096,39.28581370993739,39.35310938392539,23.622914829970444,54.939833091800125,549.2216000720167,True
10.1016/j.conbuildmat.2023.132307::50SL-0.3%::DoR_SCM::fig::8,0,10.1016/j.conbuildmat.2023.132307,60.0,slag,unknown,19.7,40.18612546504582,11.808569882022477,69.43343192073085,39.28581370993739,38.82691830196026,23.550203245429216,54.437550347294454,567.1292307148599,True
10.1016/j.cemconres.2025.108036::CC1_PLAIN::DoR_SCM::hunt5b31df2f,0,10.1016/j.cemconres.2025.108036,1.0,other,mass_balance,41.5,9.821754803892551,0.0,25.043762374600522,2.9588375271702887,8.233788734716741,0.0,22.208322743149346,541.2540807954916,True
10.1016/j.cemconres.2025.108036::CC1_PLAIN::DoR_SCM::hunt8a62b6dd,0,10.1016/j.cemconres.2025.108036,7.0,other,mass_balance,42.5,20.713290771975025,1.3892926605418754,38.79476244716984,11.578733999183704,17.438107930947158,1.9494872139804227,32.34018858904616,516.0598256612171,True
10.1016/j.cemconres.2025.108036::CC1_PLAIN::DoR_SCM::hunt8ff92cf4,0,10.1016/j.cemconres.2025.108036,28.0,other,mass_balance,51.0,32.470592317417214,8.205204376760737,56.82901922058769,24.94535377608676,27.58096361780316,11.144742391953567,43.99512333519891,525.8709114313359,True
10.1016/j.cemconres.2025.108036::CC1_SEEDED::DoR_SCM::hunte3612940,0,10.1016/j.cemconres.2025.108036,1.0,other,mass_balance,29.0,9.947008638507764,0.0,24.44528304920485,2.9588375271702887,8.270085975957103,0.0,21.29805338134664,541.2904552807046,True
10.1016/j.cemconres.2025.108036::CC1_SEEDED::DoR_SCM::hunt51fcad65,0,10.1016/j.cemconres.2025.108036,7.0,other,mass_balance,43.5,20.633799224386113,1.9770103080239034,39.70223341630624,11.578733999183704,17.329044495037174,3.019838223665206,31.856871587312735,557.2298314557664,True
10.1016/j.cemconres.2025.108036::CC1_SEEDED::DoR_SCM::huntb81f2a00,0,10.1016/j.cemconres.2025.108036,28.0,other,mass_balance,53.0,32.21068792248216,7.406561578153788,57.97240553506286,24.94535377608676,27.493321621791814,10.219742770446508,44.737282826153525,541.5314774029546,True
10.1016/j.cemconres.2025.108036::CC2_PLAIN::DoR_SCM::hunt790e2a96,0,10.1016/j.cemconres.2025.108036,1.0,other,mass_balance,31.0,9.833142874033229,0.0,24.050807370132745,2.9588375271702887,8.257047293944694,0.0,21.37187108857258,541.9532533538905,True
10.1016/j.cemconres.2025.108036::CC2_PLAIN::DoR_SCM::hunt56ba0ff3,0,10.1016/j.cemconres.2025.108036,7.0,other,mass_balance,47.0,20.800184195009887,1.7962329893275057,38.74364254931087,11.578733999183704,16.990879288348072,2.4689503420552326,31.273347987254283,550.2663590272591,True
10.1016/j.cemconres.2025.108036::CC2_PLAIN::DoR_SCM::hunt091b6d12,0,10.1016/j.cemconres.2025.108036,28.0,other,mass_balance,46.5,32.83025499078155,8.06653694830707,58.485730029112375,24.94535377608676,27.070202334727384,12.431309959639055,42.80048368247677,528.8840651178812,True
10.1016/j.cemconres.2025.108036::CC2_SEEDED::DoR_SCM::hunt02b379f5,0,10.1016/j.cemconres.2025.108036,1.0,other,mass_balance,32.0,9.46855312043442,0.0,23.76611106140256,2.9588375271702887,8.35620631329464,0.0,21.38288038716396,536.4576474325663,True
10.1016/j.cemconres.2025.108036::CC2_SEEDED::DoR_SCM::hunt6e13a64e,0,10.1016/j.cemconres.2025.108036,7.0,other,mass_balance,43.0,20.07866323963825,0.6862100498000612,39.47033453177404,11.578733999183704,17.069719991338005,2.1190548036401156,32.38239750034071,515.2288253225104,True
10.1016/j.cemconres.2025.108036::CC2_SEEDED::DoR_SCM::hunt8940c47b,0,10.1016/j.cemconres.2025.108036,28.0,other,mass_balance,52.5,31.807957718652617,7.522841109663784,56.79004125478433,24.94535377608676,27.83902934643914,11.19195126512444,44.52024996833464,546.0508673570534,True
10.1016/j.cemconres.2025.108036::CC3_PLAIN::DoR_SCM::hunt0f359126,0,10.1016/j.cemconres.2025.108036,1.0,other,mass_balance,46.5,10.028753560268688,0.0,24.423137927903053,2.9588375271702887,8.721389515065404,0.0,21.564094843064396,527.0644574544293,True
10.1016/j.cemconres.2025.108036::CC3_PLAIN::DoR_SCM::huntb3dcdc7e,0,10.1016/j.cemconres.2025.108036,7.0,other,mass_balance,62.5,20.525610333508332,1.386075058758814,39.20957680464137,11.578733999183704,16.949014776645278,2.2623204379069772,31.828666174644834,516.2187174020394,True
10.1016/j.cemconres.2025.108036::CC3_PLAIN::DoR_SCM::hunt7235f2b6,0,10.1016/j.cemconres.2025.108036,28.0,other,mass_balance,59.5,32.699771809894976,6.843396277605122,58.27188761797328,24.94535377608676,26.91182910232414,10.716212996810611,43.85578777686999,513.1499061173407,True
10.1016/j.cemconres.2025.108036::CC3_SEEDED::DoR_SCM::hunt97879650,0,10.1016/j.cemconres.2025.108036,1.0,other,mass_balance,36.0,9.930189887075322,0.0,23.865088926334867,2.9588375271702887,8.645894556297346,0.0,22.23750319073718,536.8628289093798,True
10.1016/j.cemconres.2025.108036::CC3_SEEDED::DoR_SCM::huntc0155d3c,0,10.1016/j.cemconres.2025.108036,7.0,other,mass_balance,58.0,20.36679028556945,0.5812189911293811,39.73694276735748,11.578733999183704,17.149687817587953,1.8189796805945333,31.803063035783865,528.3269900038825,True
10.1016/j.cemconres.2025.108036::CC3_SEEDED::DoR_SCM::huntb1afea28,0,10.1016/j.cemconres.2025.108036,28.0,other,mass_balance,65.5,33.098866530534636,7.116948759492049,58.148835112105,24.94535377608676,27.51125714824619,11.779464020478333,44.000855332107996,527.1666797431619,True
10.1016/j.cemconres.2025.108036::CC4_PLAIN::DoR_SCM::hunt38355b2b,0,10.1016/j.cemconres.2025.108036,1.0,other,mass_balance,35.5,10.11624808633625,0.0,25.476978416053935,2.9588375271702887,8.321496085723648,0.0,21.720199868278904,511.2390848237721,True
10.1016/j.cemconres.2025.108036::CC4_PLAIN::DoR_SCM::hunt9e38a8ca,0,10.1016/j.cemconres.2025.108036,7.0,other,mass_balance,50.0,20.68644731480039,0.23644393757503449,41.06956245148734,11.578733999183704,17.330207818826015,2.2678075550698074,32.888408848543826,513.9716933865046,True
10.1016/j.cemconres.2025.108036::CC4_PLAIN::DoR_SCM::hunt9a6fe5ea,0,10.1016/j.cemconres.2025.108036,28.0,other,mass_balance,58.0,33.005009577957296,7.790290950608513,57.36812655228397,24.94535377608676,27.56043111956055,11.25770247047077,43.272970603258635,511.38904020672027,True
10.1016/j.cemconres.2025.108036::CC4_SEEDED::DoR_SCM::huntf9f6a047,0,10.1016/j.cemconres.2025.108036,1.0,other,mass_balance,38.5,9.667389870133832,0.0,24.657770350695507,2.9588375271702887,7.971283038058477,0.0,20.949483768549705,530.4181119168368,True
10.1016/j.cemconres.2025.108036::CC4_SEEDED::DoR_SCM::hunt6e3058d8,0,10.1016/j.cemconres.2025.108036,7.0,other,mass_balance,56.0,20.73146684118295,0.9266910227341651,39.70675078838692,11.578733999183704,17.168599511963837,1.801505834001148,31.592398111068686,523.031562973502,True
10.1016/j.cemconres.2025.108036::CC4_SEEDED::DoR_SCM::hunt0f3705b6,0,10.1016/j.cemconres.2025.108036,28.0,other,mass_balance,58.0,32.461390267913245,8.104900748862619,56.874005621795284,24.94535377608676,27.66578864182788,11.601744200010499,43.5464925194562,532.523217621766,True
10.1016/j.cemconres.2019.05.017::B10_0::DoR_SCM::dig49c3b88ab,0,10.1016/j.cemconres.2019.05.017,1.0,other,NMR,35.5,13.890364420082914,0.0,33.344919794592435,24.77905917628996,16.591409945045477,0.0,37.08770019664726,520.653817169129,True
10.1016/j.cemconres.2019.05.017::B10_0::DoR_SCM::dig4d26d8e12,0,10.1016/j.cemconres.2019.05.017,28.0,other,NMR,81.4,42.95724647969497,11.840076060292946,72.57669221775205,53.95242381737621,52.821236470865536,30.42891490377366,76.65892495155218,521.2703716403252,True
10.1016/j.cemconres.2019.05.017::B10_0::DoR_SCM::dig427e0e6f3,0,10.1016/j.cemconres.2019.05.017,200.0,other,NMR,100.0,58.12394458708795,19.0062695642508,92.29882269989878,70.92680202935718,70.51977229252884,47.05923641932577,94.02501327099046,530.1611209786034,True
10.1016/j.cemconres.2019.05.017::B30_1::DoR_SCM::dig4e5eab478,0,10.1016/j.cemconres.2019.05.017,1.0,other,NMR,19.0,13.809446936659581,0.0,34.27306665984571,22.03567198599863,16.40868066818776,0.0,36.19048933084238,494.26692023924784,True
10.1016/j.cemconres.2019.05.017::B30_1::DoR_SCM::dig4c60fb4e4,0,10.1016/j.cemconres.2019.05.017,28.0,other,NMR,61.6,40.96098686609405,9.41816996395998,71.26105618952626,50.74090265856423,50.37201086570387,27.73878383499127,71.60379785668292,487.24432385231614,True
10.1016/j.cemconres.2019.05.017::B30_1::DoR_SCM::dig430c09bb0,0,10.1016/j.cemconres.2019.05.017,200.0,other,NMR,88.3,52.84958684013394,15.005146971369541,91.95500682055558,67.87716965107496,64.81989109638505,41.41921577123007,88.98436409794883,484.57235063688387,True
10.1016/j.cemconres.2019.05.017::B30_3::DoR_SCM::dig4366181bf,0,10.1016/j.cemconres.2019.05.017,1.0,other,NMR,19.8,14.64714605935122,0.0,35.370320942840586,22.03567198599863,16.82739642312939,0.0,37.27896248707612,494.91560694109126,True
10.1016/j.cemconres.2019.05.017::B30_3::DoR_SCM::dig4e4be4929,0,10.1016/j.cemconres.2019.05.017,28.0,other,NMR,65.2,40.851602501021695,10.013467641228411,72.62616070855881,50.74090265856423,51.86580477754674,29.71152319495924,74.21477077444784,498.87975174856547,True
10.1016/j.cemconres.2019.05.017::B30_3::DoR_SCM::dig47289dadd,0,10.1016/j.cemconres.2019.05.017,200.0,other,NMR,90.4,53.34201002081879,16.544287470102265,90.10514177477761,67.87716965107496,64.82337249443628,41.440368921449114,89.52801698715542,494.36509008927453,True
10.1016/j.cemconres.2019.05.017::B50_5::DoR_SCM::dig47ae14bf4,0,10.1016/j.cemconres.2019.05.017,1.0,other,NMR,5.4,15.29185734051863,0.0,37.66741752531738,24.126158721743415,17.716288041358,0.0,39.303997956190514,432.2616904998243,True
10.1016/j.cemconres.2019.05.017::B50_5::DoR_SCM::dig494edb45d,0,10.1016/j.cemconres.2019.05.017,28.0,other,NMR,17.0,39.88808570035378,6.860407897174475,72.1861156510791,52.39743991346426,52.78496306589896,30.252468957282655,74.69447599240294,409.80852898627677,True
10.1016/j.cemconres.2019.05.017::B50_5::DoR_SCM::dig4be91a179,0,10.1016/j.cemconres.2019.05.017,200.0,other,NMR,37.3,49.983992584152304,11.998642658016635,88.76735683577266,68.66461767062643,65.62514204225992,43.74357609656683,87.9215750680274,411.79239852845626,True
10.1016/j.cemconres.2021.106477::mix3::DoR_SCM::dig40093f217,0,10.1016/j.cemconres.2021.106477,1.0,other,XRD_PONKCS,38.5,9.748980814547263,0.0,23.87859939607387,6.390957937781464,9.64209058958554,0.0,23.02857744804852,553.6731214873835,True
10.1016/j.cemconres.2021.106477::mix3::DoR_SCM::dig4879ffc03,0,10.1016/j.cemconres.2021.106477,3.0,other,XRD_PONKCS,49.5,14.697438857004954,0.0,29.97947092433789,8.697141017247487,15.071644701666736,1.0223246966021433,28.794693499024163,591.2563707353593,True
10.1016/j.cemconres.2021.106477::mix3::DoR_SCM::dig423c80bba,0,10.1016/j.cemconres.2021.106477,7.0,other,XRD_PONKCS,59.0,21.013242019297667,2.3046612110477063,39.82827034830782,14.816866491628588,20.988033258787645,6.521305324013018,35.69073995908343,559.113566782059,True
10.1016/j.cemconres.2021.106477::mix3::DoR_SCM::dig421d66629,0,10.1016/j.cemconres.2021.106477,28.0,other,XRD_PONKCS,63.5,32.58584136607064,7.441760384345436,57.01483503325432,32.58442890132592,33.029660686357,18.056849947402124,48.832396784902556,563.447516895847,True
10.1016/j.cemconres.2021.106477::mix3::DoR_SCM::dig438e1c297,0,10.1016/j.cemconres.2021.106477,90.0,other,XRD_PONKCS,64.5,43.598549701230375,14.734916224444834,71.98141400658821,46.46598050926678,43.43620042776722,27.320620688026533,58.99067928338422,555.0189617456313,True
10.1016/j.cemconres.2021.106477::mix3::DoR_SCM::dig44ad1a080,0,10.1016/j.cemconres.2021.106477,180.0,other,XRD_PONKCS,65.5,46.443932682600924,13.123511285193521,79.74087600861156,50.74966344729116,48.124577407894364,30.079868306513497,65.68069096901766,573.6849333132017,True
10.1016/j.cemconres.2021.106477::mix4::DoR_SCM::dig4b8a77b70,0,10.1016/j.cemconres.2021.106477,1.0,other,XRD_PONKCS,26.5,9.934319341709521,0.0,23.126820542930528,10.214353229846438,9.303236277034665,0.0,22.133907221655054,572.8187227551684,True
10.1016/j.cemconres.2021.106477::mix4::DoR_SCM::dig4b8c1deda,0,10.1016/j.cemconres.2021.106477,3.0,other,XRD_PONKCS,36.0,15.212705710852369,0.0,30.910265520777507,12.772124425979678,14.64512097918881,0.4952317814629502,28.787142007271783,590.4402941090779,True
10.1016/j.cemconres.2021.106477::mix4::DoR_SCM::dig402e10902,0,10.1016/j.cemconres.2021.106477,7.0,other,XRD_PONKCS,49.5,20.809595419728655,3.136692276859311,38.00351932840966,20.894040973958663,20.50219717810407,6.354702424723051,34.44987049025544,589.8198901523532,True
10.1016/j.cemconres.2021.106477::mix4::DoR_SCM::dig4a8120aac,0,10.1016/j.cemconres.2021.106477,28.0,other,XRD_PONKCS,60.0,33.016557779607716,9.264702379211878,56.68571056995147,33.27944725715714,33.63043836376226,18.604197114237795,49.63966085258004,639.1679859554678,True
10.1016/j.cemconres.2021.106477::mix4::DoR_SCM::dig49bad382e,0,10.1016/j.cemconres.2021.106477,90.0,other,XRD_PONKCS,62.5,44.05269165650959,14.072966837356162,72.99696085505401,44.94625028390227,44.54491781859904,27.76186954827901,61.63668667455124,598.969179610676,True
10.1016/j.cemconres.2021.106477::mix4::DoR_SCM::dig4ba78dcf0,0,10.1016/j.cemconres.2021.106477,180.0,other,XRD_PONKCS,63.5,48.93397657365053,15.915507798235163,79.39261462852424,49.75708533125857,49.82006635803709,31.993184038196375,67.83945097267778,578.1126520373971,True
10.1016/j.cemconres.2021.106477::mix5::DoR_SCM::dig414cf0eb5,0,10.1016/j.cemconres.2021.106477,1.0,other,XRD_PONKCS,15.0,8.446473694557241,0.0,22.049591270495913,5.065395673936756,8.466168470598738,0.0,20.54384851193716,590.6435851361217,True
10.1016/j.cemconres.2021.106477::mix5::DoR_SCM::dig424588b12,0,10.1016/j.cemconres.2021.106477,3.0,other,XRD_PONKCS,28.5,12.477031159220287,0.0,27.28802314740629,7.206730607171321,13.110858010451404,0.0,26.302500138606387,589.0382209925743,True
10.1016/j.cemconres.2021.106477::mix5::DoR_SCM::dig4697de477,0,10.1016/j.cemconres.2021.106477,7.0,other,XRD_PONKCS,41.0,17.84706467719465,0.8339293802151896,36.30340770003798,13.32645608155244,18.038268053450555,4.043845194432843,32.104680543885415,596.209629397054,True
10.1016/j.cemconres.2021.106477::mix5::DoR_SCM::dig449244c62,0,10.1016/j.cemconres.2021.106477,28.0,other,XRD_PONKCS,50.0,28.010982274723087,4.568705271601532,50.6505459497729,30.78170747008324,29.834443914994385,14.851776004742561,44.80806369978491,578.603644711551,True
10.1016/j.cemconres.2021.106477::mix5::DoR_SCM::dig4ea60a7c8,0,10.1016/j.cemconres.2021.106477,90.0,other,XRD_PONKCS,55.0,38.73035016918038,9.73971771098956,69.35950481398395,43.28850431581889,40.03319838646313,23.56596842514525,56.66866096911195,582.4108466255543,True
10.1016/j.cemconres.2021.106477::mix5::DoR_SCM::dig4dc14df2d,0,10.1016/j.cemconres.2021.106477,180.0,other,XRD_PONKCS,56.0,43.49627993189773,13.537989774352607,73.43800179815926,46.9682302493567,45.60343524253772,27.783409780215727,63.82508564527467,592.1681552401682,True
10.1016/j.cemconres.2021.106477::mix6::DoR_SCM::dig477cbc68e,0,10.1016/j.cemconres.2021.106477,1.0,other,XRD_PONKCS,30.5,13.476532250455788,0.0,27.41331405103912,6.5981905502514255,11.317965201164776,0.0,23.90895989270449,454.273678381501,True
10.1016/j.cemconres.2021.106477::mix6::DoR_SCM::dig4b6e4c425,0,10.1016/j.cemconres.2021.106477,3.0,other,XRD_PONKCS,44.5,20.464295047290655,3.235457000925219,38.48311293997048,8.670317987304644,17.52055463824597,2.885431288824699,31.15775806119357,474.29955067468995,True
10.1016/j.cemconres.2021.106477::mix6::DoR_SCM::dig47c9f4ed3,0,10.1016/j.cemconres.2021.106477,7.0,other,XRD_PONKCS,56.0,28.6864545604424,6.872354635437901,48.59138838225414,15.410851504147935,23.988256814733152,9.346390997675645,38.78176030610082,437.94637714769016,True
10.1016/j.cemconres.2021.106477::mix6::DoR_SCM::dig48ad6ae02,0,10.1016/j.cemconres.2021.106477,28.0,other,XRD_PONKCS,69.5,42.9310968370557,15.876615174981318,66.93988430670504,33.428353991224164,36.070572187433584,20.330266690869898,52.14222507209552,462.5211472402445,True
10.1016/j.cemconres.2021.106477::mix6::DoR_SCM::dig4f246b3c1,0,10.1016/j.cemconres.2021.106477,90.0,other,XRD_PONKCS,72.0,52.682067182854695,19.267161609554535,81.73187446153125,46.743064601265466,44.35440670686203,27.225938325329036,60.518140710629986,451.4936531683598,True
10.1016/j.cemconres.2021.106477::mix6::DoR_SCM::dig437903d25,0,10.1016/j.cemconres.2021.106477,180.0,other,XRD_PONKCS,73.0,56.6866941409636,22.01713500911957,87.88450525677351,50.81680310753852,46.977237056324554,29.562852103124182,64.84517537733552,458.10586761354267,True
10.1016/j.cemconres.2021.106477::mix7::DoR_SCM::dig48ba59cb6,0,10.1016/j.cemconres.2021.106477,1.0,other,other_unknown,28.0,10.500589318201817,0.0,27.300477441094326,11.46111950091351,11.752797332413287,0.0,29.220701246084193,547.3273191851878,True
10.1016/j.cemconres.2021.106477::mix7::DoR_SCM::dig44d9d47e9,0,10.1016/j.cemconres.2021.106477,3.0,other,other_unknown,40.0,15.495875717186815,0.0,35.247061753741725,13.928743473167202,16.875234716957046,0.0,35.839582150044386,551.2117502269747,True
10.1016/j.cemconres.2021.106477::mix7::DoR_SCM::dig4e34a157b,0,10.1016/j.cemconres.2021.106477,7.0,other,other_unknown,68.0,20.871689289890472,0.0,43.13223741578514,20.618486383807678,23.642868517361286,5.423073049413755,42.536679923023605,521.0934489592065,True
10.1016/j.cemconres.2021.106477::mix7::DoR_SCM::dig4ece2e215,0,10.1016/j.cemconres.2021.106477,28.0,other,other_unknown,85.5,33.303123300059745,5.977941403039792,60.878653243907635,39.07267955230242,38.42364010933979,19.285261786255266,56.76804963650709,523.7514253008122,True
10.1016/j.cemconres.2021.106477::mix7::DoR_SCM::dig4737a4e12,0,10.1016/j.cemconres.2021.106477,90.0,other,other_unknown,100.0,43.1544531439431,11.524533920334456,75.3364974136267,53.05103394465081,50.40999427335833,28.558667580514076,71.35480193572722,557.1434226275554,True
10.1016/j.conbuildmat.2015.01.025::F30::DoR_SCM::dig4d1f49088,0,10.1016/j.conbuildmat.2015.01.025,3.0,fly_ash,selective_dissolution,3.4,8.380175237584535,0.0,20.335960693377793,8.607000368659147,9.57915471480717,0.0,21.648707629044537,592.3272951586367,True
10.1016/j.conbuildmat.2015.01.025::F30::DoR_SCM::dig464dc0f91,0,10.1016/j.conbuildmat.2015.01.025,28.0,fly_ash,selective_dissolution,13.9,18.600394269284248,1.2326443911564857,39.00457456916048,24.151385721753133,22.617483072828783,9.049388170424558,35.965024853604746,585.604035085341,True
10.1016/j.conbuildmat.2015.01.025::F30_GA::DoR_SCM::dig463c66d12,0,10.1016/j.conbuildmat.2015.01.025,3.0,fly_ash,selective_dissolution,4.1,7.98192653845562,0.0,20.443237039085155,8.607000368659147,9.447863958094429,0.0,20.63793610907389,589.5597558918691,True
10.1016/j.conbuildmat.2015.01.025::F30_GA::DoR_SCM::dig45cff2879,0,10.1016/j.conbuildmat.2015.01.025,28.0,fly_ash,selective_dissolution,16.5,18.755997327396276,1.6033072351441187,37.96693498451824,24.151385721753133,22.95307688997381,9.620216951831242,36.83775852598805,591.2109084769407,True
10.1016/j.conbuildmat.2015.01.025::F40::DoR_SCM::dig4833a2e8a,0,10.1016/j.conbuildmat.2015.01.025,3.0,fly_ash,selective_dissolution,2.2,8.016047362391017,0.0,20.543537624038755,8.148591706562344,9.900193341484552,0.0,21.141937675755496,581.6116900301414,True
10.1016/j.conbuildmat.2015.01.025::F40::DoR_SCM::dig4c58a31ba,0,10.1016/j.conbuildmat.2015.01.025,28.0,fly_ash,selective_dissolution,9.2,18.70102053207493,0.21679873835996633,38.80226829554257,23.432157394831272,22.127771152334265,8.710827408772161,35.936115886844895,575.3073353110939,True
10.1016/j.conbuildmat.2015.01.025::F40_GA::DoR_SCM::dig4ce8ebfb3,0,10.1016/j.conbuildmat.2015.01.025,3.0,fly_ash,selective_dissolution,2.8,8.178918886767002,0.0,20.803997677248578,8.148591706562344,9.297082659608664,0.0,20.513955873854112,581.2405094788127,True
10.1016/j.conbuildmat.2015.01.025::F40_GA::DoR_SCM::dig433459fff,0,10.1016/j.conbuildmat.2015.01.025,28.0,fly_ash,selective_dissolution,11.4,18.128062447244826,0.1462223083194583,37.7850549982152,23.432157394831272,22.045528676445524,7.858144728637233,35.2420066068435,567.7043751916236,True
10.1016/j.conbuildmat.2025.140108::C1CF0::DoR_SCM::dig47666f523,0,10.1016/j.conbuildmat.2025.140108,3.0,slag,selective_dissolution,10.2,20.643203449947297,3.545634888840567,38.10464438767706,11.425594213282592,17.309053104931298,5.252511807313645,30.096192736283907,479.1077463825877,True
10.1016/j.conbuildmat.2025.140108::C1CF0::DoR_SCM::dig45b340e8d,0,10.1016/j.conbuildmat.2025.140108,28.0,slag,selective_dissolution,21.0,41.078721421550796,12.24143939373817,69.69701228278848,32.03697067449141,33.39218514005868,18.75912755891968,48.14998939211459,453.6243588665782,True
10.1016/j.conbuildmat.2025.140108::C1CF2::DoR_SCM::dig450335063,0,10.1016/j.conbuildmat.2025.140108,3.0,slag,selective_dissolution,15.8,21.12033394011593,3.314325073497136,38.677409284064815,11.425594213282592,17.317172457022686,4.942035104554634,29.1747996690337,474.6770865387191,True
10.1016/j.conbuildmat.2025.140108::C1CF2::DoR_SCM::dig4f31280da,0,10.1016/j.conbuildmat.2025.140108,28.0,slag,selective_dissolution,28.0,40.704752380472186,12.23878831989886,69.69645739292854,32.03697067449141,33.73823619772337,19.37317220056702,48.50462290233571,469.31112996852715,True
10.1016/j.conbuildmat.2025.140108::C3CF0::DoR_SCM::dig4ab380f53,0,10.1016/j.conbuildmat.2025.140108,3.0,slag,selective_dissolution,13.3,21.60230077430865,4.490963290702048,39.73458200284487,11.425594213282592,18.166303677745866,5.42910329254202,30.509803871733826,462.9516005478333,True
10.1016/j.conbuildmat.2025.140108::C3CF0::DoR_SCM::dig4b6dbd902,0,10.1016/j.conbuildmat.2025.140108,28.0,slag,selective_dissolution,18.6,41.11847774494156,13.3497133766422,67.95588571422138,32.03697067449141,34.084396145139316,19.406039759450284,49.15633344105955,466.86347920250574,True
10.1016/j.conbuildmat.2025.140108::C5CF0::DoR_SCM::dig4fa3399c2,0,10.1016/j.conbuildmat.2025.140108,3.0,slag,selective_dissolution,13.8,21.203420317110123,3.9497486304358844,38.515583981150996,11.487300144131245,17.346730476926854,4.789046266373371,29.456448450956188,458.2110923899825,True
10.1016/j.conbuildmat.2025.140108::C5CF0::DoR_SCM::dig437a0426b,0,10.1016/j.conbuildmat.2025.140108,28.0,slag,selective_dissolution,16.4,40.991238064011995,13.391178393378325,68.50181813658234,32.18680005153004,33.552443200389845,18.25667209139936,47.55210622570307,435.84696931275175,True
10.1016/j.cemconcomp.2012.02.004::S_lt4::DoR_SCM::16,1,10.1016/j.cemconcomp.2012.02.004,3.0,slag,other_unknown,51.8,15.934162866368332,0.0,35.44935198948929,14.39976741443664,13.760516430123015,0.0,29.04437617091009,508.8805118310885,True
10.1016/j.cemconcomp.2012.02.004::S_lt4::DoR_SCM::17,1,10.1016/j.cemconcomp.2012.02.004,28.0,slag,other_unknown,96.5,32.31759235284479,5.350838145439034,62.14520519770541,26.050553113925194,27.52713163640763,10.72669828325876,44.16876123494865,517.2492465151803,True
10.1016/j.cemconcomp.2012.02.004::S_4_8::DoR_SCM::19,1,10.1016/j.cemconcomp.2012.02.004,3.0,slag,other_unknown,25.5,15.640387897817988,0.0,35.10193121752282,14.39976741443664,13.693878307601613,0.0,28.636503112451493,512.7094385077618,True
10.1016/j.cemconcomp.2012.02.004::S_4_8::DoR_SCM::20,1,10.1016/j.cemconcomp.2012.02.004,28.0,slag,other_unknown,92.3,31.882935975030232,4.832233629939841,60.437762967813725,26.050553113925194,27.250915588926986,10.82123458633988,43.45361654868907,517.853615434615,True
10.1016/j.cemconcomp.2012.02.004::S_8_24::DoR_SCM::22,1,10.1016/j.cemconcomp.2012.02.004,3.0,slag,other_unknown,9.1,16.085562211047503,0.0,34.97406645036109,14.39976741443664,13.807092922360978,0.0,29.049197251370416,516.118507340342,True
10.1016/j.cemconcomp.2012.02.004::S_8_24::DoR_SCM::23,1,10.1016/j.cemconcomp.2012.02.004,28.0,slag,other_unknown,47.2,31.324197238832124,4.586158060612102,58.94907081486939,26.050553113925194,27.771271239381548,10.114129890037926,44.38638940237896,531.6574104863796,True
10.1016/j.cemconcomp.2012.02.004::S_24_45::DoR_SCM::25,1,10.1016/j.cemconcomp.2012.02.004,3.0,slag,other_unknown,4.8,16.046684521600923,0.0,34.904671580535634,14.39976741443664,13.68150562849621,0.0,28.040212565083902,505.71641985260766,True
10.1016/j.cemconcomp.2012.02.004::S_24_45::DoR_SCM::26,1,10.1016/j.cemconcomp.2012.02.004,28.0,slag,other_unknown,20.3,32.76559379092027,4.917108409943411,63.037821935944756,26.050553113925194,27.864515770051323,11.196755234789261,44.720104596900605,491.2115479664352,True
10.1016/j.cemconcomp.2012.02.004::S_45_80::DoR_SCM::28,1,10.1016/j.cemconcomp.2012.02.004,3.0,slag,other_unknown,0.8,16.004561518251393,0.0,34.728995185252444,14.39976741443664,14.533653507847951,0.0,28.67215670385951,487.72903080486736,True
10.1016/j.cemconcomp.2012.02.004::S_45_80::DoR_SCM::29,1,10.1016/j.cemconcomp.2012.02.004,28.0,slag,other_unknown,5.8,32.26013030821301,3.431341684284398,63.504493750363544,26.050553113925194,28.54966652895778,10.752846860827953,44.97740595624701,506.0664012405707,True
10.1016/j.cemconcomp.2012.02.004::F_lt4::DoR_SCM::31,1,10.1016/j.cemconcomp.2012.02.004,3.0,fly_ash,other_unknown,13.3,8.089703041589734,0.0,23.58452786686327,10.799836053587569,10.147846363532938,0.0,24.960569870100503,482.4437648456779,True
10.1016/j.cemconcomp.2012.02.004::F_lt4::DoR_SCM::32,1,10.1016/j.cemconcomp.2012.02.004,28.0,fly_ash,other_unknown,24.1,15.508646003896231,0.0,39.565688970267395,18.47932298127024,19.364732064475493,4.308754348675757,35.35144860010268,492.5495119150724,True
10.1016/j.cemconcomp.2012.02.004::F_4_8::DoR_SCM::34,1,10.1016/j.cemconcomp.2012.02.004,3.0,fly_ash,other_unknown,5.4,7.89325023456644,0.0,23.28027874805366,10.799836053587569,9.725421537068396,0.0,23.17121270133344,497.23207047212384,True
10.1016/j.cemconcomp.2012.02.004::F_4_8::DoR_SCM::35,1,10.1016/j.cemconcomp.2012.02.004,28.0,fly_ash,other_unknown,17.6,14.439586802840036,0.0,37.39605244312574,18.47932298127024,19.520426210987303,2.973949531063181,36.42883880638856,487.7054697119521,True
10.1016/j.cemconcomp.2012.02.004::F_8_24::DoR_SCM::37,1,10.1016/j.cemconcomp.2012.02.004,3.0,fly_ash,other_unknown,1.0,8.131702126738206,0.0,24.627040189796794,10.799836053587569,9.864506246011194,0.0,23.97875093328596,466.1264640646239,True
10.1016/j.cemconcomp.2012.02.004::F_8_24::DoR_SCM::38,1,10.1016/j.cemconcomp.2012.02.004,28.0,fly_ash,other_unknown,5.3,14.6046523644291,0.0,39.18730598116564,18.47932298127024,19.15067393641591,2.7429650707935576,35.76225768928107,484.3224635899249,True
10.1016/j.cemconcomp.2012.02.004::F_24_45::DoR_SCM::40,1,10.1016/j.cemconcomp.2012.02.004,3.0,fly_ash,other_unknown,0.5,8.070913305926737,0.0,23.57591876673312,10.799836053587569,10.15931028787429,0.0,23.37551457900265,490.7954184171429,True
10.1016/j.cemconcomp.2012.02.004::F_24_45::DoR_SCM::41,1,10.1016/j.cemconcomp.2012.02.004,28.0,fly_ash,other_unknown,3.2,14.568574208909956,0.0,37.84230494561586,18.47932298127024,19.13190712134931,2.082291493699739,35.77207020301679,485.34811461616476,True
10.1016/j.cemconcomp.2012.02.004::F_45_80::DoR_SCM::43,1,10.1016/j.cemconcomp.2012.02.004,3.0,fly_ash,other_unknown,0.2,8.175007813832648,0.0,23.80634976930712,10.799836053587569,10.258608094994397,0.0,23.676140126110855,503.77549487260814,True
10.1016/j.cemconcomp.2012.02.004::F_45_80::DoR_SCM::44,1,10.1016/j.cemconcomp.2012.02.004,28.0,fly_ash,other_unknown,2.1,15.336932631795932,0.0,39.79327281360059,18.47932298127024,19.47727500648558,2.2843201855007624,35.91763697998856,508.62388468037864,True
10.1016/j.cemconcomp.2012.02.004::O_lt4::DoR_SCM::46,1,10.1016/j.cemconcomp.2012.02.004,3.0,other,other_unknown,48.6,12.718974120944281,0.0,34.13557524921932,13.76289351223173,18.47544450728203,2.8533438093054797,34.45551488896565,302.06574766545634,True
10.1016/j.cemconcomp.2012.02.004::O_lt4::DoR_SCM::47,1,10.1016/j.cemconcomp.2012.02.004,28.0,other,other_unknown,95.2,18.353159851944373,0.0,48.135805912047395,26.658900304365307,28.250798966400676,11.698914880690582,46.19945472815154,285.78682625617074,True
10.1016/j.cemconcomp.2012.02.004::O_4_8::DoR_SCM::49,1,10.1016/j.cemconcomp.2012.02.004,3.0,other,other_unknown,24.6,12.77535078596328,0.0,33.28947959530584,13.76289351223173,18.53095576027752,3.174280992934934,33.78431857707105,335.0016036085259,True
10.1016/j.cemconcomp.2012.02.004::O_4_8::DoR_SCM::50,1,10.1016/j.cemconcomp.2012.02.004,28.0,other,other_unknown,54.6,18.003185060114475,0.0,47.0179144517132,26.658900304365307,28.294738125810788,11.418975321794692,45.289727534261594,314.57999835241264,True
10.1016/j.cemconcomp.2012.02.004::O_8_24::DoR_SCM::52,1,10.1016/j.cemconcomp.2012.02.004,3.0,other,other_unknown,3.7,12.920766682339861,0.0,34.463820062222354,13.76289351223173,18.822355374503896,3.5160735852953113,34.47637122833035,308.1175611051759,True
10.1016/j.cemconcomp.2012.02.004::O_8_24::DoR_SCM::53,1,10.1016/j.cemconcomp.2012.02.004,28.0,other,other_unknown,17.7,18.268686001468343,0.0,48.20529919061844,26.658900304365307,27.66827139557538,10.314955504265145,45.71336874151227,307.0847715327641,True
10.1016/j.cemconcomp.2012.02.004::O_24_45::DoR_SCM::55,1,10.1016/j.cemconcomp.2012.02.004,3.0,other,other_unknown,1.3,12.991032242296878,0.0,33.421533448125444,13.76289351223173,18.474386316771767,2.4042631930736404,34.23863069832079,307.3237968101178,True
10.1016/j.cemconcomp.2012.02.004::O_24_45::DoR_SCM::56,1,10.1016/j.cemconcomp.2012.02.004,28.0,other,other_unknown,11.3,18.69761923536338,0.0,49.35923016289166,26.658900304365307,28.784664553004585,11.693068512376424,44.66378400337394,323.1910478214717,True
10.1016/j.cemconcomp.2012.02.004::O_45_80::DoR_SCM::58,1,10.1016/j.cemconcomp.2012.02.004,3.0,other,other_unknown,0.4,12.315069112808835,0.0,33.42114658469545,13.76289351223173,18.068078040379454,2.317872616428008,34.24180987829696,309.77838755076954,True
10.1016/j.cemconcomp.2012.02.004::O_45_80::DoR_SCM::59,1,10.1016/j.cemconcomp.2012.02.004,28.0,other,other_unknown,6.4,18.200275987203863,0.0,48.896181044171605,26.658900304365307,28.196579842258494,11.676749028350846,45.02226692086101,303.9006466664446,True
10.1016/j.conbuildmat.2018.11.055::30S1_20::DoR_SCM::0,1,10.1016/j.conbuildmat.2018.11.055,28.0,slag,SEM_BSE,63.22,36.66733344637166,12.841312786722986,59.68257893401873,43.14443809009275,39.099584875251495,18.92566420368116,58.56875726679065,850.3433076440319,True
10.1016/j.conbuildmat.2018.11.055::30S1_38::DoR_SCM::2,1,10.1016/j.conbuildmat.2018.11.055,28.0,slag,SEM_BSE,67.57,49.637277807521045,21.466630291940497,73.61901587120174,47.414371450563586,48.41414264172891,28.214684776215357,68.13779758122647,592.2733180984503,True
10.1016/j.conbuildmat.2018.11.055::30S2_20::DoR_SCM::4,1,10.1016/j.conbuildmat.2018.11.055,28.0,slag,SEM_BSE,52.09,37.41018736998263,13.234583521769023,58.96166730417501,48.48982044161789,42.28283565220896,22.777308141098057,61.26678136718859,765.4304205974342,True
10.1016/j.conbuildmat.2018.11.055::30S2_38::DoR_SCM::6,1,10.1016/j.conbuildmat.2018.11.055,28.0,slag,SEM_BSE,53.47,50.11877808490224,20.791153137500658,75.03646153378227,51.44034852166876,52.0454001196268,32.506176498066765,71.59072457892096,677.0384438497698,True
10.1016/j.conbuildmat.2018.11.055::70S1_20::DoR_SCM::8,1,10.1016/j.conbuildmat.2018.11.055,28.0,slag,SEM_BSE,62.11,37.974645884280626,8.877622776279543,63.21444429577053,23.26361139523557,26.112204797480434,6.013174401929843,46.10980539879774,360.2769806858353,True
10.1016/j.conbuildmat.2018.11.055::70S1_38::DoR_SCM::10,1,10.1016/j.conbuildmat.2018.11.055,28.0,slag,SEM_BSE,63.32,46.36648503307539,13.568790170372875,78.05265345820771,28.05524299288013,31.900541274130997,11.565658339017634,51.89605463117547,334.3883843188081,True
10.1016/j.conbuildmat.2018.11.055::70S2_20::DoR_SCM::12,1,10.1016/j.conbuildmat.2018.11.055,28.0,slag,SEM_BSE,49.35,37.28170403284927,11.058188896585504,62.81099019339482,28.173946153031423,30.205590908235287,11.113412112089371,49.50502439982214,471.2744093947603,True
10.1016/j.conbuildmat.2018.11.055::70S2_38::DoR_SCM::14,1,10.1016/j.conbuildmat.2018.11.055,28.0,slag,SEM_BSE,51.67,47.139090927744434,13.629712601837513,77.57753397711686,31.76799797798313,36.22765546786417,16.03092215369142,55.86005046705652,393.7076434868787,True
10.1016/j.conbuildmat.2023.131082::CW-1::DoR_SCM::30,1,10.1016/j.conbuildmat.2023.131082,1.0,fly_ash,selective_dissolution,2.9,6.528611442594087,0.0,17.307249387876396,10.889538505922138,8.292303503618111,0.0,18.826365034138174,514.2128485983046,True
10.1016/j.conbuildmat.2023.131082::CW-1::DoR_SCM::31,1,10.1016/j.conbuildmat.2023.131082,3.0,fly_ash,selective_dissolution,6.6,9.934472306644672,0.0,22.689020002370466,14.37211791341125,13.13732505187312,1.473888781379326,24.789284047211257,487.6988759251371,True
10.1016/j.conbuildmat.2023.131082::CW-1::DoR_SCM::32,1,10.1016/j.conbuildmat.2023.131082,7.0,fly_ash,selective_dissolution,9.8,14.126598868953115,0.0,28.615254457827596,20.852999981955552,18.855911162952008,6.8859477658061765,31.048899100487954,481.71898524962353,True
10.1016/j.conbuildmat.2023.131082::CW-1::DoR_SCM::33,1,10.1016/j.conbuildmat.2023.131082,28.0,fly_ash,selective_dissolution,15.5,23.852037963352966,3.7943247463982854,43.97729711343772,32.49709042302562,31.589598147096087,18.347863666552485,45.509477222779864,513.0189730184826,True
10.1016/j.conbuildmat.2023.131082::CW-1::DoR_SCM::34,1,10.1016/j.conbuildmat.2023.131082,56.0,fly_ash,selective_dissolution,19.9,29.37628415963889,5.741049108269907,53.36151872367267,37.73932279703295,40.27343145979077,25.392384502875654,55.23388982870162,493.52605956766683,True
10.1016/j.conbuildmat.2023.131082::CW-2::DoR_SCM::35,1,10.1016/j.conbuildmat.2023.131082,1.0,fly_ash,selective_dissolution,2.7,6.911958653242333,0.0,18.132904207916983,10.470782429859206,8.778672255105848,0.0,19.42872670199906,470.10877294184985,True
10.1016/j.conbuildmat.2023.131082::CW-2::DoR_SCM::36,1,10.1016/j.conbuildmat.2023.131082,3.0,fly_ash,selective_dissolution,6.7,10.159867488496001,0.0,22.63290448933123,13.953361837348318,13.376041344780983,1.2652141217534283,24.666267123403497,452.07846003526674,True
10.1016/j.conbuildmat.2023.131082::CW-2::DoR_SCM::37,1,10.1016/j.conbuildmat.2023.131082,7.0,fly_ash,selective_dissolution,9.7,14.120805366448922,0.0,29.739311543348485,20.434243905892615,18.877016093954705,7.44897332122636,31.016569508388223,446.11046878872025,True
10.1016/j.conbuildmat.2023.131082::CW-2::DoR_SCM::38,1,10.1016/j.conbuildmat.2023.131082,28.0,fly_ash,selective_dissolution,14.9,22.59299630586164,1.4961596553995689,43.80959533965098,32.078334346962684,32.070146942855146,18.838277945716317,45.44292528202655,439.10739535029893,True
10.1016/j.conbuildmat.2023.131082::CW-2::DoR_SCM::39,1,10.1016/j.conbuildmat.2023.131082,56.0,fly_ash,selective_dissolution,19.1,28.23434878840641,4.712813267752292,54.184408255881884,37.32056672097001,39.31375138535848,25.0192127489523,53.806604380056,445.6117204607175,True
10.1016/j.conbuildmat.2023.131082::CW-3::DoR_SCM::40,1,10.1016/j.conbuildmat.2023.131082,1.0,fly_ash,selective_dissolution,2.1,6.65424503606523,0.0,18.1633273418332,10.086757272434596,8.228288720725763,0.0,18.73632479766193,408.4929776419246,True
10.1016/j.conbuildmat.2023.131082::CW-3::DoR_SCM::41,1,10.1016/j.conbuildmat.2023.131082,3.0,fly_ash,selective_dissolution,4.8,9.732436487260207,0.0,23.062059400304314,13.525770396492586,13.34908339096393,1.6160424322413531,24.811905753795884,416.74194711145344,True
10.1016/j.conbuildmat.2023.131082::CW-3::DoR_SCM::42,1,10.1016/j.conbuildmat.2023.131082,7.0,fly_ash,selective_dissolution,8.6,13.589306573157534,0.0,29.800685098048447,19.86994071890412,18.712934392890244,7.075503581591276,30.975350329900085,407.92412771323075,True
10.1016/j.conbuildmat.2023.131082::CW-3::DoR_SCM::43,1,10.1016/j.conbuildmat.2023.131082,28.0,fly_ash,selective_dissolution,13.4,21.748576375401463,2.00708706776097,44.54994959326124,30.938445602371146,31.002696371430314,17.141051764483635,44.38214318253047,422.93130767065963,True
10.1016/j.conbuildmat.2023.131082::CW-3::DoR_SCM::44,1,10.1016/j.conbuildmat.2023.131082,56.0,fly_ash,selective_dissolution,18.4,27.109887130244896,4.521060847548626,52.52413387043821,36.14395922512083,36.766493091463346,23.045651294986172,51.46685885696687,435.99816472014345,True
10.1016/j.conbuildmat.2023.131082::CW-4::DoR_SCM::45,1,10.1016/j.conbuildmat.2023.131082,1.0,fly_ash,selective_dissolution,1.7,6.567448974431674,0.0,18.52655492429694,9.050555888333166,8.442629087929385,0.0,19.37940703890099,413.2044950772984,True
10.1016/j.conbuildmat.2023.131082::CW-4::DoR_SCM::46,1,10.1016/j.conbuildmat.2023.131082,3.0,fly_ash,selective_dissolution,4.4,9.573303459801188,0.0,22.959702524427122,12.48956901239116,12.971737665067737,2.415701403315721,24.740672818052417,416.5997027241251,True
10.1016/j.conbuildmat.2023.131082::CW-4::DoR_SCM::47,1,10.1016/j.conbuildmat.2023.131082,7.0,fly_ash,selective_dissolution,7.8,12.992698270393253,0.0,29.74587378663039,18.83373933480269,18.639099263131307,6.420290273532531,30.590599466791154,399.0590092720866,True
10.1016/j.conbuildmat.2023.131082::CW-4::DoR_SCM::48,1,10.1016/j.conbuildmat.2023.131082,28.0,fly_ash,selective_dissolution,12.9,21.084044408407852,1.5374988679742436,45.2394534215254,29.48557047690833,30.590051156425574,16.735274402562062,44.70417619498741,379.9909539007658,True
10.1016/j.conbuildmat.2023.131082::CW-4::DoR_SCM::49,1,10.1016/j.conbuildmat.2023.131082,56.0,fly_ash,selective_dissolution,16.7,25.4751427571964,3.0673109296964296,52.29656196049082,34.69108409965799,36.302835780547184,21.94499180890159,51.339835717958536,406.8701739616441,True
10.1016/j.conbuildmat.2023.131082::CW-5::DoR_SCM::50,1,10.1016/j.conbuildmat.2023.131082,1.0,fly_ash,selective_dissolution,1.3,6.432697442240404,0.0,18.345174698217406,6.864256447732184,7.701608019252895,0.0,18.520496949880986,443.98279671126426,True
10.1016/j.conbuildmat.2023.131082::CW-5::DoR_SCM::51,1,10.1016/j.conbuildmat.2023.131082,3.0,fly_ash,selective_dissolution,3.5,9.432632135174781,0.0,23.21402996333606,10.24501327385271,12.057340634085962,0.784094000138013,23.21087168180398,454.3304877728063,True
10.1016/j.conbuildmat.2023.131082::CW-5::DoR_SCM::52,1,10.1016/j.conbuildmat.2023.131082,7.0,fly_ash,selective_dissolution,5.9,12.461322558040855,0.0,29.53010512132362,16.589183596264235,16.642787637695182,4.694584898526448,28.933448700954962,436.79291959726385,True
10.1016/j.conbuildmat.2023.131082::CW-5::DoR_SCM::53,1,10.1016/j.conbuildmat.2023.131082,28.0,fly_ash,selective_dissolution,10.2,20.1659165206196,0.48243387066158394,44.54035556577302,26.690610939045126,26.475090918358763,13.568908519138352,39.577021625855686,433.9810164023165,True
10.1016/j.conbuildmat.2023.131082::CW-5::DoR_SCM::54,1,10.1016/j.conbuildmat.2023.131082,56.0,fly_ash,selective_dissolution,12.2,24.008128938426374,0.3875732997847617,51.355841144984204,30.2095188698139,31.777868185406867,17.150803027520418,47.167813178295695,446.15966215160364,True
10.1016/j.conbuildmat.2023.132543::Blended paste with 2% PAS::DoR_SCM::1,1,10.1016/j.conbuildmat.2023.132543,180.0,slag,NMR,70.0,50.7038294718834,12.813363727302185,87.56889784379901,45.99074102561994,48.60520768050805,22.858847647589403,73.72564889648746,522.1859360750777,True
10.1016/j.cscm.2026.e06015::mix_SNC::DoR_SCM::1,1,10.1016/j.cscm.2026.e06015,56.0,slag,selective_dissolution,44.8,41.213681084197106,12.712057954491867,71.11736656484621,28.451354610638543,31.974864046812872,17.37609051198193,47.25308410411013,494.6200131583981,True
10.1016/j.cscm.2026.e06015::mix_S0C8::DoR_SCM::2,1,10.1016/j.cscm.2026.e06015,56.0,slag,selective_dissolution,27.2,41.60391981201151,11.393064217888448,71.92650632942845,28.451354610638543,31.691722886571103,17.112767591172165,45.889322848276265,463.14171518022476,True
10.1016/j.cscm.2026.e06015::mix_S6C8::DoR_SCM::3,1,10.1016/j.cscm.2026.e06015,56.0,slag,selective_dissolution,22.8,41.332411979181934,11.36056179414158,70.85379711335847,28.451354610638543,32.689929963870775,18.010046828127244,47.079067186854836,469.8827861264902,True
10.1016/j.cscm.2026.e06015::mix_S18C8::DoR_SCM::4,1,10.1016/j.cscm.2026.e06015,56.0,slag,selective_dissolution,10.8,40.38344372408405,10.86179002523702,70.602352372673,28.451354610638543,32.03147112248878,17.63077978146559,47.004389955463616,476.45716134535814,True
10.1016/j.jclepro.2022.133320::10CGFA::DoR_SCM::0,1,10.1016/j.jclepro.2022.133320,56.0,fly_ash,selective_dissolution,19.4,31.67269878188951,7.1793663282460685,58.07124786092917,37.944804201569646,40.68125027077876,26.011182972372836,55.591821524440704,503.82884496656555,True
10.1016/j.jclepro.2022.133320::20CGFA::DoR_SCM::1,1,10.1016/j.jclepro.2022.133320,56.0,fly_ash,selective_dissolution,18.5,30.895267409407115,5.7417594958232625,57.9796371390164,37.526048125506705,40.49240023453142,26.133690524215485,55.207632818434114,463.6384842174587,True
10.1016/j.jclepro.2022.133320::30CGFA::DoR_SCM::2,1,10.1016/j.jclepro.2022.133320,56.0,fly_ash,selective_dissolution,17.7,29.057629139326508,5.133265305918751,56.36288349706891,36.406470765994065,39.4138264696659,24.546381439337583,53.38055826483338,437.5171549222989,True
10.1016/j.jclepro.2022.133320::40CGFA::DoR_SCM::3,1,10.1016/j.jclepro.2022.133320,56.0,fly_ash,selective_dissolution,16.1,26.950978489260077,4.546611607349039,56.256285107520604,35.057265079465516,37.7863638792393,22.96779855465929,52.32167911155484,398.6076051020698,True
10.1016/j.jclepro.2022.133320::50CGFA::DoR_SCM::4,1,10.1016/j.jclepro.2022.133320,56.0,fly_ash,selective_dissolution,11.4,24.90008782768114,1.5486027786358605,54.05462151102884,30.5756998496214,32.62238395873099,17.854414168236687,47.340260171696066,439.8571596438943,True
10.1016/j.jclepro.2022.133320::75CH25CGFA::DoR_SCM::5,1,10.1016/j.jclepro.2022.133320,56.0,fly_ash,selective_dissolution,23.9,33.7840371986418,9.760041844037723,54.86626063323852,36.729135077496416,39.88611033219007,26.344006602841915,54.02960559479296,651.4210450100475,True
10.1016/j.jclepro.2022.133320::75CH25CGFA(3M)::DoR_SCM::6,1,10.1016/j.jclepro.2022.133320,1.0,fly_ash,selective_dissolution,8.0,6.946241893085789,0.0,17.569778437249383,10.511735956237594,8.004150474014985,0.0,18.77378935207794,658.0010397558519,True
10.1016/j.jclepro.2022.133320::75CH25CGFA(3M)::DoR_SCM::7,1,10.1016/j.jclepro.2022.133320,56.0,fly_ash,selective_dissolution,32.9,33.2542982785568,10.595679119019076,53.292274063453235,36.729135077496416,38.72969277449165,24.086572812766146,52.84292607432645,672.2452365130517,True
10.1016/j.jclepro.2022.133320::60CH40CGFA(3M)::DoR_SCM::8,1,10.1016/j.jclepro.2022.133320,1.0,fly_ash,selective_dissolution,8.1,7.124893734755848,0.0,18.21063742810949,9.825001448016298,7.843026198789045,0.0,18.084483487478412,586.8134632965188,True
10.1016/j.jclepro.2022.133320::60CH40CGFA(3M)::DoR_SCM::9,1,10.1016/j.jclepro.2022.133320,56.0,fly_ash,selective_dissolution,29.6,32.38906856077965,7.989863413712335,56.21189550219619,34.91273167926465,37.25674229355711,22.87684829218274,51.43792275617885,590.8603584292833,True
10.1016/j.jclepro.2022.133320::50CH50CGFA(3M)::DoR_SCM::10,1,10.1016/j.jclepro.2022.133320,1.0,fly_ash,selective_dissolution,7.3,7.250825662839022,0.0,18.175476918440534,7.769699872542023,7.493392167254263,0.0,18.14943864602521,580.89951275288,True
10.1016/j.jclepro.2022.133320::50CH50CGFA(3M)::DoR_SCM::11,1,10.1016/j.jclepro.2022.133320,56.0,fly_ash,selective_dissolution,27.8,31.478929034658346,8.137405157548827,56.237261107777506,30.63402632845257,32.9058621255526,18.59818565025988,46.60163200416787,599.3709969883744,True
10.1016/j.jclepro.2022.133320::40CH60CGFA(3M)::DoR_SCM::12,1,10.1016/j.jclepro.2022.133320,1.0,fly_ash,selective_dissolution,7.8,7.1741674265430655,0.0,18.611461659162277,7.340072646870211,6.79921596959371,0.0,16.93388222939379,583.7367270424053,True
10.1016/j.jclepro.2022.133320::40CH60CGFA(3M)::DoR_SCM::13,1,10.1016/j.jclepro.2022.133320,56.0,fly_ash,selective_dissolution,26.9,29.427962876586523,5.67605443458434,56.967598302048344,27.789368565294286,29.74386249402726,14.488516910450635,44.404343959062444,573.5061331208925,True
10.1016/j.jclepro.2022.133320::25CH75CGFA(3M)::DoR_SCM::14,1,10.1016/j.jclepro.2022.133320,1.0,fly_ash,selective_dissolution,6.9,6.94842117028403,0.0,18.117512996229774,6.4011852061908945,6.398498641893047,0.0,16.527352472899075,613.1059711776842,True
10.1016/j.jclepro.2022.133320::25CH75CGFA(3M)::DoR_SCM::15,1,10.1016/j.jclepro.2022.133320,56.0,fly_ash,selective_dissolution,23.4,27.74209874267627,4.138618088968808,56.69568132382068,21.72309986733436,24.714738985009845,10.105562924029282,39.06267023540127,587.3105395643876,True
10.1016/j.jclepro.2022.133320::60CH40CGFA::DoR_SCM::16,1,10.1016/j.jclepro.2022.133320,1.0,fly_ash,selective_dissolution,3.8,7.214978402483023,0.0,18.759844700003203,9.825001448016298,8.2195621843557,0.0,18.5501361937112,602.3745352744319,True
10.1016/j.jclepro.2022.133320::50CH50CGFA::DoR_SCM::17,1,10.1016/j.jclepro.2022.133320,1.0,fly_ash,selective_dissolution,3.5,7.3667046038935435,0.0,18.17553621801515,7.769699872542023,7.163520479430518,0.0,17.62703138334125,606.9471478016928,True
10.1016/j.jclepro.2022.133320::40CH60CGFA::DoR_SCM::18,1,10.1016/j.jclepro.2022.133320,1.0,fly_ash,selective_dissolution,3.1,7.032906112484901,0.0,18.52689213440128,7.340072646870211,7.008308693455792,0.0,17.97040610034844,604.0884627084696,True
10.1016/j.jclepro.2022.133320::25CH75CGFA::DoR_SCM::19,1,10.1016/j.jclepro.2022.133320,1.0,fly_ash,selective_dissolution,2.4,7.228848294197108,0.0,19.672268813833934,6.4011852061908945,6.273151451766838,0.0,16.477058966311,586.6480949583691,True
10.1016/j.jobe.2025.113196::W-30G::DoR_SCM::2,1,10.1016/j.jobe.2025.113196,3.0,slag,SEM_BSE,76.52,16.907762863289506,0.0,35.809986631291345,22.30649452243882,18.695035870494163,0.7957669803134039,37.211785460519806,649.7845645798228,True
10.1016/j.jobe.2025.113196::W-60G::DoR_SCM::4,1,10.1016/j.jobe.2025.113196,3.0,slag,SEM_BSE,73.67,17.12046312839899,0.0,36.958958950747636,15.866161298482666,15.168091027008595,0.0,32.86728008120293,507.5641952910351,True
10.1016/j.jobe.2025.113196::W-30G-0.5T::DoR_SCM::7,1,10.1016/j.jobe.2025.113196,3.0,slag,SEM_BSE,50.88,16.269425408874948,0.0,36.48649298965236,22.30649452243882,18.962620638625086,1.4057388619488929,36.82253987255969,623.9513133936277,True
10.1016/j.jobe.2025.113196::W-30G-1T::DoR_SCM::9,1,10.1016/j.jobe.2025.113196,3.0,slag,SEM_BSE,30.79,17.00618559372498,0.0,36.43885781502608,22.30649452243882,18.751345720981522,0.0,36.02204908445409,613.7773256282945,True
10.1016/j.ultsonch.2011.05.005::Sample 1::DoR_SCM::0,1,10.1016/j.ultsonch.2011.05.005,9.0,other,mass_balance,11.35,24.62513786119296,0.0,52.668263846616455,17.79663294746473,22.086624069688174,4.703078317033061,39.88458154309662,505.18258358283043,True
10.1016/j.ultsonch.2011.05.005::Sample 2::DoR_SCM::1,1,10.1016/j.ultsonch.2011.05.005,9.0,other,mass_balance,13.66,25.369253000598803,0.08652691764618531,54.48466587425453,17.79663294746473,22.064700710932673,4.14198116883512,39.964475423683105,501.41653490711485,True
10.1016/j.ultsonch.2011.05.005::Sample 3::DoR_SCM::2,1,10.1016/j.ultsonch.2011.05.005,9.0,other,mass_balance,18.46,24.130017140200096,0.0,53.58550683801413,17.79663294746473,21.995792995115963,3.457065713122566,40.13944397248948,494.7122985348898,True
10.1016/j.ultsonch.2011.05.005::Sample 4::DoR_SCM::3,1,10.1016/j.ultsonch.2011.05.005,9.0,other,mass_balance,15.81,25.08926539221342,0.9114723622801776,52.4563270146348,17.79663294746473,22.602104814626447,4.9888047569197145,39.86370178710328,500.08112258010743,True
10.1016/j.ultsonch.2011.05.005::Sample 5::DoR_SCM::4,1,10.1016/j.ultsonch.2011.05.005,9.0,other,mass_balance,26.83,25.127348884384972,0.0,52.97830004534601,17.79663294746473,22.21583660987924,3.5409378644008274,41.20142344058306,486.3759342059541,True
10.1016/S0008-8846(01)00581-6::5% MK::DoR_SCM::0,1,10.1016/S0008-8846(01)00581-6,3.0,fly_ash,other_unknown,20.56,10.266174084160111,0.0,25.71941552723117,4.230666468180047,7.130236895700771,0.0,20.42128998026946,607.6310891681942,True
10.1016/S0008-8846(01)00581-6::5% MK::DoR_SCM::1,1,10.1016/S0008-8846(01)00581-6,7.0,fly_ash,other_unknown,29.52,13.56656627870645,0.0,31.36135649661905,7.097487982135733,9.360233305318474,0.0,22.535681487104167,624.4002020780323,True
10.1016/S0008-8846(01)00581-6::5% MK::DoR_SCM::2,1,10.1016/S0008-8846(01)00581-6,28.0,fly_ash,other_unknown,39.44,21.05257399280801,0.0,45.11520937784242,10.269135085809772,13.342092197856788,0.0,28.671695345380048,625.3476205687977,True
10.1016/S0008-8846(01)00581-6::5% MK::DoR_SCM::3,1,10.1016/S0008-8846(01)00581-6,90.0,fly_ash,other_unknown,56.28,27.80751353738001,2.1400584651879537,58.32044722066236,16.718756691582957,17.849303150318338,0.13937754910270422,35.249413743732376,636.3597352452202,True
10.1016/S0008-8846(01)00581-6::10% MK::DoR_SCM::4,1,10.1016/S0008-8846(01)00581-6,3.0,fly_ash,other_unknown,15.34,9.926307326165004,0.0,26.597462859353037,4.230666468180047,6.982434894934854,0.0,20.317274544563134,640.6165382040278,True
10.1016/S0008-8846(01)00581-6::10% MK::DoR_SCM::5,1,10.1016/S0008-8846(01)00581-6,7.0,fly_ash,other_unknown,26.98,13.502882894333084,0.0,32.14441877440493,7.097487982135733,8.968851224390981,0.0,22.88022685504559,602.9187067424964,True
10.1016/S0008-8846(01)00581-6::10% MK::DoR_SCM::6,1,10.1016/S0008-8846(01)00581-6,28.0,fly_ash,other_unknown,36.28,20.88482777431805,0.0,46.12467593104978,10.269135085809772,13.779178797717675,0.0,28.970934266940894,635.9047981526822,True
10.1016/S0008-8846(01)00581-6::10% MK::DoR_SCM::7,1,10.1016/S0008-8846(01)00581-6,90.0,fly_ash,other_unknown,50.96,28.251437184869587,1.6668971851610006,59.458510635731024,16.718756691582957,17.842555247478177,0.8389794589527988,35.44744866002607,614.663260048218,True
10.1016/S0008-8846(01)00581-6::20% MK::DoR_SCM::8,1,10.1016/S0008-8846(01)00581-6,3.0,fly_ash,other_unknown,9.38,10.125618233069053,0.0,25.079558979523814,4.230666468180047,7.290069465545614,0.0,20.468806568130702,586.5428113854731,True
10.1016/S0008-8846(01)00581-6::20% MK::DoR_SCM::9,1,10.1016/S0008-8846(01)00581-6,7.0,fly_ash,other_unknown,18.64,13.398663533900256,0.0,30.54292081545378,7.097487982135733,9.127756567839185,0.0,22.642483340452777,632.972520287599,True
10.1016/S0008-8846(01)00581-6::20% MK::DoR_SCM::10,1,10.1016/S0008-8846(01)00581-6,28.0,fly_ash,other_unknown,30.82,20.991200316374794,0.0,45.57072694766821,10.269135085809772,12.634423234129276,0.0,27.177425840647455,608.2304314551203,True
10.1016/S0008-8846(01)00581-6::20% MK::DoR_SCM::11,1,10.1016/S0008-8846(01)00581-6,90.0,fly_ash,other_unknown,41.29,28.88163453141243,1.9438541065026869,59.54320211049498,16.718756691582957,17.49756140117837,0.0,34.94496301124425,602.4877436865257,True
10.1016/S0008-8846(01)00581-6::5% SF::DoR_SCM::12,1,10.1016/S0008-8846(01)00581-6,3.0,fly_ash,other_unknown,15.86,9.97374361138337,0.0,24.862153068668846,4.230666468180047,7.266881271356654,0.0,20.209392061654214,635.2293002897225,True
10.1016/S0008-8846(01)00581-6::5% SF::DoR_SCM::13,1,10.1016/S0008-8846(01)00581-6,7.0,fly_ash,other_unknown,24.64,13.62766819300786,0.0,31.428413759566727,7.097487982135733,8.680858866656799,0.0,22.555638559611815,606.3708074243057,True
10.1016/S0008-8846(01)00581-6::5% SF::DoR_SCM::14,1,10.1016/S0008-8846(01)00581-6,28.0,fly_ash,other_unknown,38.53,21.596314097022635,0.0,45.931946448725036,10.269135085809772,13.691439310555616,0.0,29.489794467773603,620.1567875507217,True
10.1016/S0008-8846(01)00581-6::5% SF::DoR_SCM::15,1,10.1016/S0008-8846(01)00581-6,90.0,fly_ash,other_unknown,54.85,27.68782659474188,1.750421022916503,59.27778746009639,16.718756691582957,17.748357579563404,0.0,34.71841913186635,630.9406352439968,True
10.1016/S0008-8846(01)00581-6::10% SF::DoR_SCM::16,1,10.1016/S0008-8846(01)00581-6,3.0,fly_ash,other_unknown,10.32,10.060123273275016,0.0,25.294791411438002,4.230666468180047,6.878041538655152,0.0,19.73551643222777,613.569315134362,True
10.1016/S0008-8846(01)00581-6::10% SF::DoR_SCM::17,1,10.1016/S0008-8846(01)00581-6,7.0,fly_ash,other_unknown,21.25,13.357088887123686,0.0,31.415197196249476,7.097487982135733,9.036445931843948,0.0,24.010228524442653,620.0934364615374,True
10.1016/S0008-8846(01)00581-6::10% SF::DoR_SCM::18,1,10.1016/S0008-8846(01)00581-6,28.0,fly_ash,other_unknown,35.38,21.64971486187867,0.0,46.44016940344712,10.269135085809772,13.352713628575469,0.0,29.311546779293543,611.3138403912284,True
10.1016/S0008-8846(01)00581-6::10% SF::DoR_SCM::19,1,10.1016/S0008-8846(01)00581-6,90.0,fly_ash,other_unknown,52.06,29.624757750521578,3.2212100880978847,59.892255521061045,16.718756691582957,18.804358895193808,1.9215859640845927,35.90756736303734,592.6184866557269,True
10.1016/S0008-8846(01)00581-6::20% FA::DoR_SCM::20,1,10.1016/S0008-8846(01)00581-6,3.0,fly_ash,other_unknown,3.98,12.066062335029791,0.0,28.856844927116313,1.3724189727808804,7.962749244979468,0.0,21.66124647373193,610.1060837187729,True
10.1016/S0008-8846(01)00581-6::20% FA::DoR_SCM::21,1,10.1016/S0008-8846(01)00581-6,7.0,fly_ash,other_unknown,7.29,15.543458483683613,0.0,35.201887133469036,6.5206230263656115,10.264525062017382,0.0,24.297796859782206,600.3262392242831,True
10.1016/S0008-8846(01)00581-6::20% FA::DoR_SCM::22,1,10.1016/S0008-8846(01)00581-6,28.0,fly_ash,other_unknown,17.54,22.762282395805702,0.38037904795711536,49.13854915683318,11.946915081010795,14.993068281969517,0.0,31.043733381003687,630.3956518114425,True
10.1016/S0008-8846(01)00581-6::20% FA::DoR_SCM::23,1,10.1016/S0008-8846(01)00581-6,90.0,fly_ash,other_unknown,28.69,29.83150214345306,2.182357547715881,63.148314106387176,20.16587532009896,20.2221321685142,1.938889162643996,37.46013601112003,615.1555080286852,True
10.1016/S0008-8846(03)00213-8::M1::DoR_SCM::0,1,10.1016/S0008-8846(03)00213-8,7.0,fly_ash,other_unknown,2.5,13.445997873440383,0.0,33.639398314141324,8.52373005915041,10.380607224058377,0.0,25.602500237813963,704.0818695297276,True
10.1016/S0008-8846(03)00213-8::M1::DoR_SCM::1,1,10.1016/S0008-8846(03)00213-8,28.0,fly_ash,other_unknown,4.48,18.886814346107737,0.0,47.65337140835203,11.834620858689318,14.943148961108818,0.0,31.15123155809636,718.7813239704867,True
10.1016/S0008-8846(03)00213-8::M1::DoR_SCM::2,1,10.1016/S0008-8846(03)00213-8,90.0,fly_ash,other_unknown,14.44,23.576200326760592,0.0,54.99619450486793,19.91352162275237,18.015181580120043,0.5404046516660114,35.412121045963325,718.220657212845,True
10.1016/S0008-8846(03)00213-8::M2::DoR_SCM::3,1,10.1016/S0008-8846(03)00213-8,7.0,fly_ash,other_unknown,0.81,12.907671505448722,0.0,33.22255531013015,8.52373005915041,10.093688736728357,0.0,23.935638887341543,719.0052786447583,True
10.1016/S0008-8846(03)00213-8::M2::DoR_SCM::4,1,10.1016/S0008-8846(03)00213-8,28.0,fly_ash,other_unknown,4.26,18.98268198932717,0.0,46.242759782911,11.834620858689318,14.572941326773838,0.0,30.494195535932093,707.7820537095686,True
10.1016/S0008-8846(03)00213-8::M2::DoR_SCM::5,1,10.1016/S0008-8846(03)00213-8,90.0,fly_ash,other_unknown,10.36,24.00277516642361,0.0,57.58978164365038,19.91352162275237,18.386260703585457,0.15381794058865936,35.902074894065514,686.1325390784,True
10.1016/S0008-8846(03)00213-8::M3::DoR_SCM::6,1,10.1016/S0008-8846(03)00213-8,7.0,fly_ash,other_unknown,5.08,13.488031891397808,0.0,33.94959870056412,8.52373005915041,10.237320640346923,0.0,24.620681221314094,696.065608119096,True
10.1016/S0008-8846(03)00213-8::M3::DoR_SCM::7,1,10.1016/S0008-8846(03)00213-8,28.0,fly_ash,other_unknown,9.09,19.139943818287325,0.0,44.08907813954473,11.834620858689318,14.901897034771592,0.0,31.671535565297617,710.3712751257458,True
10.1016/S0008-8846(03)00213-8::M3::DoR_SCM::8,1,10.1016/S0008-8846(03)00213-8,90.0,fly_ash,other_unknown,20.44,23.89218126580994,0.0,57.22017265632556,19.91352162275237,17.984574702710105,0.19862849049752415,35.15606941261192,694.9113900625256,True
10.1016/S0008-8846(03)00213-8::M4::DoR_SCM::9,1,10.1016/S0008-8846(03)00213-8,7.0,fly_ash,other_unknown,2.84,13.513969518097534,0.0,34.23177146357673,8.52373005915041,10.493971774507411,0.0,25.30307983718064,713.7903668401608,True
10.1016/S0008-8846(03)00213-8::M4::DoR_SCM::10,1,10.1016/S0008-8846(03)00213-8,28.0,fly_ash,other_unknown,5.3,18.820625816924256,0.0,44.166784757245175,11.834620858689318,14.658094066136442,0.0,30.236775432240037,731.5098113593964,True
10.1016/S0008-8846(03)00213-8::M4::DoR_SCM::11,1,10.1016/S0008-8846(03)00213-8,90.0,fly_ash,other_unknown,13.62,23.93473245952447,0.041565956982908804,55.84050601717341,19.91352162275237,18.64508202315168,0.6426350734082925,35.92224458041935,718.989866444446,True
10.1016/S0008-8846(03)00213-8::M5::DoR_SCM::12,1,10.1016/S0008-8846(03)00213-8,7.0,fly_ash,other_unknown,3.64,13.483663323377503,0.0,33.777425393955085,8.52373005915041,10.373756187953777,0.0,24.13174209713882,721.5816092760363,True
10.1016/S0008-8846(03)00213-8::M5::DoR_SCM::13,1,10.1016/S0008-8846(03)00213-8,28.0,fly_ash,other_unknown,8.04,19.035905057229932,0.0,45.72856214162939,11.834620858689318,15.4990847249328,0.0,31.493327089180834,704.5204392310976,True
10.1016/S0008-8846(03)00213-8::M5::DoR_SCM::14,1,10.1016/S0008-8846(03)00213-8,90.0,fly_ash,other_unknown,13.04,23.821362395952722,0.0,58.38819902222765,19.91352162275237,18.00191787558689,1.5952956450093774,35.00538477501722,705.2588102004354,True
10.1016/S0008-8846(03)00213-8::M6::DoR_SCM::15,1,10.1016/S0008-8846(03)00213-8,7.0,fly_ash,other_unknown,5.52,12.942348371273047,0.0,31.883222240418537,8.52373005915041,10.608562192439276,0.0,25.406690323126114,739.0358174458861,True
10.1016/S0008-8846(03)00213-8::M6::DoR_SCM::16,1,10.1016/S0008-8846(03)00213-8,28.0,fly_ash,other_unknown,11.95,19.781824082474824,0.0,46.82216876403981,11.834620858689318,14.84204819257877,0.0,31.089103007604976,696.4073360506162,True
10.1016/S0008-8846(03)00213-8::M6::DoR_SCM::17,1,10.1016/S0008-8846(03)00213-8,90.0,fly_ash,other_unknown,17.46,24.982694759594708,0.0,58.45189015073759,19.91352162275237,17.90546540890742,0.5837626376241418,35.73848983411592,704.1312956740516,True
10.1016/S0008-8846(03)00213-8::M7::DoR_SCM::18,1,10.1016/S0008-8846(03)00213-8,7.0,fly_ash,other_unknown,4.4,14.35340582573576,0.0,33.84767205196032,9.828145690556145,10.548754995989507,0.0,25.62884216019085,660.6357708083344,True
10.1016/S0008-8846(03)00213-8::M7::DoR_SCM::19,1,10.1016/S0008-8846(03)00213-8,28.0,fly_ash,other_unknown,6.48,21.328473076788267,0.0,46.50624094435627,13.662417322104815,17.097794920279686,0.23254039129036946,33.90242566661035,661.0507361530357,True
10.1016/S0008-8846(03)00213-8::M7::DoR_SCM::20,1,10.1016/S0008-8846(03)00213-8,90.0,fly_ash,other_unknown,19.14,26.960928716911095,0.0,59.44765687790437,22.161388790412797,21.331213024272007,3.1631531512846243,38.60752710323627,668.1384883762477,True
10.1016/S0008-8846(03)00213-8::M9::DoR_SCM::21,1,10.1016/S0008-8846(03)00213-8,7.0,fly_ash,other_unknown,1.91,13.916181180315526,0.0,33.481356356137354,9.828145690556145,11.216611781802143,0.0,25.82406141367185,658.8441123286766,True
10.1016/S0008-8846(03)00213-8::M9::DoR_SCM::22,1,10.1016/S0008-8846(03)00213-8,28.0,fly_ash,other_unknown,6.75,21.301720567741604,0.0,48.00312856989962,13.662417322104815,16.252826836872817,0.0,32.62744009409134,658.0655089549674,True
10.1016/S0008-8846(03)00213-8::M9::DoR_SCM::23,1,10.1016/S0008-8846(03)00213-8,90.0,fly_ash,other_unknown,14.22,27.186290917201003,1.6743077600058347,58.403129386365265,22.161388790412797,21.11865205874031,4.092095780177285,39.2197068292787,681.9587286227849,True
10.1016/S0008-8846(03)00213-8::M10::DoR_SCM::24,1,10.1016/S0008-8846(03)00213-8,7.0,fly_ash,other_unknown,16.13,13.846393449998317,0.0,33.54525180236603,9.828145690556145,10.746713415863491,0.0,24.572344218544757,689.5315548002015,True
10.1016/S0008-8846(03)00213-8::M10::DoR_SCM::25,1,10.1016/S0008-8846(03)00213-8,28.0,fly_ash,other_unknown,18.67,21.678364201952192,0.0,49.668616934352094,13.662417322104815,16.838146641583947,0.35118329890207894,32.592916513879786,659.8756036012168,True
10.1016/S0008-8846(03)00213-8::M10::DoR_SCM::26,1,10.1016/S0008-8846(03)00213-8,90.0,fly_ash,other_unknown,22.32,26.32907962759035,0.0,58.1676615698113,22.161388790412797,21.618620630376228,2.764499989129192,39.81051665168119,650.2376076093165,True
10.1016/S0008-8846(03)00213-8::M11::DoR_SCM::27,1,10.1016/S0008-8846(03)00213-8,7.0,fly_ash,other_unknown,14.72,14.567625914642035,0.0,35.27240395036116,9.828145690556145,10.453880467521607,0.0,25.3776162683556,649.553364920443,True
10.1016/S0008-8846(03)00213-8::M11::DoR_SCM::28,1,10.1016/S0008-8846(03)00213-8,28.0,fly_ash,other_unknown,17.73,21.23302767292414,0.0,47.40843423076742,13.662417322104815,16.583254106364027,0.1973683585962854,32.30077494193574,668.9613916376005,True
10.1016/S0008-8846(03)00213-8::M11::DoR_SCM::29,1,10.1016/S0008-8846(03)00213-8,90.0,fly_ash,other_unknown,21.01,27.402174846371867,0.2102811931846252,62.68771706467664,22.161388790412797,20.12189540908096,3.3902031373696593,37.51501830759842,637.9505406995506,True
10.1016/S0008-8846(03)00213-8::M12::DoR_SCM::30,1,10.1016/S0008-8846(03)00213-8,7.0,fly_ash,other_unknown,9.59,13.755397824922571,0.0,33.34160199680121,9.828145690556145,11.267335172637585,0.0,25.908421465057593,647.0631152038263,True
10.1016/S0008-8846(03)00213-8::M12::DoR_SCM::31,1,10.1016/S0008-8846(03)00213-8,28.0,fly_ash,other_unknown,13.36,21.518518164272916,0.0,49.39451076013848,13.662417322104815,16.785381797009748,0.5019120430084736,32.59064901210773,676.3044759785753,True
10.1016/S0008-8846(03)00213-8::M12::DoR_SCM::32,1,10.1016/S0008-8846(03)00213-8,90.0,fly_ash,other_unknown,21.43,26.691766244514227,0.6403895692398583,57.423066368652215,22.161388790412797,21.38389410419297,3.5089684135195434,37.583751870534435,656.5917541678639,True
10.1016/j.cemconres.2021.106647::T-w04-5C::DoR_SCM::fig::1,1,10.1016/j.cemconres.2021.106647,1.0,slag,unknown,12.7,8.225747893331803,0.0,21.426844771473434,11.94932411650742,9.79375072631847,0.0,23.15250405735644,619.2915357535478,True
10.1016/j.cemconres.2021.106647::T-w04-5C::DoR_SCM::fig::2,1,10.1016/j.cemconres.2021.106647,2.0,slag,unknown,15.3,9.95254058823641,0.0,23.860883471269396,12.911558341090043,12.257138586107327,0.0,25.352525595802014,591.2893231800571,True
10.1016/j.cemconres.2021.106647::T-w04-5C::DoR_SCM::fig::3,1,10.1016/j.cemconres.2021.106647,7.0,slag,unknown,19.7,17.35569481709228,0.0,33.29757661977633,27.75179553221545,20.71016402249509,6.250797995806077,35.35718606826731,615.7201995006521,True
10.1016/j.cemconres.2021.106647::T-w04-5C::DoR_SCM::fig::4,1,10.1016/j.cemconres.2021.106647,28.0,slag,unknown,29.3,28.866906372854228,8.574064497640766,47.925939940746964,42.46105213276971,36.26711910566934,20.612737879389364,51.61289960705559,615.887008027148,True
10.1016/j.cemconres.2021.106647::T-w04-5C::DoR_SCM::fig::5,1,10.1016/j.cemconres.2021.106647,90.0,slag,unknown,40.2,42.20642825062537,15.155075353211066,66.31550825608197,55.980809684236675,52.46983501199077,35.74401787934047,69.02443157651136,587.1948191963555,True
10.1016/j.cemconres.2021.106647::T-w04-5C::DoR_SCM::fig::6,1,10.1016/j.cemconres.2021.106647,180.0,slag,unknown,46.7,48.93247809167016,19.113936751571618,75.10934215101192,59.75462712874319,62.3266468583207,45.20816948906594,79.20095702815617,569.6379103818166,True
10.1016/j.cemconres.2021.106647::T-w05-5C::DoR_SCM::fig::7,1,10.1016/j.cemconres.2021.106647,1.0,slag,unknown,11.4,7.519740018141835,0.0,21.058187227237877,11.716920899903918,9.144304658991187,0.0,21.99828986289898,613.4112149553484,True
10.1016/j.cemconres.2021.106647::T-w05-5C::DoR_SCM::fig::8,1,10.1016/j.cemconres.2021.106647,2.0,slag,unknown,17.9,9.672149428784632,0.0,23.23335327744988,12.679155124486542,10.937735140456752,0.0,24.52714385340669,623.7485635083624,True
10.1016/j.cemconres.2021.106647::T-w05-5C::DoR_SCM::fig::9,1,10.1016/j.cemconres.2021.106647,7.0,slag,unknown,21.4,15.939320711462543,0.0,31.94642650390506,27.381701945560323,19.168959487244273,4.320071149218266,34.14133352283895,622.3348059532881,True
10.1016/j.cemconres.2021.106647::T-w05-5C::DoR_SCM::fig::10,1,10.1016/j.cemconres.2021.106647,28.0,slag,unknown,34.5,28.277761573041133,9.111430136358699,45.39016109513382,42.030885404288405,33.999842005393816,18.959714199303452,49.32840566842668,655.5129316937092,True
10.1016/j.cemconres.2021.106647::T-w05-5C::DoR_SCM::fig::11,1,10.1016/j.cemconres.2021.106647,90.0,slag,unknown,49.3,42.11088915173806,16.84314758162672,63.48938394533943,55.55064295575537,50.77337727074316,34.953217975204424,66.58478289983435,627.6389766972231,True
10.1016/j.cemconres.2021.106647::T-w05-5C::DoR_SCM::fig::12,1,10.1016/j.cemconres.2021.106647,180.0,slag,unknown,58.1,50.491427954042216,21.52270645654672,74.36859058835549,59.63390186064497,61.61288819141269,45.0618914127487,78.08841407135337,618.2950884747928,True
10.1016/j.cemconres.2021.106647::T-w06-5C::DoR_SCM::fig::13,1,10.1016/j.cemconres.2021.106647,1.0,slag,unknown,14.8,6.70069899175386,0.0,19.545774707784705,11.953251649220302,7.909130507903416,0.0,20.26485175710497,540.6602218175954,True
10.1016/j.cemconres.2021.106647::T-w06-5C::DoR_SCM::fig::14,1,10.1016/j.cemconres.2021.106647,2.0,slag,unknown,18.8,8.87052531362725,0.0,22.699138684282932,12.915485873802929,10.424534940588583,0.0,24.674145198911024,523.2925496217262,True
10.1016/j.cemconres.2021.106647::T-w06-5C::DoR_SCM::fig::15,1,10.1016/j.cemconres.2021.106647,7.0,slag,unknown,27.5,14.683459423794762,0.0,28.938023352725335,27.57912111090997,17.741343109062274,2.882010944885127,32.2376933294242,553.2423187352863,True
10.1016/j.cemconres.2021.106647::T-w06-5C::DoR_SCM::fig::16,1,10.1016/j.cemconres.2021.106647,28.0,slag,unknown,39.3,25.85959090646828,9.157936272604669,42.878267203347384,42.22830456963805,31.59923792310535,16.68498981613041,46.55909000408348,532.8560200289859,True
10.1016/j.cemconres.2021.106647::T-w06-5C::DoR_SCM::fig::17,1,10.1016/j.cemconres.2021.106647,90.0,slag,unknown,53.7,40.82106058162796,20.6635082484244,60.20040694751831,55.748062121105015,48.28501700412057,32.72555231819937,62.905091592033756,547.8330849070271,True
10.1016/j.cemconres.2021.106647::T-w06-5C::DoR_SCM::fig::18,1,10.1016/j.cemconres.2021.106647,180.0,slag,unknown,62.9,49.963595209132,26.491118868465925,71.09369243649287,59.83132102599461,59.9703760837922,44.016351842109685,76.44989233967434,525.2613461613819,True
10.1016/j.cemconres.2021.106647::T-w04-20C::DoR_SCM::fig::19,1,10.1016/j.cemconres.2021.106647,1.0,slag,unknown,20.5,10.349645866873164,0.0,24.756697354313427,11.94932411650742,11.476166298984552,0.0,25.094692075208762,616.045173355409,True
10.1016/j.cemconres.2021.106647::T-w04-20C::DoR_SCM::fig::20,1,10.1016/j.cemconres.2021.106647,2.0,slag,unknown,22.7,14.035497055671973,0.0,29.614846898149246,12.911558341090043,15.158617758721784,0.4412973723397914,28.789455495126088,607.7240698571707,True
10.1016/j.cemconres.2021.106647::T-w04-20C::DoR_SCM::fig::21,1,10.1016/j.cemconres.2021.106647,7.0,slag,unknown,37.1,22.765400939789643,4.381585494441376,40.05984998570201,27.75179553221545,25.4391724121836,10.142169942803621,40.051041086849274,623.6930196253031,True
10.1016/j.cemconres.2021.106647::T-w04-20C::DoR_SCM::fig::22,1,10.1016/j.cemconres.2021.106647,28.0,slag,unknown,40.6,38.216831042691105,13.0764296726738,59.59643167456824,42.46105213276971,41.30717453518601,24.44683640358152,57.2507147990663,638.7498514914425,True
10.1016/j.cemconres.2021.106647::T-w04-20C::DoR_SCM::fig::23,1,10.1016/j.cemconres.2021.106647,90.0,slag,unknown,46.3,51.174298222838445,21.514535130332934,75.59205098554463,55.980809684236675,55.691595182904734,38.14910804424231,73.90804966554765,672.6264841739909,True
10.1016/j.cemconres.2021.106647::T-w04-20C::DoR_SCM::fig::24,1,10.1016/j.cemconres.2021.106647,180.0,slag,unknown,50.2,57.409928192389394,24.088227185310824,85.33269111946358,59.75462712874319,62.53278380112878,44.54371852870666,80.22745049662774,651.4125173554085,True
10.1016/j.cemconres.2021.106647::T-w05-20C::DoR_SCM::fig::25,1,10.1016/j.cemconres.2021.106647,1.0,slag,unknown,20.5,9.929239120773723,0.0,23.548271262761244,11.716920899903918,10.517360884979153,0.0,24.31410851561532,762.8329964816038,True
10.1016/j.cemconres.2021.106647::T-w05-20C::DoR_SCM::fig::26,1,10.1016/j.cemconres.2021.106647,2.0,slag,unknown,24.5,13.217314711428411,0.0,27.0854583355302,12.679155124486542,14.370293391413073,0.0,28.496332224561616,757.560114151958,True
10.1016/j.cemconres.2021.106647::T-w05-20C::DoR_SCM::fig::27,1,10.1016/j.cemconres.2021.106647,7.0,slag,unknown,41.5,21.651594695072085,5.245220667308401,37.43062440994061,27.381701945560323,23.51836719622328,9.449816072904651,37.61097013556784,768.8710890485919,True
10.1016/j.cemconres.2021.106647::T-w05-20C::DoR_SCM::fig::28,1,10.1016/j.cemconres.2021.106647,28.0,slag,unknown,51.5,36.678142240743924,12.960150240247145,56.55636292634315,42.030885404288405,39.07203538645419,23.575640397659598,55.00353633599931,765.6734364133421,True
10.1016/j.cemconres.2021.106647::T-w05-20C::DoR_SCM::fig::29,1,10.1016/j.cemconres.2021.106647,90.0,slag,unknown,58.5,53.31280170188854,24.611195857598563,75.10000248553293,55.55064295575537,56.07427481112506,38.61982408321297,73.42473071142383,792.63164188857,True
10.1016/j.cemconres.2021.106647::T-w05-20C::DoR_SCM::fig::30,1,10.1016/j.cemconres.2021.106647,180.0,slag,unknown,61.6,59.46007419003238,27.654064134491975,83.3682683301959,59.63390186064497,64.60734040856443,45.9998215192186,82.53232979207189,755.8937420022548,True
10.1016/j.cemconres.2021.106647::T-w06-20C::DoR_SCM::fig::31,1,10.1016/j.cemconres.2021.106647,1.0,slag,unknown,23.1,8.93676880163445,0.0,22.585585077079326,11.953251649220302,9.77298709824111,0.0,22.500700620237662,907.7890923765138,True
10.1016/j.cemconres.2021.106647::T-w06-20C::DoR_SCM::fig::32,1,10.1016/j.cemconres.2021.106647,2.0,slag,unknown,27.1,12.353600031010082,0.0,25.591440964721993,12.915485873802929,13.041936116727387,0.0,26.825845178463616,897.571859482993,True
10.1016/j.cemconres.2021.106647::T-w06-20C::DoR_SCM::fig::33,1,10.1016/j.cemconres.2021.106647,7.0,slag,unknown,43.2,20.645640904217295,4.227013583012126,35.63133071168154,27.57912111090997,21.930844123212292,8.28063446267069,36.45552397514853,903.249061470173,True
10.1016/j.cemconres.2021.106647::T-w06-20C::DoR_SCM::fig::34,1,10.1016/j.cemconres.2021.106647,28.0,slag,unknown,54.6,35.55204707968604,17.91018259999528,51.671581046804405,42.22830456963805,38.05309515652037,22.4115843605874,53.46648540929426,917.6648325884133,True
10.1016/j.cemconres.2021.106647::T-w06-20C::DoR_SCM::fig::35,1,10.1016/j.cemconres.2021.106647,90.0,slag,unknown,62.9,51.88176748661972,26.527532583955725,72.89927301485201,55.748062121105015,55.76184154921204,37.9846175235802,72.0398007699732,887.5496049248276,True
10.1016/j.cemconres.2021.106647::T-w06-20C::DoR_SCM::fig::36,1,10.1016/j.cemconres.2021.106647,180.0,slag,unknown,63.8,61.21568477623019,34.67420702256081,82.25789597540162,59.83132102599461,65.44177177549855,48.19401141662835,81.95319435277709,900.8021560194919,True
10.1016/j.cemconres.2021.106647::T-w04-40C::DoR_SCM::fig::37,1,10.1016/j.cemconres.2021.106647,1.0,slag,unknown,32.8,15.885675913012456,0.0,31.211256693318717,15.256179142472664,15.299931069498204,0.42404289213381413,28.941181467897945,487.1984885365,True
10.1016/j.cemconres.2021.106647::T-w04-40C::DoR_SCM::fig::38,1,10.1016/j.cemconres.2021.106647,2.0,slag,unknown,42.8,21.32239495503337,3.155754585584447,38.00908735323702,16.21841336705529,20.425533302910374,6.437255455296865,35.18463436094656,494.64942212822064,True
10.1016/j.cemconres.2021.106647::T-w04-40C::DoR_SCM::fig::39,1,10.1016/j.cemconres.2021.106647,7.0,slag,unknown,46.3,34.23496836571117,10.376044647077462,55.14664380245126,30.924969374325325,33.17950797700044,17.930576784807226,48.7942352287535,494.3295549168314,True
10.1016/j.cemconres.2021.106647::T-w04-40C::DoR_SCM::fig::40,1,10.1016/j.cemconres.2021.106647,28.0,slag,unknown,48.9,49.364058071478276,15.790150591160833,75.87414079609214,45.18585384610537,48.854425338842404,31.459561666064193,64.67340489719581,462.0317768524314,True
10.1016/j.cemconres.2021.106647::T-w04-40C::DoR_SCM::fig::41,1,10.1016/j.cemconres.2021.106647,90.0,slag,unknown,53.3,58.409518494214666,23.99032566210026,88.47557526752722,58.49861950931291,57.190212628643806,39.52872212334928,74.04154969473079,492.93961503263006,True
10.1016/j.cemconres.2021.106647::T-w04-40C::DoR_SCM::fig::42,1,10.1016/j.cemconres.2021.106647,180.0,slag,unknown,53.3,60.284150770423096,23.085166849054264,91.27563782573169,62.166561044059996,60.003226397390755,41.86323521253126,79.11789815384184,482.5781924608794,True
10.1016/j.cemconres.2021.106647::T-w05-40C::DoR_SCM::fig::43,1,10.1016/j.cemconres.2021.106647,1.0,slag,unknown,35.4,14.959458181280931,0.0,29.564037880898628,15.202517451389491,14.091423419191257,0.0,29.546600626915026,496.03881430240506,True
10.1016/j.cemconres.2021.106647::T-w05-40C::DoR_SCM::fig::44,1,10.1016/j.cemconres.2021.106647,2.0,slag,unknown,47.6,20.84849468252829,4.143196022163703,37.0533007796791,16.164751675972116,18.768642251346883,4.432692632101105,33.30549293142589,532.8010781229314,True
10.1016/j.cemconres.2021.106647::T-w05-40C::DoR_SCM::fig::45,1,10.1016/j.cemconres.2021.106647,7.0,slag,unknown,52.4,33.23233352044087,11.9901573757446,52.661045684300085,30.73361731319053,31.116914012177926,15.682374790966382,46.40380966287445,517.7943096202266,True
10.1016/j.cemconres.2021.106647::T-w05-40C::DoR_SCM::fig::46,1,10.1016/j.cemconres.2021.106647,28.0,slag,unknown,55.0,50.20574960204576,22.53097952917488,73.15864814289453,44.93442864314439,47.706285522945024,31.323447682879895,63.88661693689123,513.978429791772,True
10.1016/j.cemconres.2021.106647::T-w05-40C::DoR_SCM::fig::47,1,10.1016/j.cemconres.2021.106647,90.0,slag,unknown,61.6,62.343884436071946,29.48502712589201,87.91719559465956,58.247194306351936,58.57367030026488,42.04818169458167,74.9652676139533,527.6921911946732,True
10.1016/j.cemconres.2021.106647::T-w05-40C::DoR_SCM::fig::48,1,10.1016/j.cemconres.2021.106647,180.0,slag,unknown,65.5,66.77043251264261,29.322092361435868,94.64331601011462,62.22457730148211,63.2786146103463,44.39745582783232,81.8230074985,488.34351278632954,True
10.1016/j.cemconres.2021.106647::T-w06-40C::DoR_SCM::fig::49,1,10.1016/j.cemconres.2021.106647,1.0,slag,unknown,41.0,14.255063153824807,0.0,28.5531694197943,15.438848200705877,13.249509491467855,0.0,27.155864059126543,582.4720258373394,True
10.1016/j.cemconres.2021.106647::T-w06-40C::DoR_SCM::fig::50,1,10.1016/j.cemconres.2021.106647,2.0,slag,unknown,50.7,18.669293620883327,2.294508256328277,34.336831467716,16.401082425288504,17.484262239630503,3.019712801585753,31.987624439245575,588.118307364276,True
10.1016/j.cemconres.2021.106647::T-w06-40C::DoR_SCM::fig::51,1,10.1016/j.cemconres.2021.106647,7.0,slag,unknown,54.6,31.48034789266019,12.362377755374627,48.02838481623312,30.931036478540175,28.99473063472023,13.694874976916962,43.35817531555456,554.24300701721,True
10.1016/j.cemconres.2021.106647::T-w06-40C::DoR_SCM::fig::52,1,10.1016/j.cemconres.2021.106647,28.0,slag,unknown,59.4,50.531735466839,26.14982361532435,71.45217585249776,45.13184780849404,46.763262152747316,30.796138372762055,63.353465280148626,557.0401489333971,True
10.1016/j.cemconres.2021.106647::T-w06-40C::DoR_SCM::fig::53,1,10.1016/j.cemconres.2021.106647,90.0,slag,unknown,64.2,64.77264213272103,34.92419731640317,88.08125221360335,58.44461347170158,60.37013814797168,42.608535145883714,77.22599925053719,572.3986225524773,True
10.1016/j.cemconres.2021.106647::T-w06-40C::DoR_SCM::fig::54,1,10.1016/j.cemconres.2021.106647,180.0,slag,unknown,69.9,72.31864887069815,40.63069776272067,95.08278640249901,62.42199646683175,65.86160775501419,46.82672125453886,83.42677565983598,574.9573750166262,True
10.1016/j.cemconres.2019.04.015::OPC_FA1_20::DoR_SCM::fig::1,1,10.1016/j.cemconres.2019.04.015,1.0,fly_ash,unknown,3.0,6.895186758508593,0.0,20.428736969647005,1.310128881349192,5.564948165244879,0.0,17.967015725519786,649.0162521749022,True
10.1016/j.cemconres.2019.04.015::OPC_FA1_20::DoR_SCM::fig::2,1,10.1016/j.cemconres.2019.04.015,7.0,fly_ash,unknown,6.0,13.131269203501404,0.0,31.35664303435322,6.386773847681958,9.070075567497316,0.0,22.68583454573845,668.1365835855433,True
10.1016/j.cemconres.2019.04.015::OPC_FA1_20::DoR_SCM::fig::3,1,10.1016/j.cemconres.2019.04.015,28.0,fly_ash,unknown,13.0,21.573935770366624,0.0,45.10728645027295,11.333641117467241,14.183056734278637,0.0,30.34431188188731,633.4378141094901,True
10.1016/j.cemconres.2019.04.015::OPC_FA1_20::DoR_SCM::fig::4,1,10.1016/j.cemconres.2019.04.015,60.0,fly_ash,unknown,16.0,25.874796778871907,1.640042545226199,54.77867655788588,14.089238968829157,16.80070524815838,0.5813407481462143,32.77761119388903,643.8478583051347,True
10.1016/j.cemconres.2019.04.015::OPC_FA1_20::DoR_SCM::fig::5,1,10.1016/j.cemconres.2019.04.015,90.0,fly_ash,unknown,19.0,28.853202326993838,1.2782043684759086,61.853037563065904,18.75597736526108,18.94643897625286,2.183043908213438,35.76991728683669,615.6792749260406,True
10.1016/j.cemconres.2019.04.015::OPC_FA1_20::DoR_SCM::fig::6,1,10.1016/j.cemconres.2019.04.015,180.0,fly_ash,unknown,24.0,31.798128930729938,3.7091215392438435,65.32760566298403,23.280998649772965,21.756116182825117,3.842473629817085,40.58454136675313,631.6388423738555,True
10.1016/j.cemconres.2019.04.015::OPC_FA2_20::DoR_SCM::fig::7,1,10.1016/j.cemconres.2019.04.015,1.0,fly_ash,unknown,4.0,6.999209711375162,0.0,20.36490998135431,2.1179875591404635,5.849533781106423,0.0,18.464572171248562,657.5232034830987,True
10.1016/j.cemconres.2019.04.015::OPC_FA2_20::DoR_SCM::fig::8,1,10.1016/j.cemconres.2019.04.015,7.0,fly_ash,unknown,8.0,13.214542747623284,0.0,31.556781599280875,7.655596376606564,9.520780059689523,0.0,23.118377317519755,641.8355191436377,True
10.1016/j.cemconres.2019.04.015::OPC_FA2_20::DoR_SCM::fig::9,1,10.1016/j.cemconres.2019.04.015,28.0,fly_ash,unknown,14.0,21.411057799479913,0.0,46.51539531822365,12.863396150292607,14.473099263931987,0.0,30.07166337003531,631.8905255422403,True
10.1016/j.cemconres.2019.04.015::OPC_FA2_20::DoR_SCM::fig::10,1,10.1016/j.cemconres.2019.04.015,60.0,fly_ash,unknown,17.0,26.147025653349385,1.7336644949386493,55.137294073174324,14.830813558766684,17.72630603052871,1.4985918832580207,33.62412821359451,664.9242621938098,True
10.1016/j.cemconres.2019.04.015::OPC_FA2_20::DoR_SCM::fig::11,1,10.1016/j.cemconres.2019.04.015,90.0,fly_ash,unknown,20.0,28.245707895755938,1.5784592188762387,59.29680730723317,18.936250536284945,19.500334443982375,2.0748085319923883,36.19212005948971,641.6120893359252,True
10.1016/j.cemconres.2019.04.015::OPC_FA2_20::DoR_SCM::fig::12,1,10.1016/j.cemconres.2019.04.015,180.0,fly_ash,unknown,25.5,32.281253661485586,3.185088887437299,66.9889223306291,23.213271718655847,22.02576398437232,4.150787181577657,41.335444608370366,629.9898653280437,True
10.1016/j.cemconres.2019.04.015::OPC_FA3_20::DoR_SCM::fig::13,1,10.1016/j.cemconres.2019.04.015,1.0,fly_ash,unknown,2.0,7.075663085342952,0.0,20.881259132127727,0.6630332729543763,5.331243120321129,0.0,17.366672368868386,622.1015410421737,True
10.1016/j.cemconres.2019.04.015::OPC_FA3_20::DoR_SCM::fig::14,1,10.1016/j.cemconres.2019.04.015,7.0,fly_ash,unknown,4.0,13.142781330106564,0.0,31.573005219118663,5.5175844997587165,9.110144640121595,0.0,23.282533493353974,648.2952322051988,True
10.1016/j.cemconres.2019.04.015::OPC_FA3_20::DoR_SCM::fig::15,1,10.1016/j.cemconres.2019.04.015,28.0,fly_ash,unknown,7.0,21.14723399268963,0.0,46.77435270640672,10.328904722279358,13.224442268532114,0.0,29.005246165763733,644.2744837031426,True
10.1016/j.cemconres.2019.04.015::OPC_FA3_20::DoR_SCM::fig::16,1,10.1016/j.cemconres.2019.04.015,60.0,fly_ash,unknown,10.0,25.641401705902055,0.6032549573941335,53.24357699417781,13.08450257364127,17.33338817104433,0.22585772333469337,33.6055450855358,633.897667687919,True
10.1016/j.cemconres.2019.04.015::OPC_FA3_20::DoR_SCM::fig::17,1,10.1016/j.cemconres.2019.04.015,90.0,fly_ash,unknown,13.0,28.21862789443655,2.0992471225551297,59.183227398731816,18.02415965169143,17.91320879625001,1.3102822183112943,35.11322290238606,633.0844069699613,True
10.1016/j.cemconres.2019.04.015::OPC_FA3_20::DoR_SCM::fig::18,1,10.1016/j.cemconres.2019.04.015,180.0,fly_ash,unknown,18.0,31.9799674996151,3.310168092909488,65.99444908420413,22.667336693366295,20.947613519373274,3.518683169329489,38.4031497606979,625.375519589126,True
10.1016/j.cemconres.2019.04.015::LPC_FA1_20::DoR_SCM::fig::19,1,10.1016/j.cemconres.2019.04.015,1.0,fly_ash,unknown,1.0,6.855718495311115,0.0,20.694042280882215,1.310128881349192,5.629631869192124,0.0,17.22949956080853,634.85448559078,True
10.1016/j.cemconres.2019.04.015::LPC_FA1_20::DoR_SCM::fig::20,1,10.1016/j.cemconres.2019.04.015,7.0,fly_ash,unknown,3.0,12.91906707627924,0.0,32.36423345831949,6.386773847681958,9.194157188895268,0.0,22.341611052044637,636.3934970880572,True
10.1016/j.cemconres.2019.04.015::LPC_FA1_20::DoR_SCM::fig::21,1,10.1016/j.cemconres.2019.04.015,28.0,fly_ash,unknown,6.0,20.920350561401683,0.0,45.104271250579785,11.333641117467241,14.721723392683725,0.0,29.765907285293274,626.9377423228569,True
10.1016/j.cemconres.2019.04.015::LPC_FA1_20::DoR_SCM::fig::22,1,10.1016/j.cemconres.2019.04.015,60.0,fly_ash,unknown,11.0,25.630686406360553,1.1157161940046352,54.053647437377904,14.089238968829157,17.450505811853837,0.48783508454662433,34.024812622716986,644.6159632923741,True
10.1016/j.cemconres.2019.04.015::LPC_FA1_20::DoR_SCM::fig::23,1,10.1016/j.cemconres.2019.04.015,90.0,fly_ash,unknown,16.0,28.257994128258808,1.3713721389546314,61.52685266151516,18.75597736526108,18.94840669448822,1.74084467574711,36.092443641005204,651.0983477159125,True
10.1016/j.cemconres.2019.04.015::LPC_FA1_20::DoR_SCM::fig::24,1,10.1016/j.cemconres.2019.04.015,180.0,fly_ash,unknown,23.0,31.3251993017321,3.085693422947926,66.72488605333137,23.280998649772965,21.26065253852407,4.357248344369659,39.287240421645,651.1628567642686,True
10.1016/j.cemconres.2019.04.015::LPC_FA2_20::DoR_SCM::fig::25,1,10.1016/j.cemconres.2019.04.015,1.0,fly_ash,unknown,2.0,7.178387130760351,0.0,20.41311904352707,2.1179875591404635,5.845045603871804,0.0,17.637486720618124,642.8846233763819,True
10.1016/j.cemconres.2019.04.015::LPC_FA2_20::DoR_SCM::fig::26,1,10.1016/j.cemconres.2019.04.015,7.0,fly_ash,unknown,5.0,13.21455104734007,0.0,31.779520659457724,7.655596376606564,9.616523564865831,0.0,24.195260111698005,633.4119943613545,True
10.1016/j.cemconres.2019.04.015::LPC_FA2_20::DoR_SCM::fig::27,1,10.1016/j.cemconres.2019.04.015,28.0,fly_ash,unknown,9.0,21.406286974125262,0.0,46.588404593022915,12.863396150292607,15.129419771457941,0.0,30.197956318025653,653.1307921611133,True
10.1016/j.cemconres.2019.04.015::LPC_FA2_20::DoR_SCM::fig::28,1,10.1016/j.cemconres.2019.04.015,60.0,fly_ash,unknown,13.0,25.820706479573193,1.5793634217243169,55.05699737909804,14.830813558766684,17.621647559512724,0.7831410202519075,34.06651832755869,645.5271759506079,True
10.1016/j.cemconres.2019.04.015::LPC_FA2_20::DoR_SCM::fig::29,1,10.1016/j.cemconres.2019.04.015,90.0,fly_ash,unknown,17.0,28.100397835708016,2.811338106811025,58.1548553005403,18.936250536284945,19.35038629976999,2.7192253346287556,36.205928925665596,643.7372338545201,True
10.1016/j.cemconres.2019.04.015::LPC_FA2_20::DoR_SCM::fig::30,1,10.1016/j.cemconres.2019.04.015,180.0,fly_ash,unknown,23.0,31.75031916693412,3.1362968463554455,66.35395040563954,23.213271718655847,21.72646480600194,3.598152195680089,39.607205665631064,661.5777823986731,True
10.1016/j.cemconres.2019.04.015::LPC_FA3_20::DoR_SCM::fig::31,1,10.1016/j.cemconres.2019.04.015,1.0,fly_ash,unknown,0.5,7.198912313312996,0.0,20.813299264510018,0.6630332729543763,5.422001912557166,0.0,17.938641268200673,612.2859753202786,True
10.1016/j.cemconres.2019.04.015::LPC_FA3_20::DoR_SCM::fig::32,1,10.1016/j.cemconres.2019.04.015,7.0,fly_ash,unknown,1.5,12.662720742099916,0.0,30.490926777275973,5.5175844997587165,8.919799968395864,0.0,23.172076082297167,650.3975230402467,True
10.1016/j.cemconres.2019.04.015::LPC_FA3_20::DoR_SCM::fig::33,1,10.1016/j.cemconres.2019.04.015,28.0,fly_ash,unknown,3.0,21.23383840862165,0.0,45.781148365100854,10.328904722279358,13.993843387143533,0.0,29.272596942263466,609.772420958489,True
10.1016/j.cemconres.2019.04.015::LPC_FA3_20::DoR_SCM::fig::34,1,10.1016/j.cemconres.2019.04.015,60.0,fly_ash,unknown,7.0,26.066936206653082,0.8696402114907923,55.953234727677184,13.08450257364127,16.622153518453892,0.0,33.19488839250434,622.7563933682692,True
10.1016/j.cemconres.2019.04.015::LPC_FA3_20::DoR_SCM::fig::35,1,10.1016/j.cemconres.2019.04.015,90.0,fly_ash,unknown,12.5,29.09216389882074,2.583837947062878,61.458096599696866,18.02415965169143,18.350715089919948,0.6921999462394407,36.08772709617197,606.1663427837889,True
10.1016/j.cemconres.2019.04.015::LPC_FA3_20::DoR_SCM::fig::36,1,10.1016/j.cemconres.2019.04.015,180.0,fly_ash,unknown,16.0,31.50535993833685,3.387070999990675,67.0712408106174,22.667336693366295,20.266319804786143,3.1448869596790217,37.88769600078146,644.1670079959479,True
10.1016/j.cemconres.2019.04.015::OPC_FA1_60::DoR_SCM::fig::37,1,10.1016/j.cemconres.2019.04.015,1.0,fly_ash,unknown,25.0,14.020111456086,0.0,33.60475949077262,10.377897858868785,9.890372709537893,0.0,24.38892085835012,530.911229602634,True
10.1016/j.cemconres.2019.04.015::OPC_FA1_60::DoR_SCM::fig::38,1,10.1016/j.cemconres.2019.04.015,7.0,fly_ash,unknown,27.0,24.083180844362722,0.07070851033696254,53.331832643311245,13.050921813978725,16.714278659851114,0.7956623439733715,31.20425663164953,554.937141468015,True
10.1016/j.cemconres.2019.04.015::OPC_FA1_60::DoR_SCM::fig::39,1,10.1016/j.cemconres.2019.04.015,28.0,fly_ash,unknown,27.0,30.62184534104433,3.6128901311209978,67.90974987036772,16.336139857218722,20.60963732118038,4.11246574607801,37.958550554973215,544.6184727453931,True
10.1016/j.cemconres.2019.04.015::OPC_FA1_60::DoR_SCM::fig::40,1,10.1016/j.cemconres.2019.04.015,60.0,fly_ash,unknown,28.0,31.319398860711182,2.175527442896741,68.65278420955619,18.95761351323263,21.868452902619197,5.630320320983049,37.99226631382648,565.4629014438788,True
10.1016/j.cemconres.2019.04.015::OPC_FA1_60::DoR_SCM::fig::41,1,10.1016/j.cemconres.2019.04.015,90.0,fly_ash,unknown,28.5,33.06712314423535,3.8870887494953354,71.03721290442509,23.474155389613028,22.05401266914626,4.70848482743746,38.271011575781145,512.9493740099696,True
10.1016/j.cemconres.2019.04.015::OPC_FA1_60::DoR_SCM::fig::42,1,10.1016/j.cemconres.2019.04.015,180.0,fly_ash,unknown,30.5,33.00110767511085,2.901088498071751,70.01920055727238,27.672189962676427,22.21160689380002,4.685489839343272,39.398435895103525,516.7062368804387,True
10.1016/j.cemconres.2019.04.015::OPC_FA2_60::DoR_SCM::fig::43,1,10.1016/j.cemconres.2019.04.015,1.0,fly_ash,unknown,26.0,14.133791947476881,0.0,33.04107561133127,11.523790895619971,9.820563965213433,0.0,23.642521762881806,511.07485376767244,True
10.1016/j.cemconres.2019.04.015::OPC_FA2_60::DoR_SCM::fig::44,1,10.1016/j.cemconres.2019.04.015,7.0,fly_ash,unknown,27.0,24.411198213533304,0.0,53.391918944579395,14.657778701863233,17.416944933976936,1.1023572091837206,33.19469552743944,510.3624767354017,True
10.1016/j.cemconres.2019.04.015::OPC_FA2_60::DoR_SCM::fig::45,1,10.1016/j.cemconres.2019.04.015,28.0,fly_ash,unknown,28.0,30.720678243445665,2.801167175537869,65.52726911469351,18.203929249004005,21.7159343296263,4.55568275218293,38.5466919701728,503.67661142647637,True
10.1016/j.cemconres.2019.04.015::OPC_FA2_60::DoR_SCM::fig::46,1,10.1016/j.cemconres.2019.04.015,60.0,fly_ash,unknown,28.0,31.52407928413555,2.81753927624924,69.35582529339072,20.03722246213009,22.842787292849348,6.382934902748917,39.4281936117594,552.2901632221971,True
10.1016/j.cemconres.2019.04.015::OPC_FA2_60::DoR_SCM::fig::47,1,10.1016/j.cemconres.2019.04.015,90.0,fly_ash,unknown,28.5,32.754900541235884,2.9280288894955318,69.14184917455304,23.864592406143466,22.507672149943204,5.789130780009452,39.19722049047196,523.3931847753448,True
10.1016/j.cemconres.2019.04.015::OPC_FA2_60::DoR_SCM::fig::48,1,10.1016/j.cemconres.2019.04.015,180.0,fly_ash,unknown,31.0,33.26764250345615,3.533266304871486,72.20247338973205,27.814626877065884,23.36185941847986,5.607745147628029,40.80514342113955,532.4539169125454,True
10.1016/j.cemconres.2019.04.015::OPC_FA3_60::DoR_SCM::fig::49,1,10.1016/j.cemconres.2019.04.015,1.0,fly_ash,unknown,20.5,13.79324776564448,0.0,32.00211918083609,10.432290703709825,9.36241593931864,0.0,23.383458430185144,529.6974422110001,True
10.1016/j.cemconres.2019.04.015::OPC_FA3_60::DoR_SCM::fig::50,1,10.1016/j.cemconres.2019.04.015,7.0,fly_ash,unknown,21.5,23.994008860591396,0.5370506662793014,53.575938873277764,12.883220919291333,16.428906754572452,0.9034370895296436,31.499821141868413,543.2058388134411,True
10.1016/j.cemconres.2019.04.015::OPC_FA3_60::DoR_SCM::fig::51,1,10.1016/j.cemconres.2019.04.015,28.0,fly_ash,unknown,22.5,30.833938096301473,4.309190109846767,65.62969901217065,16.143640215418795,20.274613810474037,3.867332763860341,37.099532306043486,525.1654341813859,True
10.1016/j.cemconres.2019.04.015::OPC_FA3_60::DoR_SCM::fig::52,1,10.1016/j.cemconres.2019.04.015,60.0,fly_ash,unknown,22.2,32.68441933836579,3.0021642282451904,69.33882871823812,18.76511387143269,22.131138189469986,5.36187479225029,38.70546985337995,505.5112868026615,True
10.1016/j.cemconres.2019.04.015::OPC_FA3_60::DoR_SCM::fig::53,1,10.1016/j.cemconres.2019.04.015,90.0,fly_ash,unknown,23.5,32.68310293391756,3.425271934677682,70.96771307636305,23.554574429431327,22.303262823658063,5.074765399818783,39.12389147386472,535.9303152769498,True
10.1016/j.cemconres.2019.04.015::OPC_FA3_60::DoR_SCM::fig::54,1,10.1016/j.cemconres.2019.04.015,180.0,fly_ash,unknown,25.0,33.050779959290665,2.452323998602426,71.36093604234942,27.816439799398985,22.01559459761022,4.685778338015503,39.047469203179006,537.6524860007024,True
10.1016/j.cemconres.2019.04.015::LPC_FA1_60::DoR_SCM::fig::55,1,10.1016/j.cemconres.2019.04.015,1.0,fly_ash,unknown,22.0,13.280378758580209,0.0,32.79070072588325,10.377897858868785,9.244929822732315,0.0,23.778501625208666,518.0202206463573,True
10.1016/j.cemconres.2019.04.015::LPC_FA1_60::DoR_SCM::fig::56,1,10.1016/j.cemconres.2019.04.015,7.0,fly_ash,unknown,23.5,24.18678942366596,0.0,54.63200881705278,13.050921813978725,16.12012199496171,0.9000827265131419,31.47676272562116,531.5735554580509,True
10.1016/j.cemconres.2019.04.015::LPC_FA1_60::DoR_SCM::fig::57,1,10.1016/j.cemconres.2019.04.015,28.0,fly_ash,unknown,25.0,29.455644947381177,3.2247813016530453,63.20028925297141,16.336139857218722,20.675925099679578,4.477737938415788,36.927968747697406,575.0437712519974,True
10.1016/j.cemconres.2019.04.015::LPC_FA1_60::DoR_SCM::fig::58,1,10.1016/j.cemconres.2019.04.015,60.0,fly_ash,unknown,26.0,32.6431285173185,3.348671755049047,70.24884286330793,18.95761351323263,21.787020956500154,4.46516049666261,38.00098538383505,517.7473245557604,True
10.1016/j.cemconres.2019.04.015::LPC_FA1_60::DoR_SCM::fig::59,1,10.1016/j.cemconres.2019.04.015,90.0,fly_ash,unknown,26.0,32.23497709924136,3.014823854327312,68.66892769122516,23.474155389613028,22.446196480314036,5.574583732850224,38.3313646643302,521.118361636152,True
10.1016/j.cemconres.2019.04.015::LPC_FA1_60::DoR_SCM::fig::60,1,10.1016/j.cemconres.2019.04.015,180.0,fly_ash,unknown,26.0,33.91473900820007,5.137331447407751,69.89944480852148,27.672189962676427,22.32412993588221,6.118568093010811,38.9243067750833,529.1177522080385,True
10.1016/j.cemconres.2019.04.015::LPC_FA2_60::DoR_SCM::fig::61,1,10.1016/j.cemconres.2019.04.015,1.0,fly_ash,unknown,23.0,13.843132192136409,0.0,33.48122122950642,11.523790895619971,9.97060536871088,0.0,24.050703978760644,549.7087417943652,True
10.1016/j.cemconres.2019.04.015::LPC_FA2_60::DoR_SCM::fig::62,1,10.1016/j.cemconres.2019.04.015,7.0,fly_ash,unknown,25.0,24.303386888736362,0.26119577474352157,53.31090352687616,14.657778701863233,17.494464378172225,2.134244352577582,33.346380776182244,504.3547013513146,True
10.1016/j.cemconres.2019.04.015::LPC_FA2_60::DoR_SCM::fig::63,1,10.1016/j.cemconres.2019.04.015,28.0,fly_ash,unknown,26.5,30.008236900128832,2.035667463353232,64.51979734508241,18.203929249004005,22.014997871843526,5.609786789242803,38.76698024857263,532.8108316011004,True
10.1016/j.cemconres.2019.04.015::LPC_FA2_60::DoR_SCM::fig::64,1,10.1016/j.cemconres.2019.04.015,60.0,fly_ash,unknown,27.0,31.595001734095362,2.8504652490023505,67.39822163120111,20.03722246213009,22.8471621217118,6.493003784229298,39.27795511176986,551.8036818925495,True
10.1016/j.cemconres.2019.04.015::LPC_FA2_60::DoR_SCM::fig::65,1,10.1016/j.cemconres.2019.04.015,90.0,fly_ash,unknown,28.0,31.510057666618643,1.040226743676891,71.39962731378044,23.864592406143466,23.448051094867598,6.137029239036719,40.345682918094354,544.2266055474776,True
10.1016/j.cemconres.2019.04.015::LPC_FA2_60::DoR_SCM::fig::66,1,10.1016/j.cemconres.2019.04.015,180.0,fly_ash,unknown,28.5,32.51208782569949,2.1851034879623006,69.76560381599667,27.814626877065884,23.513965192700393,6.351568829690683,40.10356353738564,535.309143104056,True
10.1016/j.cemconres.2019.04.015::LPC_FA3_60::DoR_SCM::fig::67,1,10.1016/j.cemconres.2019.04.015,1.0,fly_ash,unknown,15.0,13.694870410303995,0.0,32.12543378601818,10.432290703709825,9.308872227682917,0.0,23.839074788867098,526.1203016759504,True
10.1016/j.cemconres.2019.04.015::LPC_FA3_60::DoR_SCM::fig::68,1,10.1016/j.cemconres.2019.04.015,7.0,fly_ash,unknown,16.0,24.850863938932108,1.182032680369743,54.43388272248979,12.883220919291333,16.257904687533422,0.9287660078499832,31.672427324085227,529.0680773611767,True
10.1016/j.cemconres.2019.04.015::LPC_FA3_60::DoR_SCM::fig::69,1,10.1016/j.cemconres.2019.04.015,28.0,fly_ash,unknown,18.0,30.996393131289672,3.3618802290494627,65.30073515604337,16.143640215418795,20.281803870303193,4.339669354123066,35.698814252964034,534.3889301136418,True
10.1016/j.cemconres.2019.04.015::LPC_FA3_60::DoR_SCM::fig::70,1,10.1016/j.cemconres.2019.04.015,60.0,fly_ash,unknown,20.0,33.35505999077484,3.638495133788395,69.5914287628257,18.76511387143269,21.66788859167508,5.364701365832215,38.63972104080064,527.7346370339752,True
10.1016/j.cemconres.2019.04.015::LPC_FA3_60::DoR_SCM::fig::71,1,10.1016/j.cemconres.2019.04.015,90.0,fly_ash,unknown,20.5,34.03741312581258,3.3194242811125716,69.37417129061159,23.554574429431327,21.73390847520206,5.010240387376812,37.59212696611371,506.945726673295,True
10.1016/j.cemconres.2019.04.015::LPC_FA3_60::DoR_SCM::fig::72,1,10.1016/j.cemconres.2019.04.015,180.0,fly_ash,unknown,22.0,33.69366119451671,3.70824512987245,71.51548951309827,27.816439799398985,22.773740921198975,6.136716589460758,38.566861580851736,527.7429831780714,True
10.1016/j.conbuildmat.2023.132543::Blended paste without PAS::DoR_SCM::fig::1,1,10.1016/j.conbuildmat.2023.132543,14.0,slag,unknown,14.0,29.696836500195932,6.881725181665112,51.1458971017726,28.069833034617574,25.98288582029647,10.544456554027397,40.94321398649027,508.04003310116514,True
10.1016/j.conbuildmat.2023.132543::Blended paste without PAS::DoR_SCM::fig::2,1,10.1016/j.conbuildmat.2023.132543,28.0,slag,unknown,25.0,36.26432584588473,9.601025838050388,61.99274142472989,31.218810371514987,31.6716413345581,15.41245623703236,47.74761983958513,513.2687624725935,True
10.1016/j.conbuildmat.2023.132543::Blended paste without PAS::DoR_SCM::fig::3,1,10.1016/j.conbuildmat.2023.132543,56.0,slag,unknown,34.0,43.41833590733626,13.818384871785108,72.27097174068771,34.9111739259094,38.34084604697513,22.16480412190251,55.170799807780355,499.7973849977565,True
10.1016/j.conbuildmat.2023.132543::Blended paste without PAS::DoR_SCM::fig::4,1,10.1016/j.conbuildmat.2023.132543,180.0,slag,unknown,70.0,51.19919502852083,14.56039223782676,83.88111729946496,43.41180947432502,45.88132590318061,26.45733456559175,64.17898700512235,472.946223623527,True
10.1016/j.jclepro.2022.133320::60CH40CGFA::DoR_SCM::fig::2,1,10.1016/j.jclepro.2022.133320,3.0,fly_ash,unknown,7.8,11.084672182600789,0.0,26.15863425640789,10.2824492707555,11.674541546951671,0.0,25.180680962140265,644.4196487683195,True
10.1016/j.jclepro.2022.133320::60CH40CGFA::DoR_SCM::fig::3,1,10.1016/j.jclepro.2022.133320,7.0,fly_ash,unknown,12.0,15.877296238510239,0.0,33.47820976961714,16.410323830333784,16.195356180408915,1.273934148890412,31.30297791217394,635.5708883706484,True
10.1016/j.jclepro.2022.133320::60CH40CGFA::DoR_SCM::fig::4,1,10.1016/j.jclepro.2022.133320,28.0,fly_ash,unknown,19.8,25.912720353866906,2.5489187607324233,48.52110482323842,26.234398235941136,27.907352120964667,12.030423357169633,43.435860977518495,622.5992409420675,True
10.1016/j.jclepro.2022.133320::60CH40CGFA::DoR_SCM::fig::5,1,10.1016/j.jclepro.2022.133320,56.0,fly_ash,unknown,19.5,32.256703122273024,7.583943635107281,57.48723906008029,31.508099425451086,34.873751305207,18.31953581004007,51.982818996603,619.6937607234271,True
10.1016/j.jclepro.2022.133320::50CH50CGFA::DoR_SCM::fig::7,1,10.1016/j.jclepro.2022.133320,3.0,fly_ash,unknown,7.0,11.375757480119528,0.0,26.793873424540077,8.367938535679878,11.02006633990906,0.0,24.362439679952082,608.3289382734213,True
10.1016/j.jclepro.2022.133320::50CH50CGFA::DoR_SCM::fig::8,1,10.1016/j.jclepro.2022.133320,7.0,fly_ash,unknown,10.5,15.64676377038301,0.0,33.62268985978617,14.495813095258198,14.698896673982732,0.0,28.39320749661483,579.5300627629006,True
10.1016/j.jclepro.2022.133320::50CH50CGFA::DoR_SCM::fig::9,1,10.1016/j.jclepro.2022.133320,28.0,fly_ash,unknown,18.0,25.675098816234414,2.354328560374071,48.611624036304256,23.76948370154078,24.48755695592121,7.990674182064686,40.6315356055082,606.0285607764469,True
10.1016/j.jclepro.2022.133320::50CH50CGFA::DoR_SCM::fig::10,1,10.1016/j.jclepro.2022.133320,56.0,fly_ash,unknown,18.2,30.940010297660688,5.055283761086539,58.2571712667416,27.356579199069827,30.26720382888879,13.09381398107867,46.555011014321735,605.6296226571181,True
10.1016/j.jclepro.2022.133320::40CH60CGFA::DoR_SCM::fig::12,1,10.1016/j.jclepro.2022.133320,3.0,fly_ash,unknown,6.2,11.142237460989737,0.0,26.54114625798392,8.27490769206645,10.182842964413755,0.0,24.93626450264134,616.9699223463548,True
10.1016/j.jclepro.2022.133320::40CH60CGFA::DoR_SCM::fig::13,1,10.1016/j.jclepro.2022.133320,7.0,fly_ash,unknown,9.2,15.225654339326969,0.0,33.774334577852024,13.889534148994638,13.747525642602564,0.0,28.222862853589405,595.8202089436849,True
10.1016/j.jclepro.2022.133320::40CH60CGFA::DoR_SCM::fig::14,1,10.1016/j.jclepro.2022.133320,28.0,fly_ash,unknown,16.5,24.390032228863127,2.133575590313947,47.7313526537385,21.41544657237908,22.62272830198533,6.409619978582589,38.640622037411326,606.8056211639706,True
10.1016/j.jclepro.2022.133320::40CH60CGFA::DoR_SCM::fig::15,1,10.1016/j.jclepro.2022.133320,56.0,fly_ash,unknown,16.8,30.311699644020543,5.8536545561889755,57.845797636592714,24.981113831162713,28.13346289504482,11.504970688131424,43.720445016405954,627.144839853154,True
10.1016/j.jclepro.2022.133320::25CH75CGFA::DoR_SCM::fig::17,1,10.1016/j.jclepro.2022.133320,3.0,fly_ash,unknown,4.3,10.907021151667596,0.0,26.79193504194761,7.492099220982368,9.088107230804386,0.0,23.06247964442904,622.0584155750347,True
10.1016/j.jclepro.2022.133320::25CH75CGFA::DoR_SCM::fig::18,1,10.1016/j.jclepro.2022.133320,7.0,fly_ash,unknown,6.8,14.543999423935118,0.0,33.25697228260026,11.248592293408523,12.015257626458663,0.0,26.23261633825667,614.3246206856674,True
10.1016/j.jclepro.2022.133320::25CH75CGFA::DoR_SCM::fig::19,1,10.1016/j.jclepro.2022.133320,28.0,fly_ash,unknown,11.0,22.60592966189166,0.0,47.74022212425975,16.34636088756558,18.87540484652809,2.1741281719607892,35.219540239380855,603.9876598141283,True
10.1016/j.jclepro.2022.133320::25CH75CGFA::DoR_SCM::fig::20,1,10.1016/j.jclepro.2022.133320,56.0,fly_ash,unknown,12.4,28.079798403087626,2.1093417786797706,57.46866465002092,19.585350617166018,22.16809827844634,4.692144011775003,39.385258018053804,597.0240480431726,True
10.1016/j.conbuildmat.2018.11.287::B::DoR_SCM::14::dig29172e93,1,10.1016/j.conbuildmat.2018.11.287,3.0,fly_ash,other_unknown,3.0,10.436739165713355,0.0,25.295853878516596,14.928203163326518,12.365520471032605,0.0,27.093094574313806,494.59938008220587,True
10.1016/j.conbuildmat.2018.11.287::B::DoR_SCM::14::dig1bf8ced6,1,10.1016/j.conbuildmat.2018.11.287,7.0,fly_ash,other_unknown,8.2,13.944347177485936,0.0,32.99439971327363,21.577817520596906,17.237732826048912,2.2751682819930945,32.409046454837764,478.8956571798859,True
10.1016/j.conbuildmat.2018.11.287::B::DoR_SCM::14::dig0de0274b,1,10.1016/j.conbuildmat.2018.11.287,28.0,fly_ash,other_unknown,25.5,21.835547279428184,0.0,45.85968276343168,31.038736070980487,28.299744306807625,12.896362692482786,44.74923286971671,478.4682360491776,True
10.1016/j.conbuildmat.2018.11.287::L2::DoR_SCM::15::digaf0e61a9,1,10.1016/j.conbuildmat.2018.11.287,3.0,fly_ash,other_unknown,3.6,9.936580321866881,0.0,24.62098185837568,14.928203163326518,12.01703099411393,0.0,25.78782010247187,501.2694198306588,True
10.1016/j.conbuildmat.2018.11.287::L2::DoR_SCM::15::digf80cfcb2,1,10.1016/j.conbuildmat.2018.11.287,7.0,fly_ash,other_unknown,9.0,13.274465354936735,0.0,30.93750555346463,21.577817520596906,17.65802259309461,3.024136025859791,32.27962500778738,512.2448003232956,True
10.1016/j.conbuildmat.2018.11.287::L2::DoR_SCM::15::dig7428edf8,1,10.1016/j.conbuildmat.2018.11.287,28.0,fly_ash,other_unknown,26.7,22.220622384905646,0.2176866761440827,45.60136277296519,31.038736070980487,28.36693974505985,11.997539303833644,43.556684570959696,485.91671529413935,True
10.1016/j.conbuildmat.2018.11.287::S3::DoR_SCM::16::dig14cc127e,1,10.1016/j.conbuildmat.2018.11.287,3.0,fly_ash,other_unknown,4.2,9.908022766105852,0.0,25.57673089934985,14.928203163326518,12.176178117382035,0.0,26.36873728537378,482.8866488654936,True
10.1016/j.conbuildmat.2018.11.287::S3::DoR_SCM::16::dig011fb461,1,10.1016/j.conbuildmat.2018.11.287,7.0,fly_ash,other_unknown,10.7,13.793020724221373,0.0,31.27474014554551,21.577817520596906,17.944697422813864,2.9459007487915163,32.842910046569415,502.3760304779391,True
10.1016/j.conbuildmat.2018.11.287::S3::DoR_SCM::16::dig4c9ab586,1,10.1016/j.conbuildmat.2018.11.287,28.0,fly_ash,other_unknown,29.0,21.976968814863838,0.1447005423408048,47.20363400989647,31.038736070980487,28.903303284094097,12.984797179227616,45.00714456141212,488.4863079747338,True
10.1016/j.conbuildmat.2018.11.287::P3::DoR_SCM::17::dig63aad5a8,1,10.1016/j.conbuildmat.2018.11.287,3.0,fly_ash,other_unknown,4.4,10.047477665148163,0.0,25.539102685157243,14.928203163326518,12.359351163222692,0.0,26.61126017938031,489.5417167525119,True
10.1016/j.conbuildmat.2018.11.287::P3::DoR_SCM::17::digaae50cc8,1,10.1016/j.conbuildmat.2018.11.287,7.0,fly_ash,other_unknown,11.1,13.737130106076286,0.0,30.29271469246136,21.577817520596906,17.29160426676254,2.5576968561691404,32.12449946707916,488.3665033011386,True
10.1016/j.conbuildmat.2018.11.287::P3::DoR_SCM::17::dig9c09c084,1,10.1016/j.conbuildmat.2018.11.287,28.0,fly_ash,other_unknown,30.1,22.37912923117839,0.09399161563404006,46.475011730784246,31.038736070980487,28.277997368827364,12.037940972813754,45.68772639718066,480.1232100171656,True
10.1016/j.conbuildmat.2018.11.287::A4::DoR_SCM::18::digdf9bab8c,1,10.1016/j.conbuildmat.2018.11.287,3.0,fly_ash,other_unknown,4.9,10.193288944026945,0.0,25.495246112540023,14.928203163326518,12.221285076101289,0.0,26.13618541410763,483.11510831044586,True
10.1016/j.conbuildmat.2018.11.287::A4::DoR_SCM::18::dig6e57ad2d,1,10.1016/j.conbuildmat.2018.11.287,7.0,fly_ash,other_unknown,12.1,14.080233208751427,0.0,32.0544913575082,21.577817520596906,17.2633864598957,2.614308871426126,32.79622814596927,506.55616432874757,True
10.1016/j.conbuildmat.2018.11.287::A4::DoR_SCM::18::digb699c0e9,1,10.1016/j.conbuildmat.2018.11.287,28.0,fly_ash,other_unknown,31.2,21.914278392269736,0.0,46.421140659844156,31.038736070980487,28.55865591564193,12.916768223093621,44.65670653845752,474.606585582997,True
10.1016/j.conbuildmat.2018.11.287::LA3::DoR_SCM::19::diga2189043,1,10.1016/j.conbuildmat.2018.11.287,3.0,fly_ash,other_unknown,3.6,10.489028194615218,0.0,26.68128447708953,14.928203163326518,12.398631882660984,0.0,26.061609162792127,495.82711257841805,True
10.1016/j.conbuildmat.2018.11.287::LA3::DoR_SCM::19::digc8b261d7,1,10.1016/j.conbuildmat.2018.11.287,7.0,fly_ash,other_unknown,11.6,13.713767922191227,0.0,32.003495994093626,21.577817520596906,16.842748195677753,2.2173587711891165,31.208563102220037,473.17086580716295,True
10.1016/j.conbuildmat.2018.11.287::LA3::DoR_SCM::19::dig4f4aee01,1,10.1016/j.conbuildmat.2018.11.287,28.0,fly_ash,other_unknown,31.9,22.077458171086516,0.0,47.38215485937349,31.038736070980487,28.740743536146013,12.885170311908015,45.10055238167847,476.5661797466895,True
10.1016/j.cemconcomp.2006.05.018::M_10_25_W::DoR_SCM::dig414d1847,1,10.1016/j.cemconcomp.2006.05.018,7.0,fly_ash,selective_dissolution,4.0,10.215519930764504,0.0,21.071384505586195,13.124573919737784,10.307107410537133,0.0,21.037841234565406,1020.9214222700501,True
10.1016/j.cemconcomp.2006.05.018::M_10_25_W::DoR_SCM::dig653367b9,1,10.1016/j.cemconcomp.2006.05.018,28.0,fly_ash,selective_dissolution,8.8,18.907915174302023,5.131712067430987,32.374708533940826,21.722094065473865,18.878667077504428,7.09835036562496,30.99745394722333,1022.7757251223792,True
10.1016/j.cemconcomp.2006.05.018::M_10_25_W::DoR_SCM::dig0a16ad93,1,10.1016/j.cemconcomp.2006.05.018,56.0,fly_ash,selective_dissolution,9.5,24.882428576324884,9.497506914732897,40.082018902240335,25.12505352960797,25.233735168758816,12.422244796160731,38.522230531973456,1023.5286973687373,True
10.1016/j.cemconcomp.2006.05.018::M_10_25_W::DoR_SCM::digee5f9782,1,10.1016/j.cemconcomp.2006.05.018,91.0,fly_ash,selective_dissolution,12.0,30.745029275425367,14.987782039330144,46.828528572127865,32.91197483207847,30.789074537401294,17.083212893513796,44.09849548042302,1034.3684930389618,True
10.1016/j.cemconcomp.2006.05.018::M_10_25_W::DoR_SCM::dig7f8d5ad0,1,10.1016/j.cemconcomp.2006.05.018,182.0,fly_ash,selective_dissolution,27.5,39.738810956913895,21.70593907176206,59.07343585474795,38.428171571264826,39.703801406561055,25.316593532471845,53.712275525621685,1021.2671505905303,True
10.1016/j.cemconcomp.2006.05.018::M_10_25_W7::DoR_SCM::dig6010cf8b,1,10.1016/j.cemconcomp.2006.05.018,7.0,fly_ash,selective_dissolution,4.0,10.450693796758896,0.0,22.669636310188636,13.124573919737784,10.364190316678714,0.0,20.860195293582265,1026.3031725190058,True
10.1016/j.cemconcomp.2006.05.018::M_10_25_W7::DoR_SCM::dig0d88572c,1,10.1016/j.cemconcomp.2006.05.018,28.0,fly_ash,selective_dissolution,3.0,19.0848648524026,6.226157131094939,33.65399450750716,21.722094065473865,18.74705809450617,7.086041646618987,31.75455551657934,1036.1531032958885,True
10.1016/j.cemconcomp.2006.05.018::M_10_25_W7::DoR_SCM::dig5e134b45,1,10.1016/j.cemconcomp.2006.05.018,56.0,fly_ash,selective_dissolution,4.0,24.9556378346813,10.044408884728544,39.550356625220175,25.12505352960797,25.722838967778866,13.350790640275616,38.83751765340118,1015.5740641454972,True
10.1016/j.cemconcomp.2006.05.018::M_10_25_W7::DoR_SCM::dige4d462d1,1,10.1016/j.cemconcomp.2006.05.018,91.0,fly_ash,selective_dissolution,8.8,30.393288223327442,14.287648693922291,47.04052924638135,32.91197483207847,30.687661762569714,17.241850208276425,44.2234317291983,1028.4383008426146,True
10.1016/j.cemconcomp.2006.05.018::M_10_25_W7::DoR_SCM::digf905d537,1,10.1016/j.cemconcomp.2006.05.018,182.0,fly_ash,selective_dissolution,19.0,39.79666333311796,22.161380009233586,57.81454047137613,38.428171571264826,40.319373084098004,26.529362954184727,54.23275306921289,1028.173520907524,True
10.1016/j.cemconcomp.2006.05.018::M_10_50_W::DoR_SCM::dige57b5ccc,1,10.1016/j.cemconcomp.2006.05.018,7.0,fly_ash,selective_dissolution,0.0,11.460109555490053,0.0,23.724353976930455,11.349987572707224,9.887568002233275,0.0,20.872132192862342,810.5962227355361,True
10.1016/j.cemconcomp.2006.05.018::M_10_50_W::DoR_SCM::dig3f459ea7,1,10.1016/j.cemconcomp.2006.05.018,28.0,fly_ash,selective_dissolution,2.3,20.880175040842985,6.652031624130557,35.67893567636632,18.70501669569288,17.965546800418753,5.3712037277206806,30.72223904908268,808.7654318004903,True
10.1016/j.cemconcomp.2006.05.018::M_10_50_W::DoR_SCM::dig557aafd6,1,10.1016/j.cemconcomp.2006.05.018,56.0,fly_ash,selective_dissolution,4.2,27.465778602315368,12.097744183867453,43.71756793772787,21.36588575069824,23.88411456093178,11.821817827169953,36.62824052320926,820.9472628564683,True
10.1016/j.cemconcomp.2006.05.018::M_10_50_W::DoR_SCM::dig5957332b,1,10.1016/j.cemconcomp.2006.05.018,91.0,fly_ash,selective_dissolution,8.0,33.13595856026791,15.24438350457643,51.22777657323237,27.181726783147457,28.803395516112868,14.618395013389943,42.47249403140299,829.169786328542,True
10.1016/j.cemconcomp.2006.05.018::M_10_50_W::DoR_SCM::digda5fc0a3,1,10.1016/j.cemconcomp.2006.05.018,182.0,fly_ash,selective_dissolution,12.7,42.421731359500235,21.386626971208074,62.071420651818336,32.340040759551954,37.62032488637548,21.3301592710253,52.810141586027584,808.2631170753326,True
10.1016/j.cemconcomp.2006.05.018::M_10_50_W7::DoR_SCM::digc36685d9,1,10.1016/j.cemconcomp.2006.05.018,7.0,fly_ash,selective_dissolution,0.0,11.708937934671518,0.0,23.58773952180776,11.349987572707224,9.865992961470598,0.0,20.841882493252164,807.1469145599183,True
10.1016/j.cemconcomp.2006.05.018::M_10_50_W7::DoR_SCM::dig756ba6b9,1,10.1016/j.cemconcomp.2006.05.018,28.0,fly_ash,selective_dissolution,2.3,20.435576383817953,5.609874102899649,35.35934172455856,18.70501669569288,17.919308566862476,5.897412662485532,30.223601379012056,810.0060733578188,True
10.1016/j.cemconcomp.2006.05.018::M_10_50_W7::DoR_SCM::dig2c41ea2c,1,10.1016/j.cemconcomp.2006.05.018,56.0,fly_ash,selective_dissolution,3.0,27.63123169934919,11.204454401872479,44.0043259285835,21.36588575069824,23.224534832412616,9.989065190412768,36.62903601223103,814.6229625373569,True
10.1016/j.cemconcomp.2006.05.018::M_10_50_W7::DoR_SCM::digf47afe2c,1,10.1016/j.cemconcomp.2006.05.018,91.0,fly_ash,selective_dissolution,3.2,33.15015654507208,15.621858281647963,51.36072151850885,27.181726783147457,28.76712177394148,14.987558820223143,42.33481612626595,825.2717506246031,True
10.1016/j.cemconcomp.2006.05.018::M_10_50_W7::DoR_SCM::digee8cc8a0,1,10.1016/j.cemconcomp.2006.05.018,182.0,fly_ash,selective_dissolution,8.7,42.568171855223,20.777811029029653,61.46674388763196,32.340040759551954,38.00304371147807,22.181932792141335,53.52369805229146,808.9036382746614,True
10.1016/j.cemconres.2014.06.011::CEM_MK::DoR_SCM::hunt52b77126,1,10.1016/j.cemconres.2014.06.011,3.0,other,XRD_PONKCS,3.0,19.358278722539367,0.0,44.29204389173276,21.85298367259347,21.28678349676177,0.0,43.199158614462746,403.07007477901504,True
10.1016/j.cemconres.2014.06.011::CEM_MK::DoR_SCM::huntdd3ba909,1,10.1016/j.cemconres.2014.06.011,7.0,other,XRD_PONKCS,7.0,24.84739606690624,0.0,54.15692168049567,29.201637355190112,27.764842380534354,3.740408160044971,50.27828054405884,419.66019612550963,True
10.1016/j.cemconres.2014.06.011::CEM_MK::DoR_SCM::hunt893414bc,1,10.1016/j.cemconres.2014.06.011,28.0,other,XRD_PONKCS,21.0,32.35568980701241,0.0,68.17463757315254,37.81061002961406,38.61096246584697,15.268273018762505,61.04203209739463,414.903152571658,True
10.1016/j.cemconres.2014.06.011::CEM_MK_Q::DoR_SCM::huntbbfb3981,1,10.1016/j.cemconres.2014.06.011,3.0,other,XRD_PONKCS,4.0,18.196512631679433,0.0,43.73648457749645,21.85298367259347,21.41137579242626,0.0,42.76114729311614,408.1620555851577,True
10.1016/j.cemconres.2014.06.011::CEM_MK_Q::DoR_SCM::hunt0a55398d,1,10.1016/j.cemconres.2014.06.011,7.0,other,XRD_PONKCS,10.0,23.25232109928116,0.0,51.017575094683615,29.201637355190112,28.373842944522753,6.342351094235418,49.32371630540407,422.5745486614381,True
10.1016/j.cemconres.2014.06.011::CEM_MK_Q::DoR_SCM::huntcc72b7a6,1,10.1016/j.cemconres.2014.06.011,28.0,other,XRD_PONKCS,24.0,31.980762177171226,0.0,67.67090827453762,37.81061002961406,38.368390536077314,15.11908469402683,60.65989380969439,401.7984669840779,True
10.1016/j.cemconres.2014.06.011::CEM_MK_Cc6::DoR_SCM::hunt1e51109a,1,10.1016/j.cemconres.2014.06.011,3.0,other,XRD_PONKCS,8.0,18.85146615858665,0.0,44.65381407284904,21.85298367259347,21.644791935722264,0.0,42.981890442099576,398.28945931580915,True
10.1016/j.cemconres.2014.06.011::CEM_MK_Cc6::DoR_SCM::huntf57908b0,1,10.1016/j.cemconres.2014.06.011,7.0,other,XRD_PONKCS,12.0,23.753325660598506,0.0,52.209425366638264,29.201637355190112,28.683343515867545,5.64888960433855,51.072120492590656,397.48282375961116,True
10.1016/j.cemconres.2014.06.011::CEM_MK_Cc6::DoR_SCM::huntffcc5039,1,10.1016/j.cemconres.2014.06.011,28.0,other,XRD_PONKCS,24.0,32.31745835188451,0.0,69.63818603578528,37.81061002961406,39.64930847291043,16.58329923931382,62.42296447179462,402.58185766300943,True
10.1016/j.cemconres.2014.06.011::CEM_Slag::DoR_SCM::huntcdbb5855,1,10.1016/j.cemconres.2014.06.011,3.0,slag,XRD_PONKCS,11.0,17.286451577439195,0.0,40.50610607743058,23.291063313875075,15.963836449156304,0.0,36.02583465084386,552.3661218131878,True
10.1016/j.cemconres.2014.06.011::CEM_Slag::DoR_SCM::hunt1a712be7,1,10.1016/j.cemconres.2014.06.011,7.0,slag,XRD_PONKCS,23.0,23.38956930142387,0.0,46.08937493669773,30.629865050167187,21.28701152215834,0.0,42.67023629692833,558.5167052944248,True
10.1016/j.cemconres.2014.06.011::CEM_Slag::DoR_SCM::hunt08a99db2,1,10.1016/j.cemconres.2014.06.011,28.0,slag,XRD_PONKCS,36.0,37.573335185972844,8.0031515948717,66.3791879349809,36.93403128633887,34.19096544297801,12.26492580819963,56.56431456102914,542.3038463568308,True
10.1016/j.cemconres.2022.107042::P135::DoR_SCM::dig4a244d09a,1,10.1016/j.cemconres.2022.107042,180.0,fly_ash,other_unknown,26.7,28.8275843472957,1.3016430045158396,64.41150371602095,36.206292560640435,32.80273648130128,13.29026185701344,52.572965444415175,562.9316677829264,True
10.1016/j.cemconres.2022.107042::P135::DoR_SCM::dig44a815c6f,1,10.1016/j.cemconres.2022.107042,180.0,fly_ash,other_unknown,19.8,30.72993962795972,2.676062552347402,65.73991055021355,36.206292560640435,32.7648795323137,14.332704459529925,50.5200314432841,571.0927331410326,True
10.1016/j.cemconres.2022.107042::P145::DoR_SCM::dig4cf3470e6,1,10.1016/j.cemconres.2022.107042,180.0,fly_ash,other_unknown,30.6,35.93633643061208,6.134927529768032,68.23625906698254,39.48203870408857,37.64410201036803,18.86825733767232,57.886300743708624,598.5558142093682,True
10.1016/j.cemconres.2022.107042::P145::DoR_SCM::dig4148ae237,1,10.1016/j.cemconres.2022.107042,180.0,fly_ash,other_unknown,24.3,35.68622721121512,5.311213512113056,69.81370888389029,39.48203870408857,37.9450912930202,19.410203266992617,57.84413203455899,569.5399071397259,True
10.1016/j.cemconres.2022.107042::P235::DoR_SCM::dig4a3db5d13,1,10.1016/j.cemconres.2022.107042,180.0,slag,other_unknown,40.0,54.68440238254811,17.546068506081404,85.16784559710239,56.15741671882199,62.24569110988116,43.86755411020381,82.05480466885724,580.2648750305879,True
10.1016/j.cemconres.2022.107042::P235::DoR_SCM::dig4229360bd,1,10.1016/j.cemconres.2022.107042,180.0,slag,other_unknown,42.7,55.0634296277721,18.97977378795216,86.8103744551995,56.15741671882199,61.70218219382428,43.75571562456267,79.70066022041586,587.6187678345249,True
10.1016/j.cemconres.2022.107042::P245::DoR_SCM::dig439fb5571,1,10.1016/j.cemconres.2022.107042,180.0,slag,other_unknown,50.2,59.549224669624955,27.587412245244398,85.2440237725743,59.43316286227012,66.51605808299874,47.37886527066021,85.25318592275606,736.6650071370943,True
10.1016/j.cemconres.2022.107042::P245::DoR_SCM::dig4a6762c46,1,10.1016/j.cemconres.2022.107042,180.0,slag,other_unknown,47.1,59.05558865175794,25.536793947704385,85.78985496761602,59.43316286227012,65.54395835542788,47.35665178209076,83.55349168548419,742.0232577380542,True
10.1016/j.cemconres.2022.107042::P255::DoR_SCM::dig43733dc90,1,10.1016/j.cemconres.2022.107042,180.0,slag,other_unknown,52.5,61.1970342664046,32.77111119004511,82.88662043669402,59.1453697265139,66.76023909493317,49.053374434828825,83.19398678573927,855.4975991820727,True
10.1016/j.cemconres.2022.107042::P255::DoR_SCM::dig41b7c849c,1,10.1016/j.cemconres.2022.107042,180.0,slag,other_unknown,47.8,60.89520866133578,30.85112332359947,83.56699372379946,59.1453697265139,66.61029168504933,48.99255198739545,83.4531817156874,857.6429466430681,True
10.1016/j.cemconres.2022.107042::P335::DoR_SCM::dig420e4319f,1,10.1016/j.cemconres.2022.107042,180.0,slag,other_unknown,43.1,55.20125590277084,20.847021342933168,85.80812053781906,56.15741671882199,62.186766520997956,43.51435589952693,81.16982203167282,602.7487761372405,True
10.1016/j.cemconres.2022.107042::P335::DoR_SCM::dig4c4ba40bf,1,10.1016/j.cemconres.2022.107042,180.0,slag,other_unknown,39.2,55.13798390710923,19.45363800569146,85.18082997307087,56.15741671882199,61.37119392321348,42.20858790200626,80.16203253059913,605.6171331956026,True
10.1016/j.cemconres.2022.107042::P345::DoR_SCM::dig46e28f97f,1,10.1016/j.cemconres.2022.107042,180.0,slag,other_unknown,50.2,59.29086956423991,25.692970288512726,85.99409214321331,59.43316286227012,66.8014375046682,49.56440169892146,84.69537889372526,729.9436320409955,True
10.1016/j.cemconres.2022.107042::P345::DoR_SCM::dig4d3707d9e,1,10.1016/j.cemconres.2022.107042,180.0,slag,other_unknown,51.8,59.79381033886691,23.80135062729645,86.53295967922055,59.43316286227012,66.23939544086267,48.87064178465598,84.33850372894585,715.7190221570571,True
10.1016/j.cemconres.2022.107042::P355::DoR_SCM::dig46d4cf230,1,10.1016/j.cemconres.2022.107042,180.0,slag,other_unknown,59.2,61.26966818854947,31.58730114440124,84.56398345260709,59.1453697265139,67.48250371732931,49.395099134333165,84.07347435682242,864.5714372908163,True
10.1016/j.cemconres.2022.107042::P355::DoR_SCM::dig474161a9d,1,10.1016/j.cemconres.2022.107042,180.0,slag,other_unknown,54.1,61.52002003843025,33.471458714659185,85.11545425640044,59.1453697265139,66.82867399938888,50.16061790455033,83.37019353435859,844.5144476950203,True
10.1016/j.cemconcomp.2022.104609::NS0::DoR_SCM::38,2,10.1016/j.cemconcomp.2022.104609,1.0,slag,selective_dissolution,8.5,11.58192129480807,0.0,25.39815853942165,6.94704285928245,8.341109435623776,0.0,18.88935176267237,465.3223022271049,True
10.1016/j.cemconcomp.2022.104609::NS3::DoR_SCM::39,2,10.1016/j.cemconcomp.2022.104609,1.0,slag,selective_dissolution,11.0,11.50177835671404,0.0,25.436354144986094,6.838699338138489,8.380940357304446,0.0,18.098189745333283,462.7730960813117,True
10.1016/j.cemconres.2011.11.010::A-S1::DoR_SCM::0,2,10.1016/j.cemconres.2011.11.010,28.0,slag,SEM_BSE,41.8,42.19054459536908,9.326894631183364,74.22732738153978,53.94991220740143,51.99819957085664,29.329879131761526,74.66892235194183,490.7084994309009,True
10.1016/j.cemconres.2011.11.010::B-S1::DoR_SCM::3,2,10.1016/j.cemconres.2011.11.010,28.0,slag,SEM_BSE,32.6,42.7234488422186,9.991758210907774,73.17365343529765,53.94991220740143,51.24834112265849,28.642937915092737,73.1507540087036,523.6413786103835,True
10.1016/j.cemconres.2011.11.010::C-S1::DoR_SCM::6,2,10.1016/j.cemconres.2011.11.010,28.0,slag,SEM_BSE,37.5,42.346376936127356,9.902675133575325,74.32072027643015,53.94991220740143,51.59395410076148,29.764467636928785,73.1071402802097,503.078176722558,True
10.1016/j.cemconres.2011.11.010::A-S8::DoR_SCM::9,2,10.1016/j.cemconres.2011.11.010,28.0,slag,SEM_BSE,55.400000000000006,42.8851992559973,9.497304530987671,73.8523182959738,59.76970764709376,56.49131668827294,33.732712262668876,79.58098844775132,412.87433530897925,True
10.1016/j.cemconres.2011.11.010::B-S8::DoR_SCM::12,2,10.1016/j.cemconres.2011.11.010,28.0,slag,SEM_BSE,50.8,41.858443861409675,8.889307682819474,73.41783743696246,59.76970764709376,56.9799389960513,34.920049110221186,79.1104720257855,400.93623350564934,True
10.1016/j.cemconres.2011.11.010::C-S8::DoR_SCM::15,2,10.1016/j.cemconres.2011.11.010,28.0,slag,SEM_BSE,55.2,43.235483700994024,9.440145342834606,74.0318469053414,59.76970764709376,56.17459684450376,33.73144714409613,78.94860320215564,436.4904959904054,True
10.1016/j.cemconres.2013.12.002::P_0p3_20::DoR_SCM::6,2,10.1016/j.cemconres.2013.12.002,3.0,slag,SEM_BSE,8.0,19.343582144170227,0.0,40.92661599756211,26.56359525566556,22.463380831113827,1.8599820120265536,43.417755423195715,496.21197568798084,True
10.1016/j.cemconres.2013.12.002::P_0p3_20::DoR_SCM::7,2,10.1016/j.cemconres.2013.12.002,28.0,slag,SEM_BSE,20.0,39.355099138560725,9.333428378286728,69.10222214006875,52.75144866055493,47.069460333010525,24.29167433939522,70.57340222938245,504.2811753320069,True
10.1016/j.cemconres.2013.12.002::P_0p3_20::DoR_SCM::8,2,10.1016/j.cemconres.2013.12.002,365.0,slag,SEM_BSE,55.00000000000001,54.81543710388888,14.294956037572659,91.06568059113161,61.066675020029315,64.24200311529516,40.19293427787083,88.53117535693154,514.3109461753457,True
10.1016/j.cemconres.2013.12.002::P_0p3_40::DoR_SCM::12,2,10.1016/j.cemconres.2013.12.002,3.0,slag,SEM_BSE,5.0,18.465985085971223,0.0,41.4610355967287,26.47864783253991,21.58000291283346,1.017502701247363,42.474145653960726,432.9593396784271,True
10.1016/j.cemconres.2013.12.002::P_0p3_40::DoR_SCM::13,2,10.1016/j.cemconres.2013.12.002,28.0,slag,SEM_BSE,12.0,36.296547791516055,3.458458314127561,68.46152299171887,52.25647079558737,46.69871115801008,24.728221368606036,68.92333279175533,452.48257080124023,True
10.1016/j.cemconres.2013.12.002::P_0p3_40::DoR_SCM::14,2,10.1016/j.cemconres.2013.12.002,365.0,slag,SEM_BSE,42.0,49.23979919892841,13.23557137851479,87.21415477301203,60.13374510206963,63.879977728993545,37.36523899374686,87.8303245755386,455.3104573329975,True
10.1016/j.cemconres.2013.12.002::P_0p3_60::DoR_SCM::18,2,10.1016/j.cemconres.2013.12.002,3.0,slag,SEM_BSE,3.0,17.384985814816908,0.0,39.71020702235742,22.520637050171672,21.12063345626976,0.0,41.984895192084565,441.49948573991685,True
10.1016/j.cemconres.2013.12.002::P_0p3_60::DoR_SCM::19,2,10.1016/j.cemconres.2013.12.002,28.0,slag,SEM_BSE,10.0,33.80319391465678,2.4869971012044143,66.52725616456462,47.70656063469755,43.198582247375235,20.832952137141913,65.22975468977879,425.50227027597737,True
10.1016/j.cemconres.2013.12.002::P_0p3_60::DoR_SCM::20,2,10.1016/j.cemconres.2013.12.002,365.0,slag,SEM_BSE,36.0,44.42164643587357,8.723888504170498,83.44719106459559,56.580847588456365,57.77833681823602,34.925791726035456,81.04158351481992,412.81548757958467,True
10.1016/j.cemconres.2013.12.002::P_0p35_20::DoR_SCM::27,2,10.1016/j.cemconres.2013.12.002,3.0,slag,SEM_BSE,16.0,20.643255335973105,0.0,43.534727649880836,27.85691893241123,23.958947617922664,3.0341683663290766,45.77714789973658,510.1137715429554,True
10.1016/j.cemconres.2013.12.002::P_0p35_20::DoR_SCM::28,2,10.1016/j.cemconres.2013.12.002,28.0,slag,SEM_BSE,32.0,40.99767981484974,9.848399424433872,70.28940403282395,54.506034533248204,49.13902215939804,26.42805147938615,72.1518709698133,524.2095410429733,True
10.1016/j.cemconres.2013.12.002::P_0p35_20::DoR_SCM::29,2,10.1016/j.cemconres.2013.12.002,365.0,slag,SEM_BSE,59.0,55.31904192339314,16.048083748007695,92.1061751749957,62.90784282394342,67.82195873614185,43.745057494025374,92.16496527185159,501.89024529294335,True
10.1016/j.cemconres.2013.12.002::P_0p35_40::DoR_SCM::33,2,10.1016/j.cemconres.2013.12.002,3.0,slag,SEM_BSE,14.000000000000002,19.70955908507798,0.0,42.78291769672569,27.19150215476316,22.40921506126553,1.1956926914908357,43.428200711313515,474.0156863547488,True
10.1016/j.cemconres.2013.12.002::P_0p35_40::DoR_SCM::34,2,10.1016/j.cemconres.2013.12.002,28.0,slag,SEM_BSE,10.0,38.9214898554349,6.305820286319759,71.18337818434763,53.2566413828804,48.02337655004605,26.617609087437934,68.8095700187792,464.2055009526443,True
10.1016/j.cemconres.2013.12.002::P_0p35_40::DoR_SCM::35,2,10.1016/j.cemconres.2013.12.002,365.0,slag,SEM_BSE,45.0,51.44386737551601,11.006698080147887,88.27015405300428,61.16703662475511,63.92287563721809,39.470289853245156,87.14281519089515,468.84278605697557,True
10.1016/j.cemconres.2013.12.002::P_0p35_60::DoR_SCM::39,2,10.1016/j.cemconres.2013.12.002,3.0,slag,SEM_BSE,16.0,18.235749719353304,0.0,40.656368649830796,23.37120395493939,21.9144078015055,0.6966868205923437,43.68370877697617,449.23335290765584,True
10.1016/j.cemconres.2013.12.002::P_0p35_60::DoR_SCM::40,2,10.1016/j.cemconres.2013.12.002,28.0,slag,SEM_BSE,10.0,36.87034983743842,3.924436058315467,70.8848205570665,48.84444380453507,45.05602436795354,22.805628277466557,68.13286295689838,444.48469892701024,True
10.1016/j.cemconres.2013.12.002::P_0p35_60::DoR_SCM::41,2,10.1016/j.cemconres.2013.12.002,365.0,slag,SEM_BSE,40.0,47.076903321695845,9.02202249380299,86.31074873074374,57.751851693686326,58.03921692186836,34.56195525224849,81.89013786854935,461.2655545421161,True
10.1016/j.cemconres.2013.12.002::P_0p4_20::DoR_SCM::48,2,10.1016/j.cemconres.2013.12.002,3.0,slag,SEM_BSE,7.000000000000001,21.364433272683247,0.0,44.429854639670246,27.68443835240528,24.965669264060047,4.18304424085516,45.05621163746818,535.522444363569,True
10.1016/j.cemconres.2013.12.002::P_0p4_20::DoR_SCM::49,2,10.1016/j.cemconres.2013.12.002,28.0,slag,SEM_BSE,26.0,44.16535720073917,11.635344286292483,75.29499625035201,54.63677663975726,51.250323761857196,28.040084292178456,72.94625858690137,554.0510948024717,True
10.1016/j.cemconres.2013.12.002::P_0p4_20::DoR_SCM::50,2,10.1016/j.cemconres.2013.12.002,365.0,slag,SEM_BSE,66.0,58.45956307765465,18.84245311137164,94.90770159296822,67.3801764729246,68.9364633402698,45.988643745987865,92.97876357065313,529.8851556814369,True
10.1016/j.cemconres.2013.12.002::P_0p4_40::DoR_SCM::54,2,10.1016/j.cemconres.2013.12.002,3.0,slag,SEM_BSE,6.0,20.904042812688772,0.0,43.213738906383185,26.865119675122394,24.09220224849485,2.6510886075066074,45.907219520697986,499.4986019070771,True
10.1016/j.cemconres.2013.12.002::P_0p4_40::DoR_SCM::55,2,10.1016/j.cemconres.2013.12.002,28.0,slag,SEM_BSE,23.0,41.54844520627438,9.246190932657866,71.93919690758966,53.105400656116956,50.2918260027355,27.120233282502845,72.61998253541574,514.46441016455,True
10.1016/j.cemconres.2013.12.002::P_0p4_40::DoR_SCM::56,2,10.1016/j.cemconres.2013.12.002,365.0,slag,SEM_BSE,49.0,53.8302625665215,18.177648667410217,92.35724648579439,65.35738744046388,66.24533996978921,43.21913063824525,90.2689720765973,465.42431569777085,True
10.1016/j.cemconres.2013.12.002::P_0p4_60::DoR_SCM::60,2,10.1016/j.cemconres.2013.12.002,3.0,slag,SEM_BSE,10.0,19.23569135263563,0.0,43.712753838307265,22.723368431890318,22.976744131782404,0.858635593696848,44.74576682756262,456.6377600108228,True
10.1016/j.cemconres.2013.12.002::P_0p4_60::DoR_SCM::61,2,10.1016/j.cemconres.2013.12.002,28.0,slag,SEM_BSE,16.0,38.41246296925133,3.916660132387524,71.27303176519797,48.37175003436331,45.51386634544933,23.449741065986522,66.81951833928602,442.18548483297286,True
10.1016/j.cemconres.2013.12.002::P_0p4_60::DoR_SCM::62,2,10.1016/j.cemconres.2013.12.002,365.0,slag,SEM_BSE,39.0,48.53788004214756,11.100428144690747,88.47298838732485,61.620749465986826,59.06293947479398,36.586091184167984,82.17118659587445,455.05670579327074,True
10.1016/j.cemconres.2013.12.002::P_0p45_20::DoR_SCM::69,2,10.1016/j.cemconres.2013.12.002,3.0,slag,SEM_BSE,12.0,22.53359783128416,0.0,44.82597108817821,27.565865715487146,25.17206175744651,3.617093918620934,45.942894826494864,567.2580985266367,True
10.1016/j.cemconres.2013.12.002::P_0p45_20::DoR_SCM::70,2,10.1016/j.cemconres.2013.12.002,28.0,slag,SEM_BSE,27.0,46.84030013557189,15.81307699502221,76.30193941384414,54.96916995705749,52.826221937977955,29.02463952120105,74.97045986838765,556.1199458820229,True
10.1016/j.cemconres.2013.12.002::P_0p45_20::DoR_SCM::71,2,10.1016/j.cemconres.2013.12.002,365.0,slag,SEM_BSE,73.0,62.06271294336964,21.16562812323947,98.19534882710619,67.83201423721732,70.12566415458537,45.80549733283157,92.9720555736337,548.5182449542104,True
10.1016/j.cemconres.2013.12.002::P_0p45_40::DoR_SCM::75,2,10.1016/j.cemconres.2013.12.002,3.0,slag,SEM_BSE,7.000000000000001,21.826750072749746,0.0,44.88756856723284,26.88368272333996,25.01312720025207,3.2232460199390163,46.106972734224,528.1607696837356,True
10.1016/j.cemconres.2013.12.002::P_0p45_40::DoR_SCM::76,2,10.1016/j.cemconres.2013.12.002,28.0,slag,SEM_BSE,24.0,43.57212507918735,9.810467590034916,75.4510657449289,53.574929658552875,51.02064538014025,28.698699901016035,71.62265622682929,507.70209841378016,True
10.1016/j.cemconres.2013.12.002::P_0p45_40::DoR_SCM::77,2,10.1016/j.cemconres.2013.12.002,365.0,slag,SEM_BSE,57.99999999999999,57.57824959220337,18.74699372556131,96.05799685764151,65.94636088989226,67.35464261573611,43.9066482426022,91.6543665078455,540.2245112972871,True
10.1016/j.cemconres.2013.12.002::P_0p45_60::DoR_SCM::81,2,10.1016/j.cemconres.2013.12.002,3.0,slag,SEM_BSE,5.0,21.437523258124635,0.0,43.86166807701473,23.030092762708506,23.954174484174732,2.781435769537903,44.431526285533394,482.9937456819255,True
10.1016/j.cemconres.2013.12.002::P_0p45_60::DoR_SCM::82,2,10.1016/j.cemconres.2013.12.002,28.0,slag,SEM_BSE,14.000000000000002,40.77651803029078,8.628389351880303,73.94162235911945,49.129440319399855,48.21835171862352,24.94661958587893,71.07557547241143,492.483756309879,True
10.1016/j.cemconres.2013.12.002::P_0p45_60::DoR_SCM::83,2,10.1016/j.cemconres.2013.12.002,365.0,slag,SEM_BSE,47.0,50.82844864424751,11.50570748042469,88.24747905639242,62.497884198015846,60.75340516508239,36.42531598034186,84.59054113829872,492.5528147559757,True
10.1016/j.cemconres.2013.12.002::P_0p5_20::DoR_SCM::90,2,10.1016/j.cemconres.2013.12.002,3.0,slag,SEM_BSE,4.0,24.079110941087958,0.3229465778792794,47.87861690204874,28.82443077042927,26.721384789159735,5.180456039503562,48.70646137808087,560.2038321071337,True
10.1016/j.cemconres.2013.12.002::P_0p5_20::DoR_SCM::91,2,10.1016/j.cemconres.2013.12.002,28.0,slag,SEM_BSE,28.000000000000004,49.64706093102651,16.030210058991518,78.70573565881342,56.22773501199964,54.33387535808526,31.64633171880143,77.0985047106674,586.6794584723393,True
10.1016/j.cemconres.2013.12.002::P_0p5_20::DoR_SCM::92,2,10.1016/j.cemconres.2013.12.002,365.0,slag,SEM_BSE,83.0,63.39465155121357,25.346507710511123,98.44932369196128,68.68277519894154,70.78903995806442,46.946145698112296,95.47264371665662,564.0202947911706,True
10.1016/j.cemconres.2013.12.002::P_0p5_40::DoR_SCM::96,2,10.1016/j.cemconres.2013.12.002,3.0,slag,SEM_BSE,9.0,23.61194604131375,0.0,46.66257567033054,28.02652991033463,26.740519556058455,6.440808270701467,47.31452528353833,542.8329086452975,True
10.1016/j.cemconres.2013.12.002::P_0p5_40::DoR_SCM::97,2,10.1016/j.cemconres.2013.12.002,28.0,slag,SEM_BSE,25.0,46.23161269390118,12.493653166166547,77.30982115539656,54.71777684554757,52.92695362382386,31.750345309410406,74.54942323784614,543.333907962868,True
10.1016/j.cemconres.2013.12.002::P_0p5_40::DoR_SCM::98,2,10.1016/j.cemconres.2013.12.002,365.0,slag,SEM_BSE,59.0,58.87242375728586,21.119474394129043,94.01916897948023,66.681403983669,66.38444475866423,42.92726106904441,90.63685042310188,533.3010348112624,True
10.1016/j.cemconres.2013.12.002::P_0p5_60::DoR_SCM::102,2,10.1016/j.cemconres.2013.12.002,3.0,slag,SEM_BSE,9.0,21.966414808109807,0.0,45.81639327228879,24.172939949703178,24.711886368617584,3.1499488092870163,45.8023243219367,481.97280483803195,True
10.1016/j.cemconres.2013.12.002::P_0p5_60::DoR_SCM::103,2,10.1016/j.cemconres.2013.12.002,28.0,slag,SEM_BSE,19.0,43.018363168246005,9.888874127662199,75.76199066878203,50.272287506394555,48.60034727593376,25.49820978871039,70.81855809779107,481.42480846110544,True
10.1016/j.cemconres.2013.12.002::P_0p5_60::DoR_SCM::104,2,10.1016/j.cemconres.2013.12.002,365.0,slag,SEM_BSE,43.0,53.886983573771154,14.373916060003825,90.9563935833691,63.23292729179257,62.224432302643265,38.128294159879914,84.99495149148466,517.4373169571838,True
10.1016/j.cemconres.2018.12.007::P0_45_GGBS::DoR_SCM::8,2,10.1016/j.cemconres.2018.12.007,7.0,slag,SEM_BSE,13.0,27.45301421500214,0.15478264728495028,55.02284911310871,32.29848135874091,32.25597140698237,9.680008507350875,53.39692408035175,506.490693936739,True
10.1016/j.cemconres.2018.12.007::P0_45_GGBS::DoR_SCM::9,2,10.1016/j.cemconres.2018.12.007,90.0,slag,SEM_BSE,37.0,48.59859565896763,12.203623675469746,84.58254393068064,57.72588705708433,56.341111670827694,33.60471952317518,80.13853836347951,455.25924182236037,True
10.1016/j.cemconres.2018.12.007::P0_30_GGBS::DoR_SCM::18,2,10.1016/j.cemconres.2018.12.007,7.0,slag,SEM_BSE,12.0,22.703629216170853,0.0,48.58400240206075,31.581892864068895,27.987087132349455,6.92958812678389,48.89857817764482,409.8837002207895,True
10.1016/j.cemconres.2018.12.007::P0_30_GGBS::DoR_SCM::19,2,10.1016/j.cemconres.2018.12.007,90.0,slag,SEM_BSE,27.0,42.23808855654537,6.561683053468766,77.24564274800966,52.276906357095655,52.60999522628668,29.186501645080654,74.83032369385295,429.53209499645726,True
10.1016/j.conbuildmat.2014.04.024::A1::DoR_SCM::0,2,10.1016/j.conbuildmat.2014.04.024,3.0,fly_ash,selective_dissolution,3.16,28.05859995703925,3.853705781005288,56.96620672726188,13.318634662241854,19.47331991278085,6.930462718963195,32.18853942309039,482.37790082951346,True
10.1016/j.conbuildmat.2014.04.024::A2::DoR_SCM::1,2,10.1016/j.conbuildmat.2014.04.024,3.0,other,selective_dissolution,2.76,16.687861743974455,0.8212075752294742,34.54321580377841,13.083459173755905,16.04720277864354,4.948007123366448,27.165614031551858,514.0101432414044,True
10.1016/j.conbuildmat.2014.04.024::A3::DoR_SCM::2,2,10.1016/j.conbuildmat.2014.04.024,3.0,other,selective_dissolution,2.35,16.3590367310715,1.1402312604074951,34.791733086018105,13.083459173755905,15.973553119402371,4.504299385653937,26.909119491501293,520.6584275162754,True
10.1016/j.conbuildmat.2014.04.024::A4::DoR_SCM::3,2,10.1016/j.conbuildmat.2014.04.024,3.0,other,selective_dissolution,2.98,15.966137591386332,0.3675188915502253,33.51286844265652,13.083459173755905,15.625619558878846,3.53447902501528,26.817140997786694,507.0899793048881,True
10.1016/j.conbuildmat.2014.04.024::B1::DoR_SCM::4,2,10.1016/j.conbuildmat.2014.04.024,3.0,fly_ash,selective_dissolution,5.23,37.87996057380239,8.418104903592237,68.35071277194317,15.462063143367175,24.375551946757977,12.271728892826827,37.06825747115303,355.41567378806405,True
10.1016/j.conbuildmat.2014.04.024::B2::DoR_SCM::5,2,10.1016/j.conbuildmat.2014.04.024,3.0,other,selective_dissolution,4.76,23.108748987035206,4.008437565665308,42.07748901275179,16.278773995505194,20.89988609411815,9.722686015499066,31.774089203063895,445.17936193410355,True
10.1016/j.conbuildmat.2014.04.024::B3::DoR_SCM::6,2,10.1016/j.conbuildmat.2014.04.024,3.0,other,selective_dissolution,4.35,22.49310325070771,4.385758855465302,42.70417605029607,16.278773995505194,20.790985219286053,9.316672309264968,32.15223389648895,457.89433945456915,True
10.1016/j.conbuildmat.2014.04.024::B4::DoR_SCM::7,2,10.1016/j.conbuildmat.2014.04.024,3.0,other,selective_dissolution,4.88,23.097507269260866,4.467798133954638,41.8394288021716,16.278773995505194,20.99932854929739,9.39694655009977,32.08801837468472,485.8552662369542,True
10.1016/j.conbuildmat.2014.04.024::A1::DoR_SCM::8,2,10.1016/j.conbuildmat.2014.04.024,7.0,fly_ash,selective_dissolution,6.78,31.002568643845056,3.937172537671263,65.38102937209446,16.691458415462378,21.85276439190493,9.19933739973285,34.691953982575185,494.4864651249373,True
10.1016/j.conbuildmat.2014.04.024::A2::DoR_SCM::9,2,10.1016/j.conbuildmat.2014.04.024,7.0,other,selective_dissolution,6.23,21.546485357985954,2.767446101259279,44.38784532304334,19.415447088161663,20.91716880968822,9.336155740361052,33.06924776780007,516.0565096939599,True
10.1016/j.conbuildmat.2014.04.024::A3::DoR_SCM::10,2,10.1016/j.conbuildmat.2014.04.024,7.0,other,selective_dissolution,5.88,22.08420571888255,3.3476834407410667,44.91714265113727,19.415447088161663,21.475671746413997,7.934293441517514,33.52904211851637,469.7420854555733,True
10.1016/j.conbuildmat.2014.04.024::A4::DoR_SCM::11,2,10.1016/j.conbuildmat.2014.04.024,7.0,other,selective_dissolution,6.15,21.82171000233503,1.054404855860883,43.450997816564616,19.415447088161663,21.965979438102508,9.946107042257502,33.32594369365835,531.3057937367341,True
10.1016/j.conbuildmat.2014.04.024::B1::DoR_SCM::12,2,10.1016/j.conbuildmat.2014.04.024,7.0,fly_ash,selective_dissolution,8.12,41.74004434767008,12.07054251940456,75.83550169248352,19.017463448151528,27.024799347415627,14.353863054155312,40.27064187646819,368.8569500075575,True
10.1016/j.conbuildmat.2014.04.024::B2::DoR_SCM::13,2,10.1016/j.conbuildmat.2014.04.024,7.0,other,selective_dissolution,7.26,29.933773190418457,7.739950873029012,52.80930879359853,22.7933384614748,27.52329582801786,15.906029849176813,40.578676077186316,455.3581898956326,True
10.1016/j.conbuildmat.2014.04.024::B3::DoR_SCM::14,2,10.1016/j.conbuildmat.2014.04.024,7.0,other,selective_dissolution,6.97,30.371234070240572,7.495750834028296,54.281560011413056,22.7933384614748,27.40955116081083,14.987300394817135,39.26997233123861,451.60327944536215,True
10.1016/j.conbuildmat.2014.04.024::B4::DoR_SCM::15,2,10.1016/j.conbuildmat.2014.04.024,7.0,other,selective_dissolution,7.85,29.73042112628414,7.35221365397621,53.161257988688696,22.7933384614748,27.53573060749351,15.64745426434768,40.429691078785396,475.2271451016528,True
10.1016/j.conbuildmat.2014.04.024::A1::DoR_SCM::16,2,10.1016/j.conbuildmat.2014.04.024,28.0,fly_ash,selective_dissolution,23.51,32.672111841460904,5.847069820431435,64.39726315654259,21.42254090288079,23.428342766460876,10.43560448303102,36.69495736450176,499.82013642927063,True
10.1016/j.conbuildmat.2014.04.024::A2::DoR_SCM::17,2,10.1016/j.conbuildmat.2014.04.024,28.0,other,selective_dissolution,21.48,31.00947652713234,6.405584121221846,59.96737402781411,30.68600034570196,30.452751824850164,16.104123144430584,44.54316286211561,525.7596429158486,True
10.1016/j.conbuildmat.2014.04.024::A3::DoR_SCM::18,2,10.1016/j.conbuildmat.2014.04.024,28.0,other,selective_dissolution,20.66,30.668638292677873,5.124996994724573,60.44242146024178,30.68600034570196,30.33115171546421,15.993703511912456,43.966898104359615,504.9956583082114,True
10.1016/j.conbuildmat.2014.04.024::A4::DoR_SCM::19,2,10.1016/j.conbuildmat.2014.04.024,28.0,other,selective_dissolution,22.17,32.099099100983786,7.286629075261268,61.70066751851524,30.68600034570196,30.653878352185124,17.276731735693108,43.77409637436651,525.2927516893745,True
10.1016/j.conbuildmat.2014.04.024::B1::DoR_SCM::20,2,10.1016/j.conbuildmat.2014.04.024,28.0,fly_ash,selective_dissolution,37.34,42.736502391069386,12.140421570932777,76.52519319409922,24.235119619562568,27.995884595645233,14.79812039755758,41.90021702523149,377.00332081041176,True
10.1016/j.conbuildmat.2014.04.024::B2::DoR_SCM::21,2,10.1016/j.conbuildmat.2014.04.024,28.0,other,selective_dissolution,33.87,41.52065041425487,12.344923340429157,71.31693718593434,34.55743399080463,36.75987194450194,22.799603834376416,49.761090176591736,458.1650465331238,True
10.1016/j.conbuildmat.2014.04.024::B3::DoR_SCM::22,2,10.1016/j.conbuildmat.2014.04.024,28.0,other,selective_dissolution,30.18,41.78807559911264,13.029402240395761,71.25638343672526,34.55743399080463,37.1890915679406,23.670693772074188,50.1875243787187,451.91490601185126,True
10.1016/j.conbuildmat.2014.04.024::B4::DoR_SCM::23,2,10.1016/j.conbuildmat.2014.04.024,28.0,other,selective_dissolution,34.21,40.90566936501998,11.968973056616383,71.76856873081302,34.55743399080463,37.02507104976535,23.553759169525517,50.712750859769706,469.97255393194274,True
10.1016/j.conbuildmat.2018.11.199::G0F10::DoR_SCM::14,2,10.1016/j.conbuildmat.2018.11.199,3.0,fly_ash,other_unknown,2.8,9.979691843612688,0.0,27.183963092078386,6.959441386545784,9.488199769443924,0.0,25.172095576628575,665.303728496383,True
10.1016/j.conbuildmat.2018.11.199::G3F10::DoR_SCM::16,2,10.1016/j.conbuildmat.2018.11.199,3.0,fly_ash,other_unknown,2.8,10.258639528420431,0.0,27.659262587463633,6.959441386545784,9.3515896544609,0.0,25.739181304895023,665.6735833119853,True
10.1016/j.conbuildmat.2018.11.199::G0F20::DoR_SCM::17,2,10.1016/j.conbuildmat.2018.11.199,3.0,fly_ash,other_unknown,2.2,9.57728611223365,0.0,27.53909794197235,5.855715026403004,9.402222912629663,0.0,25.717238841096297,660.0293764477912,True
10.1016/j.conbuildmat.2018.11.199::G3F20::DoR_SCM::19,2,10.1016/j.conbuildmat.2018.11.199,3.0,fly_ash,other_unknown,2.1,9.605795208463979,0.0,27.327670548741594,5.855715026403004,9.604268188958477,0.0,26.351631945300536,647.145634446842,True
10.1016/j.conbuildmat.2023.132891::HVSC::DoR_SCM::0,2,10.1016/j.conbuildmat.2023.132891,7.0,slag,SEM_BSE,10.5,24.996503786872218,0.0,52.256533572241054,29.312444306522107,25.845389931042487,4.0365055943704515,47.72602518463137,488.5187915468334,True
10.1016/j.conbuildmat.2025.143617::F50-w04-T45::DoR_SCM::60,2,10.1016/j.conbuildmat.2025.143617,3.0,fly_ash,SEM_BSE,39.65,17.479126256023235,0.0,41.46426395515854,18.189656752284094,19.868794101535443,0.0,41.10082130581652,414.5192106455004,True
10.1016/j.conbuildmat.2025.143617::F50-w04-T60::DoR_SCM::61,2,10.1016/j.conbuildmat.2025.143617,3.0,fly_ash,SEM_BSE,43.45,23.326750929509156,0.0,55.575423856003546,19.07410554352988,25.620556530933744,4.314811514152922,47.134635271623104,382.57223586827257,True
10.1016/j.conbuildmat.2025.143617::F50-w04-T75::DoR_SCM::62,2,10.1016/j.conbuildmat.2025.143617,3.0,fly_ash,SEM_BSE,43.39,29.79808850490218,0.03803216945409809,67.25109597829582,19.07410554352988,29.49426757100479,6.112176809467476,51.253894286206574,402.47235973092234,True
10.1016/j.conbuildmat.2025.143617::F30R20-w04-T45::DoR_SCM::63,2,10.1016/j.conbuildmat.2025.143617,3.0,fly_ash,SEM_BSE,37.52,19.111680650091905,0.0,45.82451521649756,19.813277324635216,21.539037633963144,0.016421449898659596,42.62818105443686,415.4264405518805,True
10.1016/j.conbuildmat.2025.143617::F30R20-w04-T60::DoR_SCM::64,2,10.1016/j.conbuildmat.2025.143617,3.0,fly_ash,SEM_BSE,40.75,26.37532099341641,0.0,54.69656540387159,20.59123072299108,28.056869146497494,5.832882593483761,49.8089790928628,424.9208014756688,True
10.1016/j.conbuildmat.2025.143617::F30R20-w04-T75::DoR_SCM::65,2,10.1016/j.conbuildmat.2025.143617,3.0,fly_ash,SEM_BSE,34.45,32.40442150572893,0.0,68.17634920530854,20.59123072299108,31.84920183467675,10.263937510278328,53.812590739313045,396.6332871356397,True
10.1016/j.conbuildmat.2025.143617::F45G5-w04-T45::DoR_SCM::66,2,10.1016/j.conbuildmat.2025.143617,3.0,fly_ash,SEM_BSE,39.07,17.499123448921242,0.0,41.3123501431611,18.35979557096439,20.361971707810593,0.0,41.97077077472052,396.89843039817686,True
10.1016/j.conbuildmat.2025.143617::F45G5-w04-T60::DoR_SCM::67,2,10.1016/j.conbuildmat.2025.143617,3.0,fly_ash,SEM_BSE,45.48,23.674943930649178,0.0,55.145829136574214,19.137748969320256,26.58372042463086,5.550362433916769,47.95448731059116,407.56331750431514,True
10.1016/j.conbuildmat.2025.143617::F45G5-w04-T75::DoR_SCM::68,2,10.1016/j.conbuildmat.2025.143617,3.0,fly_ash,SEM_BSE,39.37,29.797315069204192,0.0,64.56212095475132,19.137748969320256,29.67610607388216,7.589077420377502,51.31044867903175,401.78247086353235,True
10.1016/j.conbuildmat.2025.143617::F25R20G5-w04-T45::DoR_SCM::69,2,10.1016/j.conbuildmat.2025.143617,3.0,fly_ash,SEM_BSE,16.47,19.425455431435864,0.0,46.607687787939646,20.557822859827308,21.592583314931915,0.0,42.188708752747374,406.02809525971026,True
10.1016/j.conbuildmat.2025.143617::F25R20G5-w04-T60::DoR_SCM::70,2,10.1016/j.conbuildmat.2025.143617,3.0,fly_ash,SEM_BSE,37.24,27.481467540167518,0.0,60.97051831478311,21.335776258183174,27.698913223254166,5.803434779797459,49.45060938965556,394.4483182184157,True
10.1016/j.conbuildmat.2025.143617::F25R20G5-w04-T75::DoR_SCM::71,2,10.1016/j.conbuildmat.2025.143617,3.0,fly_ash,SEM_BSE,18.01,33.59170693232714,0.0,70.64193295713002,21.335776258183174,33.269636127674445,10.891949052133308,55.04067484403519,400.0500167821563,True
10.1016/j.conbuildmat.2025.143617::F50-w03-T45::DoR_SCM::72,2,10.1016/j.conbuildmat.2025.143617,3.0,fly_ash,SEM_BSE,25.47,14.982794927203646,0.0,40.43865108124136,16.528316835164905,17.515108139397245,0.0,39.48409293671265,427.40834066681145,True
10.1016/j.conbuildmat.2025.143617::F50-w03-T60::DoR_SCM::73,2,10.1016/j.conbuildmat.2025.143617,3.0,fly_ash,SEM_BSE,41.39,19.996849578205953,0.0,50.37183303789988,17.412765626410707,22.05025538375165,0.4869454321470048,43.74425006139463,415.98531396608877,True
10.1016/j.conbuildmat.2025.143617::F50-w03-T75::DoR_SCM::74,2,10.1016/j.conbuildmat.2025.143617,3.0,fly_ash,SEM_BSE,28.77,24.863586806318253,0.0,58.41102916107331,17.412765626410707,26.269277290605345,4.046910518043725,48.34614621642201,440.14859664929253,True
10.1016/j.conbuildmat.2025.143617::F30R20-w03-T45::DoR_SCM::75,2,10.1016/j.conbuildmat.2025.143617,3.0,fly_ash,SEM_BSE,27.53,16.00141042932667,0.0,39.51157466803211,17.868412227778844,18.07442029733326,0.0,38.864401583119694,444.183876716624,True
10.1016/j.conbuildmat.2025.143617::F30R20-w03-T60::DoR_SCM::76,2,10.1016/j.conbuildmat.2025.143617,3.0,fly_ash,SEM_BSE,36.36,22.930330870261113,0.0,53.82063008411497,18.64636562613471,24.141222929559845,4.214441587739124,45.543049935547415,420.5203350171209,True
10.1016/j.conbuildmat.2025.143617::F30R20-w03-T75::DoR_SCM::77,2,10.1016/j.conbuildmat.2025.143617,3.0,fly_ash,SEM_BSE,43.63,27.921385300949854,0.0,62.13811365212457,18.64636562613471,27.49464097851594,5.780937885093659,49.119848453694324,453.91672456106426,True
10.1016/j.conbuildmat.2025.143617::F45G5-w03-T45::DoR_SCM::78,2,10.1016/j.conbuildmat.2025.143617,3.0,fly_ash,SEM_BSE,28.38,14.66664463449966,0.0,38.994872320643196,16.69845565384521,17.527525988341754,0.0,38.52096624418343,425.4282348188249,True
10.1016/j.conbuildmat.2025.143617::F45G5-w03-T60::DoR_SCM::79,2,10.1016/j.conbuildmat.2025.143617,3.0,fly_ash,SEM_BSE,36.12,21.4728828842006,0.0,50.62952687000144,17.476409052201074,23.34772715039722,0.902867662202982,45.198960313703175,428.1816944296994,True
10.1016/j.conbuildmat.2025.143617::F45G5-w03-T75::DoR_SCM::80,2,10.1016/j.conbuildmat.2025.143617,3.0,fly_ash,SEM_BSE,28.79,25.556752092212296,0.0,60.728742588949856,17.476409052201074,26.31039193691192,3.5788719418709274,49.04642524520813,438.78347382228554,True
10.1016/j.conbuildmat.2025.143617::F25R20G5-w03-T45::DoR_SCM::81,2,10.1016/j.conbuildmat.2025.143617,3.0,fly_ash,SEM_BSE,11.34,15.618219123984177,0.0,38.39506684493945,18.2350639632646,18.512483699067857,0.0,38.80800384499397,438.2169968634966,True
10.1016/j.conbuildmat.2025.143617::F25R20G5-w03-T60::DoR_SCM::82,2,10.1016/j.conbuildmat.2025.143617,3.0,fly_ash,SEM_BSE,24.82,23.410574642733955,0.0,54.68525813234223,19.013017361620467,24.687560202698794,1.4127377726958974,46.37282539708784,420.22359209823776,True
10.1016/j.conbuildmat.2025.143617::F25R20G5-w03-T75::DoR_SCM::83,2,10.1016/j.conbuildmat.2025.143617,3.0,fly_ash,SEM_BSE,10.0,29.321438356300654,0.0,63.31856768466019,19.013017361620467,28.800143258602365,6.627783850528593,51.69424317369616,431.5421177271097,True
10.1016/j.conbuildmat.2025.143617::F30R20-w04-T45::DoR_SCM::84,2,10.1016/j.conbuildmat.2025.143617,3.0,fly_ash,SEM_BSE,20.0,18.717981927303143,0.0,44.47008973651953,19.813277324635216,21.067634680735463,0.0,42.22427892821405,422.640962113892,True
10.1016/j.conbuildmat.2025.143617::F30R20-w04-T60::DoR_SCM::85,2,10.1016/j.conbuildmat.2025.143617,3.0,fly_ash,SEM_BSE,10.72,27.114620261017215,0.0,59.93525987738881,20.59123072299108,26.990915314896437,6.397549014715847,49.17657204280248,407.9995649660086,True
10.1016/j.conbuildmat.2025.143617::F30R20-w04-T75::DoR_SCM::86,2,10.1016/j.conbuildmat.2025.143617,3.0,fly_ash,SEM_BSE,12.8,33.12064450949839,1.4936698475352441,70.00074510074137,20.59123072299108,32.092083055738016,10.075215077351812,54.01715125548493,416.84936130294926,True
10.1016/j.conbuildmat.2025.143617::F25R20G5-w04-T45::DoR_SCM::87,2,10.1016/j.conbuildmat.2025.143617,3.0,fly_ash,SEM_BSE,10.58,19.01869221144345,0.0,44.40084198370568,20.557822859827308,22.309641530427005,0.5357130850534202,43.256190803957786,423.13328410228826,True
10.1016/j.conbuildmat.2025.143617::F25R20G5-w04-T60::DoR_SCM::88,2,10.1016/j.conbuildmat.2025.143617,3.0,fly_ash,SEM_BSE,19.49,26.488075317574,0.0,57.75352694085281,21.335776258183174,28.154547892660204,6.898083861201177,50.790843528564714,383.40278959792624,True
10.1016/j.conbuildmat.2025.143617::F25R20G5-w04-T75::DoR_SCM::89,2,10.1016/j.conbuildmat.2025.143617,3.0,fly_ash,SEM_BSE,15.0,33.01436023701345,0.0,69.04991006275456,21.335776258183174,32.55711489658945,9.894063141852248,54.89905600915964,408.33516455739255,True
10.1016/j.conbuildmat.2025.143617::R50-w04-T45::DoR_SCM::90,2,10.1016/j.conbuildmat.2025.143617,3.0,other,SEM_BSE,9.79,31.755363292335986,1.9762149756849712,64.71622532296881,33.223415765848216,45.85004468160682,23.823989005692383,67.78511334155989,236.42223771528137,True
10.1016/j.conbuildmat.2025.143617::R50-w04-T60::DoR_SCM::91,2,10.1016/j.conbuildmat.2025.143617,3.0,other,SEM_BSE,20.0,35.51058020572834,1.2219306746988894,75.29017195624452,33.596820631468105,50.5135096276243,29.329749685962298,72.43885903228758,261.13325019235384,True
10.1016/j.conbuildmat.2025.143617::R50-w04-T75::DoR_SCM::92,2,10.1016/j.conbuildmat.2025.143617,3.0,other,SEM_BSE,11.23,37.204201324866816,1.4978646378520972,77.98246033611044,33.596820631468105,52.770433041215185,29.170828963746686,75.67645490896078,275.1130529120767,True
10.1016/j.conbuildmat.2025.143617::F30R20-w03-T45::DoR_SCM::93,2,10.1016/j.conbuildmat.2025.143617,3.0,fly_ash,SEM_BSE,12.52,16.505465066561015,0.0,41.159024906730394,17.868412227778844,18.442638510784462,0.0,39.44657757009103,459.6222282060181,True
10.1016/j.conbuildmat.2025.143617::F30R20-w03-T60::DoR_SCM::94,2,10.1016/j.conbuildmat.2025.143617,3.0,fly_ash,SEM_BSE,15.9,22.499905880212758,0.0,53.22654624184789,18.64636562613471,23.44155249733855,1.5267461769278972,44.9726558412416,428.0545984600035,True
10.1016/j.conbuildmat.2025.143617::F30R20-w03-T75::DoR_SCM::95,2,10.1016/j.conbuildmat.2025.143617,3.0,fly_ash,SEM_BSE,4.0,29.132893072882993,0.0,64.56980476324718,18.64636562613471,27.85478729527251,5.641989296544685,49.32965009123399,464.13180479033406,True
10.1016/j.conbuildmat.2025.143617::F25R20G5-w03-T45::DoR_SCM::96,2,10.1016/j.conbuildmat.2025.143617,3.0,fly_ash,SEM_BSE,12.53,16.38719098297523,0.0,40.82723972141164,18.2350639632646,18.600765562515182,0.0,39.09884978278875,436.2412580075665,True
10.1016/j.conbuildmat.2025.143617::F25R20G5-w03-T60::DoR_SCM::97,2,10.1016/j.conbuildmat.2025.143617,3.0,fly_ash,SEM_BSE,16.0,23.2632220594923,0.0,53.163507938454806,19.013017361620467,24.307738377731578,3.7615190681970176,44.843771572816166,424.7387262403814,True
10.1016/j.conbuildmat.2025.143617::F25R20G5-w03-T75::DoR_SCM::98,2,10.1016/j.conbuildmat.2025.143617,3.0,fly_ash,SEM_BSE,6.4,29.1848957568239,0.0,65.41967778282294,19.013017361620467,28.292656757757833,6.865342473430539,49.59753128232324,440.2363715810533,True
10.1016/j.conbuildmat.2025.143617::R50-w03-T45::DoR_SCM::99,2,10.1016/j.conbuildmat.2025.143617,3.0,other,SEM_BSE,9.18,26.111281391122617,0.0,56.947447469697295,30.903804794162962,41.64699398079269,18.63818748779826,62.76851162946289,201.74176843595075,True
10.1016/j.conbuildmat.2025.143617::R50-w03-T60::DoR_SCM::100,2,10.1016/j.conbuildmat.2025.143617,3.0,other,SEM_BSE,16.0,31.108312249548003,0.0,67.41607586960231,31.27720965978285,46.1440274018634,24.861801251428794,69.31634962840018,252.1947954905953,True
10.1016/j.conbuildmat.2025.143617::R50-w03-T75::DoR_SCM::101,2,10.1016/j.conbuildmat.2025.143617,3.0,other,SEM_BSE,10.2,32.540648829768536,0.0,71.32861039632456,31.27720965978285,48.30831877520583,25.75077365121225,70.5400552073342,275.36812055854415,True
10.1016/j.conbuildmat.2026.147377::mix_C_S_L::DoR_SCM::0,2,10.1016/j.conbuildmat.2026.147377,180.0,slag,SEM_BSE,64.0,57.942783897837145,20.30870056669845,92.90409241262144,60.11894428606533,62.9351347015689,41.23996618630145,85.53871247021912,520.4550793626474,True
10.1016/j.conbuildmat.2026.147377::mix_C_S_L_d::DoR_SCM::6,2,10.1016/j.conbuildmat.2026.147377,180.0,slag,SEM_BSE,71.0,58.63990306206249,21.815233094052896,92.11226874366247,60.11894428606533,62.83626383436319,39.75294778827701,88.54566660640138,538.6565164268449,True
10.1016/j.conbuildmat.2026.147377::mix_C_S_Lx::DoR_SCM::12,2,10.1016/j.conbuildmat.2026.147377,180.0,slag,SEM_BSE,59.0,57.631490965216486,18.53289550841157,92.52839029182218,60.11894428606533,64.04960430048791,40.60172287537184,86.47160346062886,535.9076006937793,True
10.1016/j.conbuildmat.2026.147377::mix_C_S_Lx_d::DoR_SCM::18,2,10.1016/j.conbuildmat.2026.147377,180.0,slag,SEM_BSE,54.0,58.52261025474885,18.566159016517382,94.99225252531245,60.11894428606533,64.43196511406887,42.06897509676139,87.19384284804538,526.179216147282,True
10.1016/j.jobe.2022.104624::FA::DoR_SCM::4,2,10.1016/j.jobe.2022.104624,1.0,fly_ash,selective_dissolution,5.39,5.1982685525607195,0.0,15.14211706708062,6.6310364041420655,5.421575888453578,0.0,15.036501241049367,620.5621421034047,True
10.1016/j.jobe.2022.104624::LWFA + FA::DoR_SCM::10,2,10.1016/j.jobe.2022.104624,1.0,fly_ash,selective_dissolution,5.74,5.2847317785590695,0.0,15.117894823476165,6.6310364041420655,5.559709473515715,0.0,15.32887924717393,628.6418683671594,True
10.1016/j.cemconres.2016.11.016::FA_0::DoR_SCM::fig::1,2,10.1016/j.cemconres.2016.11.016,3.0,fly_ash,unknown,1.4,7.345111401806147,0.0,19.29939884489239,0.0,5.503669039079141,0.0,15.951902895289177,750.1907175684224,True
10.1016/j.cemconres.2016.11.016::FA_0::DoR_SCM::fig::2,2,10.1016/j.cemconres.2016.11.016,7.0,fly_ash,unknown,4.0,9.351285685806758,0.0,23.429494632670263,2.6086728940915145,6.498566579540577,0.0,17.822823776574637,773.7584424842349,True
10.1016/j.cemconres.2016.11.016::FA_0::DoR_SCM::fig::3,2,10.1016/j.cemconres.2016.11.016,28.0,fly_ash,unknown,10.5,15.361661413043578,0.0,35.900090646879754,7.087673521971506,10.181143437513605,0.0,22.902352045478366,767.4479034544551,True
10.1016/j.cemconres.2016.11.016::FA_0::DoR_SCM::fig::4,2,10.1016/j.cemconres.2016.11.016,90.0,fly_ash,unknown,17.5,21.261881376164826,0.9691474896943619,49.70515024845297,14.217393993202837,13.660624171138464,0.0,28.388774018139586,760.0617163029027,True
10.1016/j.cemconres.2016.11.016::NaOH_1D::DoR_SCM::fig::5,2,10.1016/j.cemconres.2016.11.016,3.0,fly_ash,unknown,1.8,7.152878235668256,0.0,19.07013758016574,0.0,5.5251295709192485,0.0,15.716595680585087,783.964219627404,True
10.1016/j.cemconres.2016.11.016::NaOH_1D::DoR_SCM::fig::6,2,10.1016/j.cemconres.2016.11.016,7.0,fly_ash,unknown,4.4,9.698870296720589,0.0,23.845468538394464,2.6086728940915145,6.6297776942573785,0.0,16.574649911694543,764.2348650509575,True
10.1016/j.cemconres.2016.11.016::NaOH_1D::DoR_SCM::fig::7,2,10.1016/j.cemconres.2016.11.016,28.0,fly_ash,unknown,10.8,15.739813981205865,0.0,35.33863431209083,7.087673521971506,10.359006485996987,0.0,22.944189009225084,744.0874367458009,True
10.1016/j.cemconres.2016.11.016::NaOH_1D::DoR_SCM::fig::8,2,10.1016/j.cemconres.2016.11.016,90.0,fly_ash,unknown,17.7,21.68759808644783,0.7866597028142864,48.516578967088414,14.217393993202837,13.963347521056651,0.0,28.504933228704243,730.7970024086944,True
10.1016/j.cemconres.2016.11.016::NaOH_1FB::DoR_SCM::fig::9,2,10.1016/j.cemconres.2016.11.016,3.0,fly_ash,unknown,2.4,6.920022939878305,0.0,18.683177261220496,0.0,5.15522324561422,0.0,15.271086991413757,751.2972365899315,True
10.1016/j.cemconres.2016.11.016::NaOH_1FB::DoR_SCM::fig::10,2,10.1016/j.cemconres.2016.11.016,7.0,fly_ash,unknown,5.5,9.772187470392442,0.0,24.063484965223502,2.6086728940915145,6.3405633673078,0.0,17.678337363535448,739.3543711363618,True
10.1016/j.cemconres.2016.11.016::NaOH_1FB::DoR_SCM::fig::11,2,10.1016/j.cemconres.2016.11.016,28.0,fly_ash,unknown,12.0,15.31161611573312,0.0,34.66416119350356,7.087673521971506,10.027472180688825,0.0,22.311673735357804,761.6107129792605,True
10.1016/j.cemconres.2016.11.016::NaOH_1FB::DoR_SCM::fig::12,2,10.1016/j.cemconres.2016.11.016,90.0,fly_ash,unknown,23.0,21.768917340923725,1.7060616355892522,46.88709004078041,14.217393993202837,13.51133010686127,0.0,28.02758671055369,725.2688333905164,True
10.1016/j.cemconres.2016.11.016::NaOH_3D::DoR_SCM::fig::13,2,10.1016/j.cemconres.2016.11.016,3.0,fly_ash,unknown,2.1,6.732145971299077,0.0,18.277765652420538,0.0,5.144100985867069,0.0,15.510309601693221,797.4760060649509,True
10.1016/j.cemconres.2016.11.016::NaOH_3D::DoR_SCM::fig::14,2,10.1016/j.cemconres.2016.11.016,7.0,fly_ash,unknown,5.0,9.514713790513683,0.0,24.306059237634244,2.6086728940915145,6.522010318091486,0.0,17.44537014969075,759.3470849437289,True
10.1016/j.cemconres.2016.11.016::NaOH_3D::DoR_SCM::fig::15,2,10.1016/j.cemconres.2016.11.016,28.0,fly_ash,unknown,11.7,16.019993626865688,0.0,36.384733432780145,7.087673521971506,10.07350514151037,0.0,22.459285213008744,735.8497740419443,True
10.1016/j.cemconres.2016.11.016::NaOH_3D::DoR_SCM::fig::16,2,10.1016/j.cemconres.2016.11.016,90.0,fly_ash,unknown,18.3,21.692560516995908,0.7138643130946041,48.79570690814447,14.217393993202837,13.324267285731466,0.0,27.241244072194164,756.6994650145697,True
10.1016/j.cemconres.2016.11.016::NaOH_3FB::DoR_SCM::fig::17,2,10.1016/j.cemconres.2016.11.016,3.0,fly_ash,unknown,2.8,7.070743715079567,0.0,19.5758659238376,0.0,5.459129879873601,0.0,16.22231315778636,757.6283368289161,True
10.1016/j.cemconres.2016.11.016::NaOH_3FB::DoR_SCM::fig::18,2,10.1016/j.cemconres.2016.11.016,7.0,fly_ash,unknown,6.1,9.657351016391868,0.0,24.077187810376657,2.6086728940915145,6.8708389519262845,0.0,18.036874107992023,753.470988211575,True
10.1016/j.cemconres.2016.11.016::NaOH_3FB::DoR_SCM::fig::19,2,10.1016/j.cemconres.2016.11.016,28.0,fly_ash,unknown,15.1,15.55454332514217,0.0,36.186867055170396,7.087673521971506,10.007010677385749,0.0,23.407887364574638,760.8284140290388,True
10.1016/j.cemconres.2016.11.016::NaOH_3FB::DoR_SCM::fig::20,2,10.1016/j.cemconres.2016.11.016,90.0,fly_ash,unknown,26.0,21.807991976001286,1.1780443680015005,49.15941649758819,14.217393993202837,14.03782280618501,0.2776825477306325,28.180571543137592,753.9475159803786,True
10.1016/j.cemconres.2016.11.016::NaOH_5D::DoR_SCM::fig::21,2,10.1016/j.cemconres.2016.11.016,3.0,fly_ash,unknown,2.5,7.337751961331787,0.0,19.567967932674463,0.0,5.0895330452553615,0.0,15.353555388209676,778.7044633382568,True
10.1016/j.cemconres.2016.11.016::NaOH_5D::DoR_SCM::fig::22,2,10.1016/j.cemconres.2016.11.016,7.0,fly_ash,unknown,5.8,9.477495722649163,0.0,24.49326043301277,2.6086728940915145,6.652099799495281,0.0,17.836663075878544,766.5436379438052,True
10.1016/j.cemconres.2016.11.016::NaOH_5D::DoR_SCM::fig::23,2,10.1016/j.cemconres.2016.11.016,28.0,fly_ash,unknown,12.5,15.38136971444507,0.0,36.1514275824538,7.087673521971506,10.138648848963191,0.0,23.023889521515084,770.6911274881817,True
10.1016/j.cemconres.2016.11.016::NaOH_5D::DoR_SCM::fig::24,2,10.1016/j.cemconres.2016.11.016,90.0,fly_ash,unknown,20.0,20.85376025894302,0.7777726148952789,44.85224579105688,14.217393993202837,14.045346505991517,0.0,28.030903091329943,758.8504800970363,True
10.1016/j.cemconres.2016.11.016::NaOH_5FB::DoR_SCM::fig::25,2,10.1016/j.cemconres.2016.11.016,3.0,fly_ash,unknown,3.1,7.249222848485818,0.0,20.03474859665176,0.0,5.239646903835849,0.0,15.078172339122586,762.9762578388296,True
10.1016/j.cemconres.2016.11.016::NaOH_5FB::DoR_SCM::fig::26,2,10.1016/j.cemconres.2016.11.016,7.0,fly_ash,unknown,6.7,9.510170861568394,0.0,24.9269288984607,2.6086728940915145,6.629819855996459,0.0,18.737430072436702,760.8669961023819,True
10.1016/j.cemconres.2016.11.016::NaOH_5FB::DoR_SCM::fig::27,2,10.1016/j.cemconres.2016.11.016,28.0,fly_ash,unknown,16.0,15.309161705513397,0.0,35.52494554074794,7.087673521971506,10.070087828582556,0.0,22.826290881453897,760.3946562909382,True
10.1016/j.cemconres.2016.11.016::NaOH_5FB::DoR_SCM::fig::28,2,10.1016/j.cemconres.2016.11.016,90.0,fly_ash,unknown,28.5,21.530336447196465,1.4369042783651975,47.190547522741944,14.217393993202837,13.847114991370269,0.7181993451689219,27.463117456829966,750.9469891330024,True
10.1016/j.cemconres.2016.11.016::Na_2_SO_4_5D::DoR_SCM::fig::29,2,10.1016/j.cemconres.2016.11.016,3.0,fly_ash,unknown,1.8,7.003268508410813,0.0,19.559647292826494,0.0,5.131283588548812,0.0,14.917094481031757,793.9252765214528,True
10.1016/j.cemconres.2016.11.016::Na_2_SO_4_5D::DoR_SCM::fig::30,2,10.1016/j.cemconres.2016.11.016,7.0,fly_ash,unknown,4.6,9.598605981463992,0.0,23.09843375470098,2.6086728940915145,6.946188013241621,0.0,18.343315570991553,738.6771562024322,True
10.1016/j.cemconres.2016.11.016::Na_2_SO_4_5D::DoR_SCM::fig::31,2,10.1016/j.cemconres.2016.11.016,28.0,fly_ash,unknown,11.5,15.381006913236936,0.0,34.94314309434703,7.087673521971506,10.162102471038665,0.0,22.58469123419112,753.6539739896756,True
10.1016/j.cemconres.2016.11.016::Na_2_SO_4_5D::DoR_SCM::fig::32,2,10.1016/j.cemconres.2016.11.016,90.0,fly_ash,unknown,18.5,21.30684874843579,0.8876691497041375,46.90129323968305,14.217393993202837,13.807005960679396,0.0,27.62645176914066,756.34111063346,True
10.1016/j.cemconres.2016.11.016::Na_2_SO_4_5FB::DoR_SCM::fig::33,2,10.1016/j.cemconres.2016.11.016,3.0,fly_ash,unknown,2.0,7.317005113783818,0.0,19.515858122845607,0.0,5.091204810520441,0.0,15.19014271843976,733.8029297874235,True
10.1016/j.cemconres.2016.11.016::Na_2_SO_4_5FB::DoR_SCM::fig::34,2,10.1016/j.cemconres.2016.11.016,7.0,fly_ash,unknown,5.1,9.699122665099363,0.0,24.036269391135242,2.6086728940915145,6.86961152535383,0.0,18.49974643209105,774.1192266774044,True
10.1016/j.cemconres.2016.11.016::Na_2_SO_4_5FB::DoR_SCM::fig::35,2,10.1016/j.cemconres.2016.11.016,28.0,fly_ash,unknown,15.8,15.126781423643697,0.0,34.99940023187849,7.087673521971506,10.159168678316426,0.0,23.38101447655589,758.4210481114153,True
10.1016/j.cemconres.2016.11.016::Na_2_SO_4_5FB::DoR_SCM::fig::36,2,10.1016/j.cemconres.2016.11.016,90.0,fly_ash,unknown,26.5,21.429503037226524,0.0,48.19361284562732,14.217393993202837,13.739090595069559,0.0,28.2857389172172,745.4368148947655,True
10.1016/j.cemconres.2016.11.016::Na_2_SO_4_10D::DoR_SCM::fig::37,2,10.1016/j.cemconres.2016.11.016,3.0,fly_ash,unknown,2.2,6.949848414726145,0.0,20.004484221173712,0.0,5.451861774021189,0.0,15.90939978887079,775.6289863869634,True
10.1016/j.cemconres.2016.11.016::Na_2_SO_4_10D::DoR_SCM::fig::38,2,10.1016/j.cemconres.2016.11.016,7.0,fly_ash,unknown,5.5,9.39641997957709,0.0,23.472867745396893,2.6086728940915145,6.683320142039999,0.0,17.983607136888967,765.0177607465697,True
10.1016/j.cemconres.2016.11.016::Na_2_SO_4_10D::DoR_SCM::fig::39,2,10.1016/j.cemconres.2016.11.016,28.0,fly_ash,unknown,12.8,15.310861755702675,0.0,36.01332854751065,7.087673521971506,10.102561301787233,0.0,22.282402833141365,758.9983384572538,True
10.1016/j.cemconres.2016.11.016::Na_2_SO_4_10D::DoR_SCM::fig::40,2,10.1016/j.cemconres.2016.11.016,90.0,fly_ash,unknown,20.5,20.9569980739432,0.4612882607958876,45.419614920466124,14.217393993202837,13.925243426791774,0.0,28.541625903434436,780.3594750074232,True
10.1016/j.cemconres.2016.11.016::Na_2_SO_4_10FB::DoR_SCM::fig::41,2,10.1016/j.cemconres.2016.11.016,3.0,fly_ash,unknown,2.5,6.8788980209491095,0.0,18.615440670508892,0.0,5.3940829694520245,0.0,15.91230435374276,771.7161687958333,True
10.1016/j.cemconres.2016.11.016::Na_2_SO_4_10FB::DoR_SCM::fig::42,2,10.1016/j.cemconres.2016.11.016,7.0,fly_ash,unknown,6.2,10.082021842344144,0.0,23.79020663597951,2.6086728940915145,6.756381109205528,0.0,17.573675560743666,736.0605694680769,True
10.1016/j.cemconres.2016.11.016::Na_2_SO_4_10FB::DoR_SCM::fig::43,2,10.1016/j.cemconres.2016.11.016,28.0,fly_ash,unknown,17.5,15.746701994621107,0.0,35.716972321915485,7.087673521971506,10.292214342130034,0.0,23.417929708158535,757.3085494091911,True
10.1016/j.cemconres.2016.11.016::Na_2_SO_4_10FB::DoR_SCM::fig::44,2,10.1016/j.cemconres.2016.11.016,90.0,fly_ash,unknown,30.0,21.670250868014374,1.2536685442514173,47.595010750671214,14.217393993202837,13.893800745947255,0.0,28.51851124387986,741.2998360672358,True
10.1016/j.cemconres.2016.11.016::NaCl_5D::DoR_SCM::fig::45,2,10.1016/j.cemconres.2016.11.016,3.0,fly_ash,unknown,1.8,7.354224569749828,0.0,18.82452479033082,0.0,5.236077350134521,0.0,14.827031619317381,747.3418411519929,True
10.1016/j.cemconres.2016.11.016::NaCl_5D::DoR_SCM::fig::46,2,10.1016/j.cemconres.2016.11.016,7.0,fly_ash,unknown,4.4,9.482765137250498,0.0,23.330564461269866,2.6086728940915145,7.144872599406126,0.0,18.30476556623984,744.4587283069878,True
10.1016/j.cemconres.2016.11.016::NaCl_5D::DoR_SCM::fig::47,2,10.1016/j.cemconres.2016.11.016,28.0,fly_ash,unknown,11.2,15.469342950615113,0.0,35.98535392660436,7.087673521971506,9.757879907990395,0.0,22.724252469573436,766.9000268373625,True
10.1016/j.cemconres.2016.11.016::NaCl_5D::DoR_SCM::fig::48,2,10.1016/j.cemconres.2016.11.016,90.0,fly_ash,unknown,19.5,20.60579471709195,0.5166070793332385,46.34696884330346,14.217393993202837,14.22448012429835,0.0,28.472487774822767,782.3541553690075,True
10.1016/j.cemconres.2016.11.016::NaCl_5FB::DoR_SCM::fig::49,2,10.1016/j.cemconres.2016.11.016,3.0,fly_ash,unknown,2.3,6.947233309628726,0.0,18.611487050816407,0.0,5.131989358899485,0.0,15.213089284356162,794.1992108249576,True
10.1016/j.cemconres.2016.11.016::NaCl_5FB::DoR_SCM::fig::50,2,10.1016/j.cemconres.2016.11.016,7.0,fly_ash,unknown,5.3,9.339055831912473,0.0,23.56195668639024,2.6086728940915145,6.507160303375636,0.0,17.699990297722284,751.4628037273029,True
10.1016/j.cemconres.2016.11.016::NaCl_5FB::DoR_SCM::fig::51,2,10.1016/j.cemconres.2016.11.016,28.0,fly_ash,unknown,16.2,15.772779961737466,0.0,34.64335887578269,7.087673521971506,10.239226176329081,0.0,23.303567180807168,742.2289557071899,True
10.1016/j.cemconres.2016.11.016::NaCl_5FB::DoR_SCM::fig::52,2,10.1016/j.cemconres.2016.11.016,90.0,fly_ash,unknown,26.5,21.01566782760132,0.531156971803099,47.82005961310358,14.217393993202837,13.691790680119878,0.0,27.35467395505927,759.8385371100653,True
10.1016/j.cemconres.2016.11.016::NaCl_10D::DoR_SCM::fig::53,2,10.1016/j.cemconres.2016.11.016,3.0,fly_ash,unknown,2.1,6.658163197054061,0.0,19.007618719601552,0.0,5.341228059379009,0.0,15.514867818954151,798.3344974638989,True
10.1016/j.cemconres.2016.11.016::NaCl_10D::DoR_SCM::fig::54,2,10.1016/j.cemconres.2016.11.016,7.0,fly_ash,unknown,5.2,9.862649099617549,0.0,23.381546652738418,2.6086728940915145,6.813705834731475,0.0,18.216121880597093,722.0379185091601,True
10.1016/j.cemconres.2016.11.016::NaCl_10D::DoR_SCM::fig::55,2,10.1016/j.cemconres.2016.11.016,28.0,fly_ash,unknown,13.0,15.222522370042634,0.0,34.25383415487788,7.087673521971506,9.929075462654051,0.0,23.06724738851676,744.7368788590853,True
10.1016/j.cemconres.2016.11.016::NaCl_10D::DoR_SCM::fig::56,2,10.1016/j.cemconres.2016.11.016,90.0,fly_ash,unknown,22.5,22.037286658584733,0.7237821457575384,50.713431268761184,14.217393993202837,14.282390120649191,0.0,28.220258423807735,732.1963742734584,True
10.1016/j.cemconres.2016.11.016::NaCl_10FB::DoR_SCM::fig::57,2,10.1016/j.cemconres.2016.11.016,3.0,fly_ash,unknown,2.7,7.537817656800967,0.0,19.623315202822855,0.0,5.38812177059736,0.0,15.827296200829755,733.5831834095678,True
10.1016/j.cemconres.2016.11.016::NaCl_10FB::DoR_SCM::fig::58,2,10.1016/j.cemconres.2016.11.016,7.0,fly_ash,unknown,6.0,9.68852872545901,0.0,24.394329395987516,2.6086728940915145,6.420656577432407,0.0,17.59913886208189,769.1196319173438,True
10.1016/j.cemconres.2016.11.016::NaCl_10FB::DoR_SCM::fig::59,2,10.1016/j.cemconres.2016.11.016,28.0,fly_ash,unknown,17.5,15.86692543791775,0.0,36.95199312444118,7.087673521971506,10.261755774975105,0.0,22.63666182603739,733.0822512440935,True
10.1016/j.cemconres.2016.11.016::NaCl_10FB::DoR_SCM::fig::60,2,10.1016/j.cemconres.2016.11.016,90.0,fly_ash,unknown,31.0,21.505040440086358,1.873969715489952,46.41770808559964,14.217393993202837,14.064147973874546,0.0,28.70213121873731,744.3386148267743,True
10.1016/j.conbuildmat.2022.129629::Cc45-F-0.6::DoR_SCM::fig::1,2,10.1016/j.conbuildmat.2022.129629,1.0,slag,unknown,10.0,16.799975816504812,1.786113848292539,30.360095852882502,17.76192486285467,14.366159788135617,2.807062079915039,26.187472857588734,428.7702519507508,True
10.1016/j.conbuildmat.2022.129629::Cc45-F-0.6::DoR_SCM::fig::2,2,10.1016/j.conbuildmat.2022.129629,3.0,slag,unknown,27.0,25.987456274763108,8.661170816983475,42.06588887812927,23.84848248098777,22.15698274219998,10.111408181711683,34.51704629381712,426.1903559850747,True
10.1016/j.conbuildmat.2022.129629::Cc45-F-0.6::DoR_SCM::fig::3,2,10.1016/j.conbuildmat.2022.129629,7.0,slag,unknown,31.0,35.89417660651879,14.337040054431755,55.08452095918705,31.979190340805754,30.434230958341686,17.064410910156838,43.743666590512156,416.8380559479099,True
10.1016/j.conbuildmat.2022.129629::Cc45-F-0.6::DoR_SCM::fig::4,2,10.1016/j.conbuildmat.2022.129629,14.0,slag,unknown,35.0,42.7152130025443,16.75507295262379,65.58000131373782,32.93883406173231,36.77921070139979,23.126259285528153,50.53983708087231,431.3683155145877,True
10.1016/j.conbuildmat.2022.129629::Cc45-F-0.6::DoR_SCM::fig::5,2,10.1016/j.conbuildmat.2022.129629,28.0,slag,unknown,38.0,49.98440267829831,20.626587973680184,75.76793378540292,41.08246980368653,43.603494549433435,29.32493502859713,58.33841650501113,449.1657988302656,True
10.1016/j.conbuildmat.2022.129629::Cc45-F-0.6::DoR_SCM::fig::6,2,10.1016/j.conbuildmat.2022.129629,90.0,slag,unknown,39.0,59.830528848157286,24.28001001853919,88.79607373526308,48.91313688074611,51.115352149648054,35.82934628234661,65.97076565207996,409.5862742279733,True
10.1016/j.conbuildmat.2022.129629::Cc45-C-0.6::DoR_SCM::fig::7,2,10.1016/j.conbuildmat.2022.129629,1.0,slag,unknown,8.0,17.03882793236019,2.8606902769312814,30.90859506706736,17.76192486285467,14.268793077733141,2.522990162581173,25.777508565520403,442.2831207277713,True
10.1016/j.conbuildmat.2022.129629::Cc45-C-0.6::DoR_SCM::fig::8,2,10.1016/j.conbuildmat.2022.129629,3.0,slag,unknown,20.0,26.369217772480635,9.23456181432779,42.49695122985804,23.84848248098777,22.44768011191741,10.376029309066924,34.82464438084402,420.65107348439096,True
10.1016/j.conbuildmat.2022.129629::Cc45-C-0.6::DoR_SCM::fig::9,2,10.1016/j.conbuildmat.2022.129629,7.0,slag,unknown,24.0,35.10019540286403,13.282588256635488,54.31909262214228,31.979190340805754,29.514746182863153,16.591403683222516,42.077339508449896,437.15676927506877,True
10.1016/j.conbuildmat.2022.129629::Cc45-C-0.6::DoR_SCM::fig::10,2,10.1016/j.conbuildmat.2022.129629,14.0,slag,unknown,29.0,43.58921934872619,18.456714042936635,64.70078154544096,32.93883406173231,36.83512977878237,23.283972701770946,50.098018878033436,425.22480401913737,True
10.1016/j.conbuildmat.2022.129629::Cc45-C-0.6::DoR_SCM::fig::11,2,10.1016/j.conbuildmat.2022.129629,28.0,slag,unknown,34.0,51.81738863153347,21.1900981125217,76.09845381692645,41.08246980368653,43.53310305626128,29.019361098821214,57.353133909528225,414.2038999712848,True
10.1016/j.conbuildmat.2022.129629::Cc45-C-0.6::DoR_SCM::fig::12,2,10.1016/j.conbuildmat.2022.129629,90.0,slag,unknown,38.0,60.45591335027377,25.424817155805552,88.60966606374032,48.91313688074611,50.86367943267526,35.1436507251418,66.2409861350919,424.1895237255411,True
10.1016/j.conbuildmat.2022.129629::Cc70-F-0.6::DoR_SCM::fig::13,2,10.1016/j.conbuildmat.2022.129629,1.0,other,unknown,17.0,15.260251502660225,0.0,33.30801192007714,14.124014764570122,12.646725318080813,0.7277409199144381,24.19481463785499,476.30329041723223,True
10.1016/j.conbuildmat.2022.129629::Cc70-F-0.6::DoR_SCM::fig::14,2,10.1016/j.conbuildmat.2022.129629,3.0,other,unknown,31.0,22.229636622665428,2.192261947358778,44.30761647309262,16.809008740217102,18.115337837788015,5.91060897296587,30.034036125885844,501.4240348599205,True
10.1016/j.conbuildmat.2022.129629::Cc70-F-0.6::DoR_SCM::fig::15,2,10.1016/j.conbuildmat.2022.129629,7.0,other,unknown,34.0,27.06992549286022,4.095893302899078,55.76781203700052,20.63483470262892,22.821307836461212,8.963331079841947,36.68939693796426,484.8170409764052,True
10.1016/j.conbuildmat.2022.129629::Cc70-F-0.6::DoR_SCM::fig::16,2,10.1016/j.conbuildmat.2022.129629,14.0,other,unknown,40.0,32.33949473937306,6.158217849402205,62.64330183776756,21.79125599389557,26.640775065960177,12.908158379134196,40.573915926176646,482.60020631826296,True
10.1016/j.conbuildmat.2022.129629::Cc70-F-0.6::DoR_SCM::fig::17,2,10.1016/j.conbuildmat.2022.129629,28.0,other,unknown,39.0,35.571819064960124,7.234330231569318,68.44648396679229,26.1547317713754,29.474186045706745,15.003797455645616,45.48890862918543,462.4247753303644,True
10.1016/j.conbuildmat.2022.129629::Cc70-F-0.6::DoR_SCM::fig::18,2,10.1016/j.conbuildmat.2022.129629,90.0,other,unknown,43.0,39.08551740512787,9.105610835995943,75.20303733789724,33.414749246167474,31.877873300430473,17.42084987092771,47.21092947234992,486.3151358732742,True
10.1016/j.conbuildmat.2022.129629::Cc45-F-0.305::DoR_SCM::fig::19,2,10.1016/j.conbuildmat.2022.129629,1.0,slag,unknown,11.0,10.970199628749192,0.0,25.204252232446684,16.180601456195554,11.577452288491827,0.165512166418257,23.11249525426425,491.2734825129245,True
10.1016/j.conbuildmat.2022.129629::Cc45-F-0.305::DoR_SCM::fig::20,2,10.1016/j.conbuildmat.2022.129629,3.0,slag,unknown,23.0,17.128970619878565,0.4178123417112288,33.38528466653128,22.755557420424623,17.79505420773505,5.2296629698575305,29.88366267375245,498.45667724570677,True
10.1016/j.conbuildmat.2022.129629::Cc45-F-0.305::DoR_SCM::fig::21,2,10.1016/j.conbuildmat.2022.129629,7.0,slag,unknown,27.0,24.047798112459862,4.089449784216253,42.794301419406004,30.88626528024261,24.633435991919633,12.006667639292758,36.87792507438587,500.61553037053886,True
10.1016/j.conbuildmat.2022.129629::Cc45-F-0.305::DoR_SCM::fig::22,2,10.1016/j.conbuildmat.2022.129629,14.0,slag,unknown,30.0,29.239214352458923,6.1316274815578415,51.85909799517679,31.83024545088641,30.72643103470964,16.853819744258008,43.90218420088665,521.9898889351482,True
10.1016/j.conbuildmat.2022.129629::Cc45-F-0.305::DoR_SCM::fig::23,2,10.1016/j.conbuildmat.2022.129629,28.0,slag,unknown,33.0,35.927409750347444,9.61704030588739,62.33577442668018,39.80684685026894,37.46998316731095,23.501844414376112,50.91508225850705,515.1327225535196,True
10.1016/j.conbuildmat.2022.129629::Cc45-F-0.305::DoR_SCM::fig::24,2,10.1016/j.conbuildmat.2022.129629,90.0,slag,unknown,36.0,43.637009069176294,13.210746874774049,73.94476613820507,44.002369046521096,46.67178412071312,31.89592108372832,61.50867134545145,541.5049191007248,True
10.1016/j.conbuildmat.2022.129629::Cc45-C-0.305::DoR_SCM::fig::25,2,10.1016/j.conbuildmat.2022.129629,1.0,slag,unknown,0.0,11.310185792957375,0.0,23.25309778180481,16.180601456195554,11.894778301156842,0.0,23.10093299093793,516.7490095730996,True
10.1016/j.conbuildmat.2022.129629::Cc45-C-0.305::DoR_SCM::fig::26,2,10.1016/j.conbuildmat.2022.129629,3.0,slag,unknown,19.0,16.896419848353805,0.6926016822447719,33.77399279348483,22.755557420424623,18.30641057706473,6.518227759051776,30.23079566561336,507.51488206389286,True
10.1016/j.conbuildmat.2022.129629::Cc45-C-0.305::DoR_SCM::fig::27,2,10.1016/j.conbuildmat.2022.129629,7.0,slag,unknown,23.0,23.359525098183028,4.201699514495719,42.35491309738606,30.88626528024261,24.9651781956384,12.252595163790263,37.53023379008758,541.0903468074846,True
10.1016/j.conbuildmat.2022.129629::Cc45-C-0.305::DoR_SCM::fig::28,2,10.1016/j.conbuildmat.2022.129629,14.0,slag,unknown,29.0,29.562189931319608,7.029291653155715,53.1386816513014,31.83024545088641,31.04264072146013,18.131897830393463,43.76166909760758,506.373350396348,True
10.1016/j.conbuildmat.2022.129629::Cc45-C-0.305::DoR_SCM::fig::29,2,10.1016/j.conbuildmat.2022.129629,28.0,slag,unknown,33.0,35.4839009115189,9.540420873326918,61.35923470795778,39.80684685026894,37.67188096112525,23.04106635132496,51.538994254817425,514.3995095265698,True
10.1016/j.conbuildmat.2022.129629::Cc45-C-0.305::DoR_SCM::fig::30,2,10.1016/j.conbuildmat.2022.129629,90.0,slag,unknown,34.0,43.24066408482456,12.180155773901904,76.26983700879117,44.002369046521096,46.54426711809551,31.505802147661626,61.55560553200996,495.5683369992347,True
10.1016/j.conbuildmat.2022.129629::Cc70-F-0.36::DoR_SCM::fig::31,2,10.1016/j.conbuildmat.2022.129629,1.0,other,unknown,12.0,10.009692210885108,0.0,24.376443225302257,11.867483776739622,9.601592068350572,0.0,20.609396033055457,547.7598032245111,True
10.1016/j.conbuildmat.2022.129629::Cc70-F-0.36::DoR_SCM::fig::32,2,10.1016/j.conbuildmat.2022.129629,3.0,other,unknown,27.0,14.405565354557112,0.0,32.78399972227094,14.640068642101262,14.126021439710927,1.315544923847434,26.519922598177153,554.9816356345702,True
10.1016/j.conbuildmat.2022.129629::Cc70-F-0.36::DoR_SCM::fig::33,2,10.1016/j.conbuildmat.2022.129629,7.0,other,unknown,33.0,18.88829230783792,0.0,42.174982254175006,18.407450031609223,17.996993022225208,5.390316104361959,31.469125048002937,542.1933743508018,True
10.1016/j.conbuildmat.2022.129629::Cc70-F-0.36::DoR_SCM::fig::34,2,10.1016/j.conbuildmat.2022.129629,14.0,other,unknown,37.0,21.727318792101077,1.2107308078533816,49.346668106054395,19.548207772593063,21.61193150585719,8.003621122179029,35.075576186122916,565.2658057541835,True
10.1016/j.conbuildmat.2022.129629::Cc70-F-0.36::DoR_SCM::fig::35,2,10.1016/j.conbuildmat.2022.129629,28.0,other,unknown,40.0,24.91699307586385,1.9468840754516927,56.45220490316439,23.516217412925105,23.874214575605453,9.61597811427426,37.979225098564044,543.3994259508526,True
10.1016/j.conbuildmat.2022.129629::Cc70-F-0.36::DoR_SCM::fig::36,2,10.1016/j.conbuildmat.2022.129629,90.0,other,unknown,43.0,28.362907610915986,3.8214863426765793,61.58518657255339,28.009635320730712,26.75392122719212,12.521816190253796,41.98627507667588,543.8031783275903,True
10.1016/j.jobe.2026.115910::P50::DoR_SCM::fig::1,2,10.1016/j.jobe.2026.115910,1.0,slag,unknown,8.0,14.4407666558106,0.9741125448652043,27.92016672223879,12.21056416972498,13.188786773748626,1.1589554635518222,25.306582957897554,474.043112998936,True
10.1016/j.jobe.2026.115910::P50::DoR_SCM::fig::2,2,10.1016/j.jobe.2026.115910,3.0,slag,unknown,24.0,22.53126647112564,5.1533032314875475,38.55591898192271,17.64458225960491,20.635033242432808,8.453724779894413,33.586321646771744,478.0381386354731,True
10.1016/j.jobe.2026.115910::P50::DoR_SCM::fig::3,2,10.1016/j.jobe.2026.115910,7.0,slag,unknown,35.0,30.14619605077968,8.466456354434436,50.2847523869272,26.651340266310633,27.909472345114626,15.115452925482476,41.53904333502843,476.2319478008799,True
10.1016/j.jobe.2026.115910::P50::DoR_SCM::fig::4,2,10.1016/j.jobe.2026.115910,28.0,slag,unknown,44.0,44.92500092056642,16.204716103755377,71.09885510175677,39.775986374643615,40.61696390413329,26.41578711245226,55.535054946507664,466.25300208119904,True
10.1016/j.jobe.2026.115910::P50::DoR_SCM::fig::5,2,10.1016/j.jobe.2026.115910,90.0,slag,unknown,50.0,53.22581379335177,20.31313503246217,83.74283621986078,48.69104478804665,49.06545674777181,33.076074207001064,64.39271556061773,470.79895326173084,True
10.1016/j.jobe.2026.115910::P50::DoR_SCM::fig::6,2,10.1016/j.jobe.2026.115910,180.0,slag,unknown,55.0,55.69086491560612,20.29602627334552,87.71895909516851,51.55495488153824,51.391729185054025,36.372662314158,66.56195162430058,482.7345030975903,True
10.1016/j.jobe.2026.115910::P50::DoR_SCM::fig::7,2,10.1016/j.jobe.2026.115910,360.0,slag,unknown,55.0,57.462891196010226,22.900174031880276,88.72711883406257,54.88572263337113,52.173126254732445,35.13477435938156,68.36328945364353,501.7412401301661,True
10.1016/j.jobe.2026.115910::P40::DoR_SCM::fig::8,2,10.1016/j.jobe.2026.115910,1.0,slag,unknown,3.0,14.640349776057537,0.5405309791974329,28.438044558693854,12.21056416972498,12.703740759647662,1.2209718776725658,23.75259036147524,466.6104254126822,True
10.1016/j.jobe.2026.115910::P40::DoR_SCM::fig::9,2,10.1016/j.jobe.2026.115910,3.0,slag,unknown,5.0,22.174940236883565,4.79790945427176,38.87393805612101,17.64458225960491,20.777952961384933,8.68304568198616,32.61022877650074,499.8226900576812,True
10.1016/j.jobe.2026.115910::P40::DoR_SCM::fig::10,2,10.1016/j.jobe.2026.115910,7.0,slag,unknown,23.0,30.83074857047964,9.184591062351378,50.74474333411489,26.651340266310633,27.880884032161386,13.977544489427737,40.98172265571972,476.2166643784795,True
10.1016/j.jobe.2026.115910::P40::DoR_SCM::fig::11,2,10.1016/j.jobe.2026.115910,28.0,slag,unknown,53.0,45.040557822325084,17.32311774648869,70.98524767590246,39.775986374643615,40.788426003405945,26.686696485366113,55.560061297827225,493.6864976985911,True
10.1016/j.jobe.2026.115910::P40::DoR_SCM::fig::12,2,10.1016/j.jobe.2026.115910,90.0,slag,unknown,63.0,53.41507498232878,19.875828314356127,82.93536696975004,48.69104478804665,48.91107057654368,34.37629933843348,64.42142168854322,472.2531777559666,True
10.1016/j.jobe.2026.115910::P40::DoR_SCM::fig::13,2,10.1016/j.jobe.2026.115910,180.0,slag,unknown,65.0,56.38114903831544,19.777621373448692,88.83373776917932,51.55495488153824,50.50004631740451,35.576376087665686,66.39845064201255,466.928622072788,True
10.1016/j.jobe.2026.115910::P40::DoR_SCM::fig::14,2,10.1016/j.jobe.2026.115910,360.0,slag,unknown,66.0,57.03188881796189,21.921148706787402,89.55530382652853,54.88572263337113,51.59023147440173,36.01739280904932,68.54539832136186,474.79324424597456,True
10.1016/j.jobe.2026.115910::P30::DoR_SCM::fig::15,2,10.1016/j.jobe.2026.115910,1.0,slag,unknown,3.0,14.371039701220491,0.0,27.622145767232098,12.21056416972498,13.775595552378114,1.238182461354543,25.492387586339024,479.21748569082416,True
10.1016/j.jobe.2026.115910::P30::DoR_SCM::fig::16,2,10.1016/j.jobe.2026.115910,3.0,slag,unknown,6.0,22.174711803604836,4.905246811797062,39.00184682766022,17.64458225960491,21.087121932523996,9.316014564990512,33.13998612977911,488.4139696610879,True
10.1016/j.jobe.2026.115910::P30::DoR_SCM::fig::17,2,10.1016/j.jobe.2026.115910,7.0,slag,unknown,22.0,30.688999332594964,9.383504391242607,50.6019015896325,26.651340266310633,27.548003035003354,14.815755608578218,40.06842506550182,492.18008429286414,True
10.1016/j.jobe.2026.115910::P30::DoR_SCM::fig::18,2,10.1016/j.jobe.2026.115910,28.0,slag,unknown,43.0,44.97952470962859,17.816806231464955,69.55804321742296,39.775986374643615,40.803802075606214,26.192835254434602,56.26922177682366,458.1291191388085,True
10.1016/j.jobe.2026.115910::P30::DoR_SCM::fig::19,2,10.1016/j.jobe.2026.115910,90.0,slag,unknown,50.0,53.272261412218384,17.95110894105483,84.47232214217554,48.69104478804665,48.88485435007396,34.062247035366376,64.34220152500573,461.5132789109172,True
10.1016/j.jobe.2026.115910::P30::DoR_SCM::fig::20,2,10.1016/j.jobe.2026.115910,180.0,slag,unknown,56.0,55.85420837452,20.52552323018301,86.40628694847945,51.55495488153824,51.44620404660957,35.17525543742266,68.14927959600641,455.860745869914,True
10.1016/j.jobe.2026.115910::P30::DoR_SCM::fig::21,2,10.1016/j.jobe.2026.115910,360.0,slag,unknown,56.0,56.85707999272716,20.069838694900778,87.66264982584077,54.88572263337113,52.38061666356285,36.33364259547176,68.60754004774712,498.1414400814948,True
10.1016/j.jobe.2026.115910::P20::DoR_SCM::fig::22,2,10.1016/j.jobe.2026.115910,1.0,slag,unknown,3.0,14.393036642605672,0.05419265180714721,27.280903715134126,12.21056416972498,13.047567768338599,0.8893347814858478,24.390938283322985,461.4139046763357,True
10.1016/j.jobe.2026.115910::P20::DoR_SCM::fig::23,2,10.1016/j.jobe.2026.115910,3.0,slag,unknown,4.0,22.66449156981808,4.99719168862097,40.416640298645305,17.64458225960491,19.948345779543708,7.710105081174191,31.116753953053223,467.139396276778,True
10.1016/j.jobe.2026.115910::P20::DoR_SCM::fig::24,2,10.1016/j.jobe.2026.115910,7.0,slag,unknown,14.0,30.95793403000978,9.618119972404001,50.42235858899267,26.651340266310633,27.982844891355125,15.192265368888513,40.53593574840711,489.91460942410373,True
10.1016/j.jobe.2026.115910::P20::DoR_SCM::fig::25,2,10.1016/j.jobe.2026.115910,28.0,slag,unknown,29.0,45.08067969417209,16.004179687166996,70.71247758658228,39.775986374643615,40.40112487646558,25.848687011492768,54.64503171041622,482.916827383296,True
10.1016/j.jobe.2026.115910::P20::DoR_SCM::fig::26,2,10.1016/j.jobe.2026.115910,90.0,slag,unknown,37.0,53.6560237795461,18.51617880170824,83.24572058318292,48.69104478804665,48.17957300412934,32.88518487493826,62.77206685925563,471.84583749252056,True
10.1016/j.jobe.2026.115910::P20::DoR_SCM::fig::27,2,10.1016/j.jobe.2026.115910,180.0,slag,unknown,42.0,56.88310170122032,21.189245819980165,86.98216770312727,51.55495488153824,51.56035414283667,35.73448045251991,67.50171924900268,451.97783976150686,True
10.1016/j.jobe.2026.115910::P20::DoR_SCM::fig::28,2,10.1016/j.jobe.2026.115910,360.0,slag,unknown,47.0,56.479241666432294,20.11534534368541,88.02335443085907,54.88572263337113,51.71582226808173,36.376733448766394,66.89017624651466,452.898116597771,True
10.1016/j.jobe.2026.115910::P10::DoR_SCM::fig::29,2,10.1016/j.jobe.2026.115910,1.0,slag,unknown,2.0,15.018708753618876,1.3167442425553013,29.480703759983772,12.21056416972498,13.063206765145122,1.0703438942283778,24.30410936991885,472.64795830582756,True
10.1016/j.jobe.2026.115910::P10::DoR_SCM::fig::30,2,10.1016/j.jobe.2026.115910,3.0,slag,unknown,3.0,23.23735250004892,5.843093631583689,40.01029977758795,17.64458225960491,20.790834157567108,8.872795593091727,33.397286208767206,478.7707471155641,True
10.1016/j.jobe.2026.115910::P10::DoR_SCM::fig::31,2,10.1016/j.jobe.2026.115910,7.0,slag,unknown,9.0,30.51343277399659,9.503520108099472,49.66079664788681,26.651340266310633,28.21969545326859,15.652906072189056,40.89624479618848,476.4008966737626,True
10.1016/j.jobe.2026.115910::P10::DoR_SCM::fig::32,2,10.1016/j.jobe.2026.115910,28.0,slag,unknown,13.0,45.45937228007672,16.882907789053256,71.39393647875634,39.775986374643615,40.55193010935518,26.29362753978991,54.31621675968515,470.1103269537468,True
10.1016/j.jobe.2026.115910::P10::DoR_SCM::fig::33,2,10.1016/j.jobe.2026.115910,90.0,slag,unknown,23.0,53.55310978289217,20.05906630905167,82.99417510598738,48.69104478804665,48.97227997574421,33.55771283048984,64.63944550426245,467.4005570380654,True
10.1016/j.jobe.2026.115910::P10::DoR_SCM::fig::34,2,10.1016/j.jobe.2026.115910,180.0,slag,unknown,24.0,56.77938357150119,22.511750730139198,87.88021030121855,51.55495488153824,51.1414992401023,36.103814836998886,65.9000848590863,477.8026053936018,True
10.1016/j.jobe.2026.115910::P10::DoR_SCM::fig::35,2,10.1016/j.jobe.2026.115910,360.0,slag,unknown,27.0,57.72750904172143,21.352362445906348,89.04822255346609,54.88572263337113,52.188578016760914,36.32309556773709,67.80160516285865,455.4598087684332,True
10.1016/j.jobe.2026.115910::P0::DoR_SCM::fig::36,2,10.1016/j.jobe.2026.115910,1.0,slag,unknown,0.0,14.72713323243673,0.5917880204033513,28.122842553144345,12.21056416972498,12.939183821167868,1.1640343788391065,24.258455543631236,456.8661555857658,True
10.1016/j.jobe.2026.115910::P0::DoR_SCM::fig::37,2,10.1016/j.jobe.2026.115910,3.0,slag,unknown,3.0,22.301961489110713,4.389359828840613,38.92067897824935,17.64458225960491,20.491608400311314,8.428953250517289,33.10578604559567,475.0539535856652,True
10.1016/j.jobe.2026.115910::P0::DoR_SCM::fig::38,2,10.1016/j.jobe.2026.115910,7.0,slag,unknown,8.0,31.46791319820531,10.792733978014848,50.512836620306224,26.651340266310633,28.258821254105435,16.036499310971436,40.85049929940881,492.8964355521114,True
10.1016/j.jobe.2026.115910::P0::DoR_SCM::fig::39,2,10.1016/j.jobe.2026.115910,28.0,slag,unknown,11.0,45.16807465685347,15.702667357709375,70.11624745045032,39.775986374643615,40.505060272736245,26.388396501157366,55.359836931134744,449.4390411472701,True
10.1016/j.jobe.2026.115910::P0::DoR_SCM::fig::40,2,10.1016/j.jobe.2026.115910,90.0,slag,unknown,24.0,54.56824445335986,20.729180376684834,82.78774813068716,48.69104478804665,48.95992836766531,33.21396868932961,63.96245342997444,449.38286219661467,True
10.1016/j.jobe.2026.115910::P0::DoR_SCM::fig::41,2,10.1016/j.jobe.2026.115910,180.0,slag,unknown,24.0,56.139909243598886,20.201507451480296,87.78074387447286,51.55495488153824,50.94394035155709,36.06795515668919,67.33540933508506,501.6941775721387,True
10.1016/j.jobe.2026.115910::P0::DoR_SCM::fig::42,2,10.1016/j.jobe.2026.115910,360.0,slag,unknown,23.0,57.14566789267902,22.85605328221127,88.73775961835939,54.88572263337113,52.59840045691268,35.52161281524326,69.60547061743063,466.0289671986809,True
10.1016/j.cemconcomp.2022.104609::NS0::DoR_SCM::fig::2,2,10.1016/j.cemconcomp.2022.104609,3.0,slag,unknown,10.0,17.292017133120712,0.1322742986287255,34.11917553812729,11.083366887138608,12.762675288148557,1.5284429714536942,24.65882331604054,502.17560306167246,True
10.1016/j.cemconcomp.2022.104609::NS0::DoR_SCM::fig::3,2,10.1016/j.cemconcomp.2022.104609,7.0,slag,unknown,14.5,23.79579704998928,4.006734547976253,44.844411983341395,15.974061330927139,17.02808237447539,4.861595037797271,29.554349657929585,485.26486445603445,True
10.1016/j.cemconcomp.2022.104609::NS0::DoR_SCM::fig::4,2,10.1016/j.cemconcomp.2022.104609,28.0,slag,unknown,19.0,34.79453723307659,7.5519401790301,62.9836675980049,21.960820855039756,25.238459237926868,11.738133562865182,39.59007723107387,466.3648389419114,True
10.1016/j.cemconcomp.2022.104609::NS0::DoR_SCM::fig::5,2,10.1016/j.cemconcomp.2022.104609,90.0,slag,unknown,17.3,41.46680922505948,11.666546800719434,72.70073910237198,29.722475366331153,29.60187350608727,15.240295932232758,44.02051857847051,497.1912061692408,True
10.1016/j.cemconcomp.2022.104609::NS3::DoR_SCM::fig::7,2,10.1016/j.cemconcomp.2022.104609,3.0,slag,unknown,17.0,18.475469580991522,0.9409605152584937,35.48178993135208,10.975023365994646,12.430102945401096,0.5707575099536407,24.316299557270593,440.2287008698342,True
10.1016/j.cemconcomp.2022.104609::NS3::DoR_SCM::fig::8,2,10.1016/j.cemconcomp.2022.104609,7.0,slag,unknown,21.5,24.0979551024622,3.2344866884043997,46.0184427021104,15.865717809783172,17.164164803092913,3.921575985267552,29.66843799697618,496.85973725065304,True
10.1016/j.cemconcomp.2022.104609::NS3::DoR_SCM::fig::9,2,10.1016/j.cemconcomp.2022.104609,28.0,slag,unknown,25.5,35.27389356378261,9.243582838991202,63.98227623341065,21.85247733389579,25.092087461356265,10.38394576164647,38.888032182881545,468.7319209071517,True
10.1016/j.cemconcomp.2022.104609::NS3::DoR_SCM::fig::10,2,10.1016/j.cemconcomp.2022.104609,90.0,slag,unknown,32.2,43.094630454170186,11.434959982609481,77.02164468969282,29.614131845187163,29.78175299939005,14.689673163991408,45.562139936672544,450.7041262858933,True
10.1016/j.conbuildmat.2018.11.199::G0F10::DoR_SCM::fig::2,2,10.1016/j.conbuildmat.2018.11.199,7.0,fly_ash,unknown,3.7,12.029678768895574,0.0,27.277943768849966,12.99531839823055,11.55630346240015,0.0,23.623188099037506,662.2814354618197,True
10.1016/j.conbuildmat.2018.11.199::G0F10::DoR_SCM::fig::3,2,10.1016/j.conbuildmat.2018.11.199,28.0,fly_ash,unknown,7.1,20.506358992374427,1.3358001935146233,42.48910144141624,19.27499401906529,19.386534513415558,5.253095587273132,32.91614100045766,659.1308971025203,True
10.1016/j.conbuildmat.2018.11.199::G0F10::DoR_SCM::fig::4,2,10.1016/j.conbuildmat.2018.11.199,60.0,fly_ash,unknown,14.2,25.66019614608288,3.0967355630719378,51.10323589639829,20.38787914102999,24.798652071510755,9.945701247233464,39.212435414654216,659.0410195138727,True
10.1016/j.conbuildmat.2018.11.199::G3F10::DoR_SCM::fig::6,2,10.1016/j.conbuildmat.2018.11.199,7.0,fly_ash,unknown,3.8,12.534782426989203,0.0,27.348198855581753,12.99531839823055,11.600305175408193,0.0,23.220032745020692,644.7941263700563,True
10.1016/j.conbuildmat.2018.11.199::G3F10::DoR_SCM::fig::7,2,10.1016/j.conbuildmat.2018.11.199,28.0,fly_ash,unknown,7.8,20.396169699357703,1.9720080010039698,41.04414726928698,19.27499401906529,19.675059165491003,6.160213881612883,32.61222220825587,681.514373848275,True
10.1016/j.conbuildmat.2018.11.199::G3F10::DoR_SCM::fig::8,2,10.1016/j.conbuildmat.2018.11.199,60.0,fly_ash,unknown,15.2,26.222643169456454,3.4448419291961945,52.56004872261979,20.38787914102999,24.727758247300898,10.65050077363142,39.073314476773795,681.4471199047761,True
10.1016/j.conbuildmat.2018.11.199::G0F20::DoR_SCM::fig::10,2,10.1016/j.conbuildmat.2018.11.199,7.0,fly_ash,unknown,3.3,11.785162651451298,0.0,28.164195177160224,11.978273899134852,11.522732229616478,0.0,22.986556152628992,680.6890130005938,True
10.1016/j.conbuildmat.2018.11.199::G0F20::DoR_SCM::fig::11,2,10.1016/j.conbuildmat.2018.11.199,28.0,fly_ash,unknown,6.5,19.669741029375338,1.1407007983580342,40.781551865142504,18.34064361027341,18.86999167071326,6.048014527335932,32.67613382524672,678.5657144857062,True
10.1016/j.conbuildmat.2018.11.199::G0F20::DoR_SCM::fig::12,2,10.1016/j.conbuildmat.2018.11.199,60.0,fly_ash,unknown,13.2,24.2860825129986,3.204973032586905,49.351941727182535,19.453528732238112,23.489462132935376,8.461950923525004,38.14585853091829,679.6389529133996,True
10.1016/j.conbuildmat.2018.11.199::G3F20::DoR_SCM::fig::14,2,10.1016/j.conbuildmat.2018.11.199,7.0,fly_ash,unknown,3.2,12.379187794601618,0.0,27.230163418057895,11.978273899134852,11.576103357998328,0.0,23.583801243617362,682.7322270849829,True
10.1016/j.conbuildmat.2018.11.199::G3F20::DoR_SCM::fig::15,2,10.1016/j.conbuildmat.2018.11.199,28.0,fly_ash,unknown,6.9,19.37590528896514,0.9055125677132573,40.251399598814174,18.34064361027341,18.608463971042614,5.456051416665304,31.976746919055007,677.0974941096902,True
10.1016/j.conbuildmat.2018.11.199::G3F20::DoR_SCM::fig::16,2,10.1016/j.conbuildmat.2018.11.199,60.0,fly_ash,unknown,13.9,24.482264001418528,2.8734940962555924,50.90479820714328,19.453528732238112,22.953635031116384,8.500023417102854,36.47533874753325,669.0560798515014,True
10.1016/j.jobe.2022.104624::FA::DoR_SCM::fig::2,2,10.1016/j.jobe.2022.104624,7.0,fly_ash,unknown,6.69,9.576908139662395,0.0,23.65164256946197,10.337406575956791,10.136364903249092,0.0,21.424529818574804,684.6128398235002,True
10.1016/j.jobe.2022.104624::FA::DoR_SCM::fig::3,2,10.1016/j.jobe.2022.104624,28.0,fly_ash,unknown,9.98,15.808498946482029,0.0,36.137385937214944,16.17186496150947,17.328217687910794,3.838210469237654,31.8895387357588,687.5514111503421,True
10.1016/j.jobe.2022.104624::FA::DoR_SCM::fig::4,2,10.1016/j.jobe.2022.104624,60.0,fly_ash,unknown,12.58,20.957330374579616,1.291262189354764,45.494839261771276,17.884951729263214,21.578001510447173,6.677034284100967,37.723695306328366,658.2389498593849,True
10.1016/j.jobe.2022.104624::LWFA + FA::DoR_SCM::fig::6,2,10.1016/j.jobe.2022.104624,7.0,fly_ash,unknown,7.7,10.18645122116621,0.0,25.14835160836321,10.337406575956791,10.503749446079295,0.0,22.485614549966957,684.3448785357101,True
10.1016/j.jobe.2022.104624::LWFA + FA::DoR_SCM::fig::7,2,10.1016/j.jobe.2022.104624,28.0,fly_ash,unknown,13.07,16.516507736037838,0.0,36.65049441759569,16.17186496150947,16.992227741459786,3.22334040346789,30.703859711466276,658.441977249856,True
10.1016/j.jobe.2022.104624::LWFA + FA::DoR_SCM::fig::8,2,10.1016/j.jobe.2022.104624,60.0,fly_ash,unknown,18.13,20.389234325378922,0.33748578136961377,44.13407800372879,17.884951729263214,21.249121720908615,7.18710437602001,35.38225014085779,680.9049140892593,True
10.1016/j.jobe.2022.104624::Blank::DoR_SCM::1::digdebf9139,2,10.1016/j.jobe.2022.104624,1.0,fly_ash,selective_dissolution,5.39,5.406674226558533,0.0,15.729560844240886,6.316153422116033,5.0354093719631585,0.0,14.76643340802112,684.6062854066503,True
10.1016/j.jobe.2022.104624::Blank::DoR_SCM::1::dige792a0d9,2,10.1016/j.jobe.2022.104624,7.0,fly_ash,selective_dissolution,6.69,10.86350572194296,0.0,24.52585335279079,11.872715328504384,10.287358879022266,0.0,21.44769955864254,730.1850385713669,True
10.1016/j.jobe.2022.104624::Blank::DoR_SCM::1::dig69d90e85,2,10.1016/j.jobe.2022.104624,28.0,fly_ash,selective_dissolution,9.98,17.602247769233834,0.0,36.65265659652062,17.25120294446744,16.85264070097383,3.5877742886273345,29.703406237318323,695.6542610883611,True
10.1016/j.jobe.2022.104624::Blank::DoR_SCM::1::dig53e5b9ec,2,10.1016/j.jobe.2022.104624,60.0,fly_ash,selective_dissolution,12.58,22.997382818397696,2.817858234779787,46.84267051433853,18.1994723640325,21.510510865529763,7.251278205129507,35.16771845782497,704.5898331617439,True
10.1016/j.jobe.2022.104624::LWFA::DoR_SCM::7::dig2db78fdc,2,10.1016/j.jobe.2022.104624,1.0,fly_ash,selective_dissolution,5.74,5.35582477362504,0.0,14.752266518639054,3.7422912775091928,4.841357245065751,0.0,14.041148418688648,720.3123612691562,True
10.1016/j.jobe.2022.104624::LWFA::DoR_SCM::7::digdfc5bbcd,2,10.1016/j.jobe.2022.104624,7.0,fly_ash,selective_dissolution,7.7,11.101203681754882,0.0,25.056427231945513,9.275171532677696,9.586317847426287,0.0,20.431911638959956,726.3014261812606,True
10.1016/j.jobe.2022.104624::LWFA::DoR_SCM::7::dig3af73ce9,2,10.1016/j.jobe.2022.104624,28.0,fly_ash,selective_dissolution,13.07,17.83391631048379,0.0,36.39695502589513,15.373435322378866,15.307404010277681,2.348708103439061,27.6338849338383,715.7768520648016,True
10.1016/j.jobe.2022.104624::LWFA::DoR_SCM::7::dig947056aa,2,10.1016/j.jobe.2022.104624,60.0,fly_ash,selective_dissolution,18.13,22.53357358686127,3.54245068611517,47.15899389723414,16.98501189792864,19.909126213870916,6.289524002095747,34.20221637926469,735.2517848011205,True
10.1016/j.cemconres.2024.107664::LC3_50::DoR_SCM::dig46034f1ad,2,10.1016/j.cemconres.2024.107664,1.0,other,NMR,22.0,16.316381035927478,0.0,46.83743631840876,24.349241347224293,21.56913049044317,0.0,52.41154301498558,305.14291772140723,True
10.1016/j.cemconres.2024.107664::LC3_50::DoR_SCM::dig49d37ee45,2,10.1016/j.cemconres.2024.107664,2.0,other,NMR,21.3,22.250797439687066,0.0,57.67104118337077,25.83637145663532,27.54349111909886,0.0,59.23448674207614,343.112839840136,True
10.1016/j.cemconres.2024.107664::LC3_50::DoR_SCM::dig4b99e5109,2,10.1016/j.cemconres.2024.107664,4.0,other,NMR,32.4,25.69319554892015,0.0,65.81491385566213,27.86754118020957,33.23872609788155,0.0,67.38732868448938,328.91908812777575,True
10.1016/j.cemconres.2024.107664::LC3_50::DoR_SCM::dig429ea3af6,2,10.1016/j.cemconres.2024.107664,7.0,other,NMR,38.0,29.794309277474493,0.0,70.44849995251701,36.712492781040766,40.22086519706604,3.2293938625558902,75.83797178267145,345.02380218026974,True
10.1016/j.cemconres.2024.107664::LC3_50::DoR_SCM::dig436f39974,2,10.1016/j.cemconres.2024.107664,14.0,other,NMR,43.5,35.875509903642765,0.0,79.28846103739714,39.63475664662696,48.12334308276817,12.094120253237307,82.7505384312161,331.8855764224707,True
10.1016/j.cemconres.2024.107664::LC3_50::DoR_SCM::dig499afe5d3,2,10.1016/j.cemconres.2024.107664,21.0,other,NMR,46.3,37.36429418442899,0.0,79.98296598538829,42.058615768631626,51.121096262169246,17.505065619481584,85.33998850196454,312.3460355819063,True
10.1016/j.cemconres.2024.107664::LC3_50::DoR_SCM::dig47541fa7e,2,10.1016/j.cemconres.2024.107664,28.0,other,NMR,54.4,39.20948973634558,0.0,84.23663853867686,53.39046564855596,52.506327226749896,18.459583524899728,85.67032629358278,349.99878394008493,True
10.1016/j.cemconres.2024.107664::LC3_50::DoR_SCM::dig4e0aff257,2,10.1016/j.cemconres.2024.107664,35.0,other,NMR,58.4,41.231691041581236,0.0,84.72088184057544,53.38404607926416,55.578855822347975,19.753249713288014,91.61800257184296,351.854233917253,True
10.1016/j.cemconres.2024.107664::LC3_50::DoR_SCM::dig4763701b5,2,10.1016/j.cemconres.2024.107664,49.0,other,NMR,58.3,42.04779463944454,0.0,87.4153067073596,56.03366049668113,59.041756280799504,26.812524150207707,94.58499401255213,345.76619921974134,True
10.1016/j.cemconres.2024.107664::LC3_50::DoR_SCM::dig420ac5637,2,10.1016/j.cemconres.2024.107664,90.0,other,NMR,65.3,43.64570417000326,0.0,87.4998907575661,64.47201332764662,60.66725277193554,26.194560983299883,95.88053596892547,322.70526000745014,True
10.1016/j.cemconres.2024.107664::LC3_50::DoR_SCM::dig4c9a2ed13,2,10.1016/j.cemconres.2024.107664,180.0,other,NMR,69.3,44.937166229241086,0.0,90.134803640491,65.86962775935334,60.70454874322814,25.258792906690697,97.043164350358,355.5997198809273,True
10.1016/j.cemconres.2024.107664::LC3_50::DoR_SCM::dig4dc7c489d,2,10.1016/j.cemconres.2024.107664,420.0,other,NMR,73.2,44.36875988935201,0.0,95.26806573238346,69.46595184728135,62.090721970074874,27.45070418856263,99.16103400504223,322.53197914599696,True
10.1016/j.cemconres.2024.107664::LC3_70::DoR_SCM::dig49fc3d380,2,10.1016/j.cemconres.2024.107664,1.0,other,NMR,16.3,19.054477542084722,0.0,51.36764991166121,30.198268704212254,22.65466987789513,0.0,53.764911454442746,309.1160693721889,True
10.1016/j.cemconres.2024.107664::LC3_70::DoR_SCM::dig45a4973d3,2,10.1016/j.cemconres.2024.107664,2.0,other,NMR,17.0,22.339587222784886,0.0,55.74210678158079,31.68539881362328,28.5218260493182,0.0,59.74031288009718,306.77842920443874,True
10.1016/j.cemconres.2024.107664::LC3_70::DoR_SCM::dig48eb07c9b,2,10.1016/j.cemconres.2024.107664,4.0,other,NMR,21.8,27.71998687051807,0.0,66.70875617546707,33.98562807615784,37.52158522178454,1.0697191407202142,70.43621561991067,292.30622462396445,True
10.1016/j.cemconres.2024.107664::LC3_70::DoR_SCM::dig40f570685,2,10.1016/j.cemconres.2024.107664,7.0,other,NMR,39.2,32.38884775156458,0.0,70.24828058536485,43.00716979184563,44.6821229077677,9.73488482162087,76.94990738169813,345.06999669915103,True
10.1016/j.cemconres.2024.107664::LC3_70::DoR_SCM::dig4607eec1b,2,10.1016/j.cemconres.2024.107664,14.0,other,NMR,52.1,38.272660152886374,0.0,78.53538925562977,45.892619322847835,52.98066096220239,19.431914059860848,86.34415190366872,329.0780406776352,True
10.1016/j.cemconres.2024.107664::LC3_70::DoR_SCM::dig4f308b5df,2,10.1016/j.cemconres.2024.107664,21.0,other,NMR,55.4,39.552316582069395,0.0,81.39400702815787,48.3164784448525,57.37883770735236,24.508231260457897,91.62741474925834,304.33288705935223,True
10.1016/j.cemconres.2024.107664::LC3_70::DoR_SCM::dig45a696765,2,10.1016/j.cemconres.2024.107664,28.0,other,NMR,63.8,42.449086664732505,0.0,86.40638659030007,59.758561270562744,59.532853262504275,26.327399454608607,94.31729380518293,309.76592194381465,True
10.1016/j.cemconres.2024.107664::LC3_70::DoR_SCM::dig4ec483f2b,2,10.1016/j.cemconres.2024.107664,35.0,other,NMR,63.0,43.60804599003779,0.0,87.65052333483594,59.860548482891254,62.520903498801395,28.446723764268516,98.0148157890329,309.4787178795639,True
10.1016/j.cemconres.2024.107664::LC3_70::DoR_SCM::dig46f1c2e60,2,10.1016/j.cemconres.2024.107664,49.0,other,NMR,71.5,45.40379686029145,0.0,93.11514595696072,62.56127066606778,64.21541910893166,32.07438517769527,97.9964491006919,315.9217570969627,True
10.1016/j.cemconres.2024.107664::LC3_70::DoR_SCM::dig42d43252e,2,10.1016/j.cemconres.2024.107664,90.0,other,NMR,72.0,46.74869442007097,0.0,93.63754991728695,71.1874330386975,67.42003576992916,34.914931145891515,100.0,315.2967214903961,True
10.1016/j.cemconres.2024.107664::LC3_70::DoR_SCM::dig4a165712d,2,10.1016/j.cemconres.2024.107664,180.0,other,NMR,88.2,47.07727346890217,0.0,93.866641377908,72.58504747040425,68.89272921852645,33.65883843276837,100.0,295.5550820572562,True
10.1016/j.cemconres.2024.107664::LC3_70::DoR_SCM::dig44f51cee6,2,10.1016/j.cemconres.2024.107664,420.0,other,NMR,90.6,48.417390376725116,0.0,97.61718552917947,76.06573195191037,70.09059449943325,35.58899753593197,100.0,319.21035931932505,True
10.1016/j.cemconres.2024.107664::PC2_60::DoR_SCM::dig4ebf262ef,2,10.1016/j.cemconres.2024.107664,1.0,other,NMR,23.3,17.22424917156942,0.0,48.148716906601265,23.0177068530484,22.222091912541163,0.0,54.934199502207576,317.2227017316263,True
10.1016/j.cemconres.2024.107664::PC2_60::DoR_SCM::dig4673705cb,2,10.1016/j.cemconres.2024.107664,2.0,other,NMR,25.0,20.4581036925734,0.0,54.68982357705828,24.338541084604472,26.188622945746417,0.0,59.936672986154534,350.9085463405692,True
10.1016/j.cemconres.2024.107664::PC2_60::DoR_SCM::dig4c18d8960,2,10.1016/j.cemconres.2024.107664,4.0,other,NMR,29.1,25.90325102788024,0.0,64.3645245001997,26.267808839034185,32.130412820856705,0.0,66.67396021571903,345.87866763853765,True
10.1016/j.cemconres.2024.107664::PC2_60::DoR_SCM::dig4d2746782,2,10.1016/j.cemconres.2024.107664,7.0,other,NMR,34.0,29.707954267225645,0.0,68.01318614041645,34.81552725126285,39.04921167696474,3.704849532461541,74.50302284832392,344.8568723447118,True
10.1016/j.cemconres.2024.107664::PC2_60::DoR_SCM::dig46c5403ab,2,10.1016/j.cemconres.2024.107664,14.0,other,NMR,37.3,36.18132113846233,0.0,78.12677715311315,37.447201658489554,45.43123280129166,10.190082733840281,80.1286404487153,357.24280247193917,True
10.1016/j.cemconres.2024.107664::PC2_60::DoR_SCM::dig4a42f1785,2,10.1016/j.cemconres.2024.107664,21.0,other,NMR,47.6,37.53847694580199,0.0,81.64095853298586,39.87106078049422,50.085695550278075,14.88998155790707,85.05296592416785,369.10883585903235,True
10.1016/j.cemconres.2024.107664::PC2_60::DoR_SCM::dig400e3c87c,2,10.1016/j.cemconres.2024.107664,28.0,other,NMR,59.4,39.2922599571073,0.0,83.13458022809124,51.42807419666547,51.92519859655507,17.051452018654633,86.34591297841492,348.1962825448054,True
10.1016/j.cemconres.2024.107664::PC2_60::DoR_SCM::dig43a95b4f6,2,10.1016/j.cemconres.2024.107664,35.0,other,NMR,63.7,40.03673280474573,0.0,83.16400248383576,51.42165462737367,54.52822264187142,21.787276472257883,89.32504857201737,359.3211424859654,True
10.1016/j.cemconres.2024.107664::PC2_60::DoR_SCM::dig4409aed28,2,10.1016/j.cemconres.2024.107664,49.0,other,NMR,64.9,39.477856713447494,0.0,81.28749359541028,54.10687131280577,55.27735245239249,19.75274099083934,90.03576557020965,344.3063998557819,True
10.1016/j.cemconres.2024.107664::PC2_60::DoR_SCM::dig470495e36,2,10.1016/j.cemconres.2024.107664,90.0,other,NMR,69.5,41.5931714595313,0.0,88.92534959523894,62.30780304746674,58.80593972936542,23.10377947677446,94.08225966639675,329.5138664263872,True
10.1016/j.cemconres.2024.107664::PC2_60::DoR_SCM::dig44dba0251,2,10.1016/j.cemconres.2024.107664,180.0,other,NMR,81.0,43.12326089156169,0.0,90.84272291468892,63.58836366862165,58.945446542980996,26.742513794360523,92.85609583296727,328.9917103344337,True
10.1016/j.cemconres.2024.107664::PC2_60::DoR_SCM::dig436335d14,2,10.1016/j.cemconres.2024.107664,420.0,other,NMR,85.6,42.65385645427348,0.0,92.82371293366269,67.18468775654968,60.423810725048895,24.430670033130824,97.1523867805124,338.7621504089963,True
10.1016/j.cemconres.2024.107664::PC2_77::DoR_SCM::dig4f87df920,2,10.1016/j.cemconres.2024.107664,1.0,other,NMR,21.8,18.068876155668157,0.0,51.09119625472492,30.198268704212254,23.573528019716445,0.0,55.77112032105888,319.33957922911213,True
10.1016/j.cemconres.2024.107664::PC2_77::DoR_SCM::dig47357af41,2,10.1016/j.cemconres.2024.107664,2.0,other,NMR,23.0,22.017035843407598,0.0,55.655107233594066,31.68539881362328,29.488993553625637,0.0,63.69923471793408,302.4248864861685,True
10.1016/j.cemconres.2024.107664::PC2_77::DoR_SCM::dig41f754001,2,10.1016/j.cemconres.2024.107664,4.0,other,NMR,25.0,26.938114243022135,0.0,61.31545153895436,33.98562807615784,37.57758427984895,3.241200851998879,71.27542942078092,309.94820161805745,True
10.1016/j.cemconres.2024.107664::PC2_77::DoR_SCM::dig4a0b9a238,2,10.1016/j.cemconres.2024.107664,7.0,other,NMR,38.4,32.02621719162767,0.0,71.05666024570934,43.00716979184563,44.035945669469974,9.757555344686056,78.63403589038612,323.635813749541,True
10.1016/j.cemconres.2024.107664::PC2_77::DoR_SCM::dig4d37aa3a3,2,10.1016/j.cemconres.2024.107664,14.0,other,NMR,46.0,36.75360001952444,0.0,77.20640009471596,45.892619322847835,53.97290205678072,17.477790398555612,88.97626376638024,315.7040974873051,True
10.1016/j.cemconres.2024.107664::PC2_77::DoR_SCM::dig42cdadc7f,2,10.1016/j.cemconres.2024.107664,21.0,other,NMR,57.0,40.26322734008942,0.0,84.2425406429414,48.3164784448525,57.787384394149676,22.077910995319915,94.1216571641301,313.0390098466039,True
10.1016/j.cemconres.2024.107664::PC2_77::DoR_SCM::dig43c5de806,2,10.1016/j.cemconres.2024.107664,28.0,other,NMR,70.6,42.414224290812925,0.0,86.82289943796758,59.758561270562744,59.57986303214133,23.054357584748555,95.72518443357862,308.3718068421848,True
10.1016/j.cemconres.2024.107664::PC2_77::DoR_SCM::dig44479e1d3,2,10.1016/j.cemconres.2024.107664,35.0,other,NMR,71.3,43.25394484268841,0.0,87.91692733860779,59.860548482891254,62.47439288767103,28.590721683897797,96.42354780762749,295.09809300734486,True
10.1016/j.cemconres.2024.107664::PC2_77::DoR_SCM::dig4f7cdef6c,2,10.1016/j.cemconres.2024.107664,49.0,other,NMR,71.6,44.838872404548326,0.36575243929562434,92.30444431980301,62.56127066606778,65.02075631774171,28.786982920251,98.59517817379994,307.2557532176637,True
10.1016/j.cemconres.2024.107664::PC2_77::DoR_SCM::dig4bb6e6e89,2,10.1016/j.cemconres.2024.107664,90.0,other,NMR,73.5,46.44625611374334,0.0,92.80040334181231,71.1874330386975,67.1198437528067,35.097273868763736,100.0,323.1974739146355,True
10.1016/j.cemconres.2024.107664::PC2_77::DoR_SCM::dig4692321ba,2,10.1016/j.cemconres.2024.107664,180.0,other,NMR,83.5,46.972300321753394,0.0,94.6571924230567,72.58504747040425,68.09955308861593,33.602286226075215,100.0,304.2853118633467,True
10.1016/j.cemconres.2024.107664::PC2_77::DoR_SCM::dig46cb1a6c1,2,10.1016/j.cemconres.2024.107664,420.0,other,NMR,87.2,47.15208578510894,0.26080741545558983,92.83360338335005,76.06573195191037,69.61976899231827,33.47702413721552,100.0,290.72494551556946,True
10.1016/j.cemconres.2024.107766::SyCEM_20MS::DoR_SCM::dig4ca67d0fb,2,10.1016/j.cemconres.2024.107766,2.1,other,XRD_other,16.7,27.374002309697037,8.519665201367552,45.19550836396082,19.297309345204,24.18041096678197,14.870863655010513,33.584881879994605,418.3585961324466,True
10.1016/j.cemconres.2024.107766::SyCEM_10LL20MS::DoR_SCM::dig403f7c966,2,10.1016/j.cemconres.2024.107766,2.1,other,XRD_other,18.7,27.425616863494422,7.893977032684121,45.601717456726256,19.297309345204,23.549863709690655,13.961984598812377,32.678079552451116,429.2660978634247,True
10.1016/j.jobe.2024.108988::Ref::DoR_SCM::dig412dcd542,2,10.1016/j.jobe.2024.108988,3.0,slag,XRD_other,1.4,19.55395354724101,4.932580732135457,33.43825271151931,10.806910217948957,16.784022603214563,8.774965148738916,25.03021325169249,438.6044219269569,True
10.1016/j.jobe.2024.108988::Ref::DoR_SCM::dig44ebbba3d,2,10.1016/j.jobe.2024.108988,7.0,slag,XRD_other,36.0,26.74964555796174,8.516452329405988,44.48998274063732,19.696649745429912,22.729359620804,13.448804226638567,32.170180581414606,460.78535290147744,True
10.1016/j.jobe.2024.108988::Ref::DoR_SCM::dig40fb1bdfb,2,10.1016/j.jobe.2024.108988,28.0,slag,XRD_other,48.0,39.78060223342489,13.422508211972142,65.36774706331583,32.725596913883244,33.913033889547414,22.857983698512534,45.60779320320155,476.4828663293234,True
10.1016/j.jobe.2024.108988::0.5 NaAlO2::DoR_SCM::dig43dc73512,2,10.1016/j.jobe.2024.108988,3.0,slag,XRD_other,9.8,19.51022974713143,5.4177703873544925,33.600506532494364,10.806910217948957,16.285738054420037,7.623917382540364,24.820377356710367,470.1346506708381,True
10.1016/j.jobe.2024.108988::0.5 NaAlO2::DoR_SCM::dig4be42aff0,2,10.1016/j.jobe.2024.108988,7.0,slag,XRD_other,40.4,26.847923106492747,8.452723742622538,44.6401523402611,19.696649745429912,22.853976929192424,13.232677872405038,32.31021249221828,469.387462722333,True
10.1016/j.jobe.2024.108988::0.5 NaAlO2::DoR_SCM::dig446b410d0,2,10.1016/j.jobe.2024.108988,28.0,slag,XRD_other,52.5,39.06478304726297,13.848709823930104,65.22286306583759,32.725596913883244,33.76189847690145,22.816259355072614,44.68232022040711,481.3624821079429,True
10.1016/j.jobe.2024.108988::1.5 NaAlO2::DoR_SCM::dig41155a587,2,10.1016/j.jobe.2024.108988,3.0,slag,XRD_other,10.7,19.319977794214793,5.430893280837034,33.36573913757151,10.806910217948957,16.531009812562395,7.709874338395881,25.422951091261737,495.52324304660243,True
10.1016/j.jobe.2024.108988::1.5 NaAlO2::DoR_SCM::dig4643ea41d,2,10.1016/j.jobe.2024.108988,7.0,slag,XRD_other,47.2,26.61383821017835,9.217959100469974,43.72983158949009,19.696649745429912,22.5835342256985,13.02716233244551,31.611959655810843,474.10016080418546,True
10.1016/j.jobe.2024.108988::1.5 NaAlO2::DoR_SCM::dig4f4231460,2,10.1016/j.jobe.2024.108988,28.0,slag,XRD_other,70.0,40.70878989642517,14.421325966225146,64.69540189304928,32.725596913883244,33.81821239284705,22.34961216140138,45.65398230274296,475.5950090605969,True
10.1016/j.jobe.2024.108988::2.5 NaAlO2::DoR_SCM::dig479e1ec05,2,10.1016/j.jobe.2024.108988,3.0,slag,XRD_other,6.9,19.357630276316353,4.689138428462455,32.45895308457247,10.806910217948957,16.74224933245888,8.36932144190112,25.45207576313924,470.91129935005796,True
10.1016/j.jobe.2024.108988::2.5 NaAlO2::DoR_SCM::dig45abc567c,2,10.1016/j.jobe.2024.108988,7.0,slag,XRD_other,45.0,26.916560031931805,8.05822556312354,44.7440983962103,19.696649745429912,22.730714284006766,13.59830592792991,32.09688009696436,476.8678415988308,True
10.1016/j.jobe.2024.108988::2.5 NaAlO2::DoR_SCM::dig48017d68b,2,10.1016/j.jobe.2024.108988,28.0,slag,XRD_other,67.3,39.67597138737841,12.713998988515222,65.26473719967963,32.725596913883244,33.89212859000831,22.202045489135855,44.796378990355834,476.9784536528286,True
10.1016/j.cemconcomp.2009.12.002::ALG::DoR_SCM::0,3,10.1016/j.cemconcomp.2009.12.002,7.0,slag,selective_dissolution,8.0,24.186844132244218,6.413273416597427,41.67574432985632,16.556491581510784,17.999074132976013,5.493696467092943,29.759956901483363,474.1965100604774,True
10.1016/j.cemconcomp.2009.12.002::UK::DoR_SCM::1,3,10.1016/j.cemconcomp.2009.12.002,7.0,slag,selective_dissolution,8.0,23.758222330442823,5.759046242683818,41.13881060543005,17.049220290287117,19.171601380005196,7.147776737673992,31.137081825287847,490.2329288055819,True
10.1016/j.cemconcomp.2009.12.002::ALG::DoR_SCM::2,3,10.1016/j.cemconcomp.2009.12.002,28.0,slag,selective_dissolution,21.0,37.33626544915881,13.237203903169762,60.463376802306215,27.085239151600906,28.594030402827013,15.363901832682568,42.389076945507455,466.75944282901406,True
10.1016/j.cemconcomp.2009.12.002::UK::DoR_SCM::3,3,10.1016/j.cemconcomp.2009.12.002,28.0,slag,selective_dissolution,19.0,36.57099371814204,11.691771712445998,61.04232216584314,27.726384210497855,29.071520502775602,15.729885856495724,42.618233581162656,496.4565085962265,True
10.1016/j.clay.2020.105656::CMT0::DoR_SCM::7,3,10.1016/j.clay.2020.105656,28.0,other,NMR,71.38,39.704104373801336,5.239314428663373,71.83307906059869,58.52129367580535,56.822627139554434,31.24246427930466,81.89546352784332,322.9883437745025,True
10.1016/j.clay.2020.105656::CMT5::DoR_SCM::9,3,10.1016/j.clay.2020.105656,28.0,other,NMR,77.16,40.46513966468005,7.37376248391865,75.32863489347191,58.52129367580535,56.09888108550288,29.98397969340487,81.37769614067106,349.0522075396291,True
10.1016/j.clay.2020.105656::CMT0::DoR_SCM::11,3,10.1016/j.clay.2020.105656,90.0,other,NMR,78.2,48.3424128859962,9.101058822249438,85.66994102951885,69.54930955673211,66.51847077631378,40.28714800168216,92.9337461902595,355.5141132769235,True
10.1016/j.clay.2020.105656::CMT5::DoR_SCM::13,3,10.1016/j.clay.2020.105656,90.0,other,NMR,83.34,48.21422355660052,9.847823012394942,85.77245678654147,69.54930955673211,67.29281888355753,40.33659654464523,92.48913141358453,366.1969422141775,True
10.1016/j.conbuildmat.2019.01.173::sl_035_23::DoR_SCM::7,3,10.1016/j.conbuildmat.2019.01.173,7.0,slag,calorimetry,54.0,25.794205580927066,7.686532257072098,42.54609180985349,32.16325663671564,28.25071211436059,15.126907953046643,41.600621999735424,600.3762112536747,True
10.1016/j.conbuildmat.2019.01.173::sl_035_23::DoR_SCM::8,3,10.1016/j.conbuildmat.2019.01.173,7.0,slag,mass_balance,22.0,25.659048761699474,3.219045384180948,47.05196420503829,34.17340124488483,29.58647335675317,11.726716166242413,48.06609544882082,595.3311852198633,True
10.1016/j.conbuildmat.2019.01.173::sl_050_23::DoR_SCM::9,3,10.1016/j.conbuildmat.2019.01.173,7.0,slag,calorimetry,42.0,30.43562049115529,10.753147789048121,49.051025155129885,35.12292510838099,33.26275849165063,19.810975301135485,46.285090951013025,586.3166584671358,True
10.1016/j.conbuildmat.2019.01.173::sl_050_23::DoR_SCM::10,3,10.1016/j.conbuildmat.2019.01.173,7.0,slag,mass_balance,4.0,29.927703753446682,7.464121343811356,50.463395040629656,39.46771102346394,35.43051494455046,17.92934836852372,52.31809502468536,578.1073708394196,True
10.1016/j.conbuildmat.2019.01.173::fa_035_23::DoR_SCM::11,3,10.1016/j.conbuildmat.2019.01.173,7.0,fly_ash,calorimetry,23.0,10.781719950133501,0.0,25.95804147463155,8.04025186960343,10.296971694173601,0.0,22.10863991898714,741.1466023552625,True
10.1016/j.conbuildmat.2019.01.173::fa_035_23::DoR_SCM::12,3,10.1016/j.conbuildmat.2019.01.173,7.0,fly_ash,mass_balance,11.0,11.04031443637375,0.0,29.12838180130969,12.745516937514298,12.857225751645398,0.0,30.848727502613603,614.5949429088986,True
10.1016/j.conbuildmat.2019.01.173::fa_050_23::DoR_SCM::13,3,10.1016/j.conbuildmat.2019.01.173,7.0,fly_ash,calorimetry,12.0,13.399378814256359,0.0,28.446288727843264,9.835581548064605,14.016931343895227,1.1325366987891101,27.31819128711083,659.9105926290371,True
10.1016/j.conbuildmat.2019.01.173::sf_035_23::DoR_SCM::15,3,10.1016/j.conbuildmat.2019.01.173,7.0,other,calorimetry,12.0,27.82347707670963,4.683926811191908,50.934627865796934,13.716477300300072,21.469827715025676,7.692494142439018,35.312428057348505,465.8985890797271,True
10.1016/j.conbuildmat.2019.01.173::sf_035_23::DoR_SCM::16,3,10.1016/j.conbuildmat.2019.01.173,7.0,other,mass_balance,16.0,28.832616399746524,3.517020006435982,55.92461297055293,16.54363897472788,23.20578414298685,5.404049810241038,41.475504286099316,495.8039879687054,True
10.1016/j.conbuildmat.2019.01.173::sf_050_23::DoR_SCM::17,3,10.1016/j.conbuildmat.2019.01.173,7.0,other,calorimetry,37.0,33.55493813652096,9.159748024987428,57.58326770696803,16.70304727181442,27.987813812417855,14.839559730483112,41.51885976027512,405.0219717352324,True
10.1016/j.conbuildmat.2019.01.173::sf_050_23::DoR_SCM::18,3,10.1016/j.conbuildmat.2019.01.173,7.0,other,mass_balance,11.0,34.4324690052885,7.023437651467961,59.678582657359335,20.997402102073572,30.882160014391058,12.50677923559511,49.15020179979966,456.34117957814084,True
10.1016/j.conbuildmat.2019.01.173::mk_035_23::DoR_SCM::19,3,10.1016/j.conbuildmat.2019.01.173,7.0,other,calorimetry,40.0,28.15297505953728,6.028737163029871,51.382833172119405,22.374471944742357,27.439498150456565,11.681432011577822,42.9368820995791,477.90281973593943,True
10.1016/j.conbuildmat.2019.01.173::mk_035_23::DoR_SCM::20,3,10.1016/j.conbuildmat.2019.01.173,7.0,other,mass_balance,24.0,27.437847489676194,2.3180111064294957,51.796735023220904,27.13596939807118,31.186396357357758,12.3011757239126,48.94517620091967,475.874318526624,True
10.1016/j.conbuildmat.2019.01.173::mk_050_23::DoR_SCM::21,3,10.1016/j.conbuildmat.2019.01.173,7.0,other,calorimetry,36.0,34.35154330026652,10.567510917185757,58.832096011195866,25.90349953033986,33.46761954452521,17.93119661031786,46.925982718262624,480.7504786077891,True
10.1016/j.conbuildmat.2019.01.173::mk_050_23::DoR_SCM::22,3,10.1016/j.conbuildmat.2019.01.173,7.0,other,mass_balance,20.0,34.33984556110412,7.424509444808426,60.942787652238565,33.09751993186558,39.771363633438476,22.169382112807664,57.324124742312904,460.26996787671897,True
10.1016/j.conbuildmat.2020.121695::OS-35-0.4-25C::DoR_SCM::24,3,10.1016/j.conbuildmat.2020.121695,3.0,slag,SEM_BSE,22.0,21.203288390744227,0.0,45.27989884584677,26.906790116024585,24.30271588213244,2.111970021413926,45.072972863002086,530.7624884221702,True
10.1016/j.conbuildmat.2020.121695::OS-35-0.4-45C::DoR_SCM::25,3,10.1016/j.conbuildmat.2020.121695,3.0,slag,SEM_BSE,35.0,39.42609793671512,8.302110338621855,70.79746214963639,37.8484890244729,39.959121427922305,17.844369376093006,62.33989081412192,429.5345341662094,True
10.1016/j.conbuildmat.2020.121695::OS-35-0.4-60C::DoR_SCM::26,3,10.1016/j.conbuildmat.2020.121695,3.0,slag,SEM_BSE,48.0,49.67249190186916,14.26855402229153,83.80009622380662,39.63331451941202,48.556976381794556,26.181915184128766,72.30209920958862,398.5842801450674,True
10.1016/j.dibe.2023.100256::SL30::DoR_SCM::0,3,10.1016/j.dibe.2023.100256,28.0,slag,selective_dissolution,38.1,37.85448714483139,14.787002417874364,58.73385016949084,36.84034750439601,36.196696613555844,22.57794995805651,49.925873811158255,570.9708376516148,True
10.1016/j.dibe.2023.100256::SL50::DoR_SCM::1,3,10.1016/j.dibe.2023.100256,28.0,slag,selective_dissolution,36.1,36.093044919586276,10.767619053952924,61.171225105486556,35.94131330316717,36.601583219142725,23.24415783310587,50.16783790324859,559.4979919692111,True
10.1016/j.dibe.2023.100256::FA30::DoR_SCM::2,3,10.1016/j.dibe.2023.100256,28.0,fly_ash,selective_dissolution,29.0,16.667824612047205,0.3225374518337985,35.29414238400888,16.15608789835006,17.88405056164672,5.582649574953571,30.200743441837542,706.3464117856392,True
10.1016/j.dibe.2023.100256::FA50::DoR_SCM::3,3,10.1016/j.dibe.2023.100256,28.0,fly_ash,selective_dissolution,26.5,16.123322885833048,0.0,34.171153801036404,14.585481416592557,16.17750587952958,3.6509309863598434,28.584409304676104,741.3694285453323,True
10.1016/j.dibe.2023.100256::SL30::DoR_SCM::4,3,10.1016/j.dibe.2023.100256,1.0,slag,selective_dissolution,17.9,10.56239189736598,0.0,21.78117339467535,13.41516939829395,10.490585705332967,0.0,20.806966842104675,580.0874559283158,True
10.1016/j.dibe.2023.100256::SL30::DoR_SCM::5,3,10.1016/j.dibe.2023.100256,3.0,slag,selective_dissolution,21.2,17.721737687150245,2.460311339207426,31.25345250413062,17.16322571367681,16.433126238165908,4.763388269405453,27.357355589371018,556.448440267693,True
10.1016/j.dibe.2023.100256::SL30::DoR_SCM::6,3,10.1016/j.dibe.2023.100256,7.0,slag,selective_dissolution,38.0,24.29888987193364,7.556381745797857,40.07775813082733,26.466488006745696,23.171220347220554,11.057891092531259,34.18543070268713,602.0672231411887,True
10.1016/j.dibe.2023.100256::SL50::DoR_SCM::7,3,10.1016/j.dibe.2023.100256,1.0,slag,selective_dissolution,7.4,10.889888023020628,0.0,22.80584620985617,13.507804937054642,10.790878332633248,0.0,21.62946574689294,562.7151055684374,True
10.1016/j.dibe.2023.100256::SL50::DoR_SCM::8,3,10.1016/j.dibe.2023.100256,3.0,slag,selective_dissolution,22.0,17.3614348895767,3.2911803599792013,31.891243567896495,17.227364243152486,17.237003602479223,6.506751057869257,28.1132652119884,528.1351208780263,True
10.1016/j.dibe.2023.100256::SL50::DoR_SCM::9,3,10.1016/j.dibe.2023.100256,7.0,slag,selective_dissolution,32.6,24.06034324056654,6.870191534075424,40.84359981582419,26.23570969050251,23.68615978108754,11.328912966162715,36.02702119133594,565.9293468663524,True
10.1016/j.dibe.2023.100256::FA30::DoR_SCM::10,3,10.1016/j.dibe.2023.100256,1.0,fly_ash,selective_dissolution,13.8,5.396311896861603,0.0,14.93888416057404,2.6225406131446753,5.22644778605445,0.0,15.752788984585216,742.965926914921,True
10.1016/j.dibe.2023.100256::FA30::DoR_SCM::11,3,10.1016/j.dibe.2023.100256,3.0,fly_ash,selective_dissolution,17.5,7.334735978063416,0.0,18.34677343608219,4.587243655251996,7.440392820295321,0.0,17.212230154216517,728.6031146452668,True
10.1016/j.dibe.2023.100256::FA30::DoR_SCM::12,3,10.1016/j.dibe.2023.100256,7.0,fly_ash,selective_dissolution,22.6,9.946531544456521,0.0,23.35204777232489,9.094021791853484,10.471309840312173,0.0,21.16824381219895,724.8658560995399,True
10.1016/j.dibe.2023.100256::FA50::DoR_SCM::13,3,10.1016/j.dibe.2023.100256,1.0,fly_ash,selective_dissolution,9.3,4.849219081262235,0.0,14.624989815320328,2.3536582608716046,5.08093472938026,0.0,15.091204274239391,744.588707662895,True
10.1016/j.dibe.2023.100256::FA50::DoR_SCM::14,3,10.1016/j.dibe.2023.100256,3.0,fly_ash,selective_dissolution,11.4,7.0965548137597265,0.0,18.284309567282317,4.327626995441924,7.033191856575914,0.0,17.694538741244926,739.7376174235626,True
10.1016/j.dibe.2023.100256::FA50::DoR_SCM::15,3,10.1016/j.dibe.2023.100256,7.0,fly_ash,selective_dissolution,16.5,9.67664447686645,0.0,23.18785557856174,8.318444914365216,9.689873019802972,0.0,20.788192443042206,753.765464168947,True
10.1016/j.jobe.2024.109191::PC1-FA3-50::DoR_SCM::2,3,10.1016/j.jobe.2024.109191,3.0,fly_ash,other_unknown,23.0,8.786883892639974,0.0,26.287443855585103,5.9953753232602125,8.432298977093618,0.0,25.285206649901465,724.1312364095998,True
10.1016/j.jobe.2024.109191::PC2-FA3-50::DoR_SCM::3,3,10.1016/j.jobe.2024.109191,3.0,fly_ash,other_unknown,21.0,8.60978163839833,0.0,27.29410604555228,5.9953753232602125,8.744930106556543,0.0,26.0552595906909,749.5104976359754,True
10.1016/S0008-8846(98)00178-1::AFA-55C::DoR_SCM::0,3,10.1016/S0008-8846(98)00178-1,1.0,fly_ash,other_unknown,8.53,16.571576476751726,0.0,39.8597506691778,11.751595347349785,12.661430466144797,0.0,31.428763569869616,572.544011477956,True
10.1016/S0008-8846(98)00178-1::AFA-55C::DoR_SCM::1,3,10.1016/S0008-8846(98)00178-1,2.0,fly_ash,other_unknown,10.05,20.22179479501884,0.0,46.33342172998368,12.333636573665778,14.766024266754341,0.0,34.85919078465189,568.7695099796431,True
10.1016/S0008-8846(98)00178-1::AFA-55C::DoR_SCM::2,3,10.1016/S0008-8846(98)00178-1,3.0,fly_ash,other_unknown,10.5,22.21507421053908,0.0,50.193307413597275,12.545171160896805,16.2790247624518,0.0,36.06007310898846,563.9718832319819,True
10.1016/S0008-8846(98)00178-1::AFA-55C::DoR_SCM::3,3,10.1016/S0008-8846(98)00178-1,5.0,fly_ash,other_unknown,10.89,24.717190780317893,0.0,53.713358710235795,12.545171160896805,18.747201244561396,0.0,40.3619877722597,570.0665268315348,True
10.1016/S0008-8846(98)00178-1::AFA-70C::DoR_SCM::4,3,10.1016/S0008-8846(98)00178-1,1.0,fly_ash,other_unknown,7.95,23.55607995414001,0.0,54.03611076656068,11.763278808229302,16.359582997201002,0.0,35.29178585779817,537.0033091323629,True
10.1016/S0008-8846(98)00178-1::AFA-70C::DoR_SCM::5,3,10.1016/S0008-8846(98)00178-1,1.4583333333333333,fly_ash,other_unknown,9.24,25.768575850746846,0.0,55.75030247920027,12.345320034545296,17.63646440123169,0.0,37.50716107760496,538.024133621871,True
10.1016/S0008-8846(98)00178-1::AFA-70C::DoR_SCM::6,3,10.1016/S0008-8846(98)00178-1,2.0,fly_ash,other_unknown,9.8,27.808077190130977,0.0,61.74034333547152,12.345320034545296,18.437462092991804,0.0,39.77683145174258,522.3193251411147,True
10.1016/S0008-8846(98)00178-1::AFA-70C::DoR_SCM::7,3,10.1016/S0008-8846(98)00178-1,4.0,fly_ash,other_unknown,10.12,29.558853225790124,0.25110057282467907,63.31705480140699,12.556854621776322,19.515045875317973,0.0,39.2794196166035,522.5713615321094,True
10.1016/S0008-8846(98)00178-1::AFA-90C::DoR_SCM::8,3,10.1016/S0008-8846(98)00178-1,0.5,fly_ash,other_unknown,6.73,28.078575059354517,0.0,61.08347785744135,11.763278808229302,19.93359312652933,0.0,41.211305248514876,526.5047482078675,True
10.1016/S0008-8846(98)00178-1::AFA-90C::DoR_SCM::9,3,10.1016/S0008-8846(98)00178-1,0.8333333333333334,fly_ash,other_unknown,8.47,29.447709397454002,0.0,67.09864206791745,11.763278808229302,19.836299421904222,0.0,40.890929995162,533.3884740732635,True
10.1016/S0008-8846(98)00178-1::AFA-90C::DoR_SCM::10,3,10.1016/S0008-8846(98)00178-1,1.25,fly_ash,other_unknown,9.17,30.360540233885924,0.0,65.50858909487904,12.345320034545296,19.361288039488453,0.0,40.25979074795352,528.4881801568481,True
10.1016/S0008-8846(98)00178-1::AFA-90C::DoR_SCM::11,3,10.1016/S0008-8846(98)00178-1,2.0,fly_ash,other_unknown,9.67,29.82495456704286,0.22649657681502544,64.93146052929755,12.345320034545296,20.794574923342402,0.0,42.96048968474499,525.1901290050712,True
10.1016/S0008-8846(98)00178-1::FA::DoR_SCM::12,3,10.1016/S0008-8846(98)00178-1,3.0,fly_ash,other_unknown,1.05,9.153877535840348,0.0,27.487218365485614,5.9953753232602125,8.69908700422149,0.0,26.67030835780074,736.998920018291,True
10.1016/S0008-8846(98)00178-1::FA::DoR_SCM::13,3,10.1016/S0008-8846(98)00178-1,14.0,fly_ash,other_unknown,5.19,13.908233079969142,0.0,33.99237797777741,12.790416193774488,13.716598456429814,0.0,33.68525273507351,740.787625245839,True
10.1016/S0008-8846(98)00178-1::FA::DoR_SCM::14,3,10.1016/S0008-8846(98)00178-1,28.0,fly_ash,other_unknown,7.32,17.41083410052254,0.0,41.1766484547921,16.79712903099419,17.952857017427334,0.0,38.746878638610156,729.4542052466663,True
10.1016/S0008-8846(98)00178-1::FA::DoR_SCM::15,3,10.1016/S0008-8846(98)00178-1,56.0,fly_ash,other_unknown,9.29,20.98616387769387,0.0,47.574519792567884,18.237916896940508,20.197525737347956,0.0,41.12394919958025,766.9484053044288,True
10.1016/S0008-8846(98)00178-1::FA::DoR_SCM::16,3,10.1016/S0008-8846(98)00178-1,90.0,fly_ash,other_unknown,10.66,23.160227538352963,0.0,51.611635513285464,25.731427843357967,23.805120516521466,1.6254483672291034,46.308020160026196,737.0890043530138,True
10.1016/S0008-8846(98)00178-1::FA::DoR_SCM::17,3,10.1016/S0008-8846(98)00178-1,120.0,fly_ash,other_unknown,13.6,24.510765537877436,0.0,54.788947299838895,25.751541715401235,25.283417124456744,3.3770560544497767,47.20740756192168,773.3533655256934,True
10.1016/S0008-8846(98)00178-1::AFA-no-Na2SiO3::DoR_SCM::18,3,10.1016/S0008-8846(98)00178-1,3.0,fly_ash,other_unknown,1.83,9.413331381126454,0.0,28.899872914652963,5.9953753232602125,9.133403523679814,0.0,26.90202162069516,745.5348311144364,True
10.1016/S0008-8846(98)00178-1::AFA-no-Na2SiO3::DoR_SCM::19,3,10.1016/S0008-8846(98)00178-1,14.0,fly_ash,other_unknown,9.86,13.568582340689252,0.0,34.96466893204179,12.790416193774488,13.750111010418326,0.0,33.13879854067312,746.4640318370191,True
10.1016/S0008-8846(98)00178-1::AFA-no-Na2SiO3::DoR_SCM::20,3,10.1016/S0008-8846(98)00178-1,28.0,fly_ash,other_unknown,12.42,17.689716794279278,0.0,40.332272490984394,16.79712903099419,17.126708688233204,0.0,36.982008588705575,753.5008619253077,True
10.1016/S0008-8846(98)00178-1::AFA-no-Na2SiO3::DoR_SCM::21,3,10.1016/S0008-8846(98)00178-1,56.0,fly_ash,other_unknown,27.13,20.073517752584962,0.0,46.253646087898254,18.237916896940508,20.80597465024665,0.0,41.911200594464894,732.8570988646566,True
10.1016/S0008-8846(98)00178-1::AFA-no-Na2SiO3::DoR_SCM::22,3,10.1016/S0008-8846(98)00178-1,90.0,fly_ash,other_unknown,29.31,23.766367616918064,0.0,53.686311002308166,25.731427843357967,24.16922940150478,0.99809579145667,45.72396833749187,745.5752830416874,True
10.1016/S0008-8846(98)00178-1::AFA-no-Na2SiO3::DoR_SCM::23,3,10.1016/S0008-8846(98)00178-1,120.0,fly_ash,other_unknown,30.43,25.030272318567484,0.0,55.401288394477724,25.751541715401235,24.917980360998687,1.8935392136303582,48.79868313079711,727.7870672651516,True
10.1016/S0008-8846(98)00178-1::AFA-with-Na2SiO3::DoR_SCM::24,3,10.1016/S0008-8846(98)00178-1,3.0,fly_ash,other_unknown,2.1,9.455048668929182,0.0,27.51724889672018,5.9953753232602125,9.307796962438523,0.0,27.553298730791944,731.3614752329416,True
10.1016/S0008-8846(98)00178-1::AFA-with-Na2SiO3::DoR_SCM::25,3,10.1016/S0008-8846(98)00178-1,14.0,fly_ash,other_unknown,10.0,13.716029657698828,0.0,35.49367779467953,12.790416193774488,14.187243150471282,0.0,33.30985476627139,757.6178724992607,True
10.1016/S0008-8846(98)00178-1::AFA-with-Na2SiO3::DoR_SCM::26,3,10.1016/S0008-8846(98)00178-1,28.0,fly_ash,other_unknown,14.87,16.373874022071536,0.0,40.10281863576676,16.79712903099419,16.701957160480923,0.0,37.54294348918153,731.7000882512814,True
10.1016/S0008-8846(98)00178-1::AFA-with-Na2SiO3::DoR_SCM::27,3,10.1016/S0008-8846(98)00178-1,56.0,fly_ash,other_unknown,24.7,20.740670796072244,0.0,47.37241739404916,18.237916896940508,21.54559781401363,0.8240857030907275,42.45116003270713,740.5257990466577,True
10.1016/S0008-8846(98)00178-1::AFA-with-Na2SiO3::DoR_SCM::28,3,10.1016/S0008-8846(98)00178-1,90.0,fly_ash,other_unknown,24.74,23.352950609996704,0.0,52.58285944936764,25.731427843357967,23.147805628504727,0.24769439340940444,44.37955678387351,740.5574803184431,True
10.1016/S0008-8846(98)00178-1::AFA-with-Na2SiO3::DoR_SCM::29,3,10.1016/S0008-8846(98)00178-1,120.0,fly_ash,other_unknown,24.74,25.239857915601792,0.0,55.74023132092548,25.751541715401235,25.395531058663778,2.1214265193861985,49.15657426284003,739.4936185911563,True
10.1016/j.conbuildmat.2023.131140::Cement-P3::DoR_SCM::fig::1,3,10.1016/j.conbuildmat.2023.131140,7.0,slag,unknown,5.5,23.54719554848594,4.673492672768756,43.95940746346945,32.667302644551086,28.594072029103348,14.945158045487823,42.130599294288174,464.5784964524801,True
10.1016/j.conbuildmat.2023.131140::Cement-P3::DoR_SCM::fig::2,3,10.1016/j.conbuildmat.2023.131140,28.0,slag,unknown,9.0,34.8508566131008,8.645968015033404,60.65490372482981,42.304080299587476,42.1107264952947,26.81903522776508,57.312646657576586,476.8040605547479,True
10.1016/j.conbuildmat.2023.131140::Cement-P3::DoR_SCM::fig::3,3,10.1016/j.conbuildmat.2023.131140,90.0,slag,unknown,17.5,42.04363241985667,12.358756627447473,72.81031171588693,52.05682776027767,50.984921953835695,34.91767161124599,67.34648730548872,476.1250483109382,True
10.1016/j.conbuildmat.2023.131140::Cement-P5::DoR_SCM::fig::4,3,10.1016/j.conbuildmat.2023.131140,7.0,slag,unknown,3.7,22.364367711501842,3.7390917121113607,43.09378845834427,33.290865696864756,28.28514510708792,13.23735252568358,43.25160990350848,435.5005601488518,True
10.1016/j.conbuildmat.2023.131140::Cement-P5::DoR_SCM::fig::5,3,10.1016/j.conbuildmat.2023.131140,28.0,slag,unknown,7.3,34.10248409794282,8.015371335912391,61.32173620474597,43.342649407141685,43.32451469743895,29.316709297103603,57.88535699374175,463.50633018219355,True
10.1016/j.conbuildmat.2023.131140::Cement-P5::DoR_SCM::fig::6,3,10.1016/j.conbuildmat.2023.131140,90.0,slag,unknown,16.5,42.229847919020685,11.855878082045692,73.39539499598125,52.54577487081551,52.59490259877851,37.518693734647634,67.9783302783798,474.003851477973,True
10.1016/j.conbuildmat.2023.131140::Cement-P8::DoR_SCM::fig::7,3,10.1016/j.conbuildmat.2023.131140,7.0,slag,unknown,6.0,22.988290529843205,3.5009800013992276,43.20999109435415,37.831976143512954,31.450090366791464,17.957767793412938,45.21307955720445,392.19331156120353,True
10.1016/j.conbuildmat.2023.131140::Cement-P8::DoR_SCM::fig::8,3,10.1016/j.conbuildmat.2023.131140,28.0,slag,unknown,9.7,33.70477865457913,8.809584774595615,60.56342899321657,49.0603752465059,46.888744245580035,32.182762865682705,61.74138534369861,368.41578353759627,True
10.1016/j.conbuildmat.2023.131140::Cement-P8::DoR_SCM::fig::9,3,10.1016/j.conbuildmat.2023.131140,90.0,slag,unknown,19.0,42.06276916324479,12.411922728156666,74.24523847999491,57.02441698279364,57.36307028911273,40.81241627009815,73.80815056915068,375.873308399376,True
10.1016/j.conbuildmat.2023.131140::Cement-S::DoR_SCM::fig::10,3,10.1016/j.conbuildmat.2023.131140,7.0,slag,unknown,6.7,23.04458808191241,3.4322966329577147,43.57434748370892,33.27873701224682,28.757547705851813,15.139214475579577,42.66332946580091,441.83190669267674,True
10.1016/j.conbuildmat.2023.131140::Cement-S::DoR_SCM::fig::11,3,10.1016/j.conbuildmat.2023.131140,28.0,slag,unknown,10.5,34.694739211487565,8.203916545283551,61.92053399141604,43.06583004572125,43.4216966569551,28.600891100505283,58.8307368991698,473.1417034283148,True
10.1016/j.conbuildmat.2023.131140::Cement-S::DoR_SCM::fig::12,3,10.1016/j.conbuildmat.2023.131140,90.0,slag,unknown,20.7,41.85577456095213,12.211882209276334,73.21489350064101,52.45176540328318,52.20305411446824,35.502433218997965,68.85078057088032,448.35460987346306,True
10.1016/j.conbuildmat.2020.121695::OS-35-0.4-25C::DoR_SCM::fig::2,3,10.1016/j.conbuildmat.2020.121695,28.0,slag,unknown,40.0,42.729381038167524,16.981946836221006,67.62115121944973,42.61097084594485,42.51067862714679,26.883557351517034,57.36129195033052,547.5280045514675,True
10.1016/j.conbuildmat.2020.121695::OS-35-0.4-25C::DoR_SCM::fig::3,3,10.1016/j.conbuildmat.2020.121695,120.0,slag,unknown,42.0,51.98618715719387,19.327142633840218,81.89332441571074,50.01026819036565,51.95824751884591,35.58473719637674,68.06283209781074,537.3401798246703,True
10.1016/j.conbuildmat.2020.121695::OS-35-0.4-45C::DoR_SCM::fig::5,3,10.1016/j.conbuildmat.2020.121695,28.0,slag,unknown,54.0,52.870794553115644,20.060305843851935,83.56289718317656,47.83600380182663,50.22527757291142,33.86930849375245,66.56697183728731,408.1336631213567,True
10.1016/j.conbuildmat.2020.121695::OS-35-0.4-45C::DoR_SCM::fig::6,3,10.1016/j.conbuildmat.2020.121695,120.0,slag,unknown,63.0,54.109334201862914,20.41071647711357,86.20420249464267,54.23067923252936,51.366621930512665,36.08160669816162,67.0072064389756,442.49824824753995,True
10.1016/j.conbuildmat.2020.121695::OS-35-0.4-60C::DoR_SCM::fig::8,3,10.1016/j.conbuildmat.2020.121695,28.0,slag,unknown,59.0,54.4637978570409,18.619944618879558,84.66143286632997,49.244729715083125,49.659100969902,34.455649076586255,64.56345816566974,389.6570348128644,True
10.1016/j.conbuildmat.2020.121695::OS-35-0.4-60C::DoR_SCM::fig::9,3,10.1016/j.conbuildmat.2020.121695,120.0,slag,unknown,70.0,54.66114058576202,20.469841716227013,84.67914935264304,55.63940514578586,49.321661478964,34.17511202581997,64.70149969763666,376.71504798613364,True
10.1016/j.cscm.2022.e01146::X20_T27::DoR_SCM::digf49d259a,3,10.1016/j.cscm.2022.e01146,1.0,fly_ash,other_unknown,1.95,8.422423812919588,0.0,26.20523308153884,0.0,6.720300411885102,0.0,22.97024807258672,660.923014523907,True
10.1016/j.cscm.2022.e01146::X20_T27::DoR_SCM::dig83137d68,3,10.1016/j.cscm.2022.e01146,28.0,fly_ash,other_unknown,14.5,21.828743633125164,0.0,46.027899099223454,13.839650787819453,16.736677035527805,0.0,35.99357736395444,706.1385203989619,True
10.1016/j.cscm.2022.e01146::X20_T27::DoR_SCM::dig5b745d0a,3,10.1016/j.cscm.2022.e01146,365.0,fly_ash,other_unknown,32.0,35.50529170805544,2.7506577874618974,72.46690867798031,30.977946934423503,26.223164946610257,3.6751800897314197,49.83584943665743,657.0995403680697,True
10.1016/j.cscm.2022.e01146::X20_T27::DoR_SCM::dig6bd51246,3,10.1016/j.cscm.2022.e01146,545.0,fly_ash,other_unknown,34.0,35.32103390757364,2.194732772700802,72.3137394882245,30.977946934423503,25.560439017046267,2.1702585581488822,49.532112949513326,683.730789309463,True
10.1016/j.cscm.2022.e01146::X20_T55::DoR_SCM::digfcd3bea2,3,10.1016/j.cscm.2022.e01146,1.0,fly_ash,other_unknown,16.333333333333332,17.729783230902623,0.0,41.967630147463055,12.134265187506864,12.996825617191188,0.0,32.313121810839384,484.61960643241787,True
10.1016/j.cscm.2022.e01146::X20_T55::DoR_SCM::dig42a92cb7,3,10.1016/j.cscm.2022.e01146,28.0,fly_ash,other_unknown,23.83333333333333,34.73037942122847,1.8256814297669237,73.18746569804115,20.073239286990955,23.666455067584618,1.6180443033362242,44.08018095696217,511.16158897627326,True
10.1016/j.cscm.2022.e01146::X20_T55::DoR_SCM::digfcb4a0d6,3,10.1016/j.cscm.2022.e01146,365.0,fly_ash,other_unknown,29.03333333333333,35.95416553984572,3.704064683318966,72.86243592120347,36.235469290266195,25.851880191247727,3.965584557049585,48.05978286957342,516.0997001490559,True
10.1016/j.cscm.2022.e01146::X20_T55::DoR_SCM::dig3be782a0,3,10.1016/j.cscm.2022.e01146,545.0,fly_ash,other_unknown,31.33333333333333,36.11846754590147,3.0926012955720306,74.28307940420358,36.235469290266195,25.661343544990675,4.191784444988874,45.35371957063815,509.1396116209213,True
10.1016/j.cscm.2022.e01146::X20_T85::DoR_SCM::digacfb6cda,3,10.1016/j.cscm.2022.e01146,1.0,fly_ash,other_unknown,18.33333333333333,33.47398931997017,2.712968262684561,69.06941230208044,11.819086869779857,20.688471943008427,0.0,41.83482592787598,424.98068784851876,True
10.1016/j.cscm.2022.e01146::X20_T85::DoR_SCM::dig9b5685fe,3,10.1016/j.cscm.2022.e01146,28.0,fly_ash,other_unknown,26.23333333333333,35.247022009088276,2.502355092620967,70.88741098052435,19.75806096926394,21.720394541829453,0.0,43.11619066702044,439.8555179045765,True
10.1016/j.cscm.2022.e01146::X20_T85::DoR_SCM::dig49985c80,3,10.1016/j.cscm.2022.e01146,365.0,fly_ash,other_unknown,31.766666666666666,34.876106559486914,0.6363461036185992,71.79628864626798,35.92029097253919,21.767039742144892,0.0,43.32587518095665,449.554323889255,True
10.1016/j.cscm.2022.e01146::X20_T85::DoR_SCM::dig1e45b96b,3,10.1016/j.cscm.2022.e01146,545.0,fly_ash,other_unknown,33.766666666666666,34.62888930069144,1.4974333306079144,74.58857266166108,35.92029097253919,22.175667728236434,1.5307353006646607,42.33948199807232,471.8773482756072,True
10.1016/j.cscm.2022.e01146::X35_T27::DoR_SCM::dig7fb0d090,3,10.1016/j.cscm.2022.e01146,1.0,fly_ash,other_unknown,1.5,8.243907957976187,0.0,26.09148127071716,0.0,7.064073610108797,0.0,23.869116979524037,654.4315597008962,True
10.1016/j.cscm.2022.e01146::X35_T27::DoR_SCM::dige8893854,3,10.1016/j.cscm.2022.e01146,28.0,fly_ash,other_unknown,14.0,20.194451836476603,0.0,47.682902054990286,10.843347306556614,14.15238465664345,0.0,34.1952593105586,661.93207184854,True
10.1016/j.cscm.2022.e01146::X35_T27::DoR_SCM::digf604e2c0,3,10.1016/j.cscm.2022.e01146,365.0,fly_ash,other_unknown,26.933333333333334,31.4460424694542,0.4954933147971316,66.84435193951975,25.866612575265716,20.56420100521354,0.0,43.56182463674913,683.8950724580178,True
10.1016/j.cscm.2022.e01146::X35_T27::DoR_SCM::digafc57241,3,10.1016/j.cscm.2022.e01146,545.0,fly_ash,other_unknown,30.5,33.16804499241849,0.7963235750807443,69.42507390036099,25.866612575265716,20.87490176256873,0.0,42.196690867442825,641.0263451753522,True
10.1016/j.cscm.2022.e01146::X35_T55::DoR_SCM::digf8c8a653,3,10.1016/j.cscm.2022.e01146,28.0,fly_ash,other_unknown,21.8,31.116714878037953,0.0,67.27674850669136,19.38815202173123,23.195529988636597,1.7904358909647795,44.65525565103896,558.6546036379027,True
10.1016/j.cscm.2022.e01146::X35_T55::DoR_SCM::dig591b634a,3,10.1016/j.cscm.2022.e01146,365.0,fly_ash,other_unknown,26.0,32.376597562096975,0.0,65.96883865156474,33.026037501923796,23.452637645148766,2.0415722333250876,46.08920638117772,559.2510388529167,True
10.1016/j.cscm.2022.e01146::X35_T55::DoR_SCM::digc1997c1f,3,10.1016/j.cscm.2022.e01146,545.0,fly_ash,other_unknown,29.0,33.70635294286626,1.3845923006370404,71.66905048882646,33.026037501923796,23.11572089911091,3.0024945899855364,43.8621508694467,525.791961797044,True
10.1016/j.cscm.2022.e01146::X35_T70::DoR_SCM::dig2a7fe831,3,10.1016/j.cscm.2022.e01146,1.0,fly_ash,other_unknown,15.566666666666668,24.95365879633405,0.0,54.405118995056434,13.121866218109195,16.41673569460742,0.0,36.54765037908971,513.7504687366976,True
10.1016/j.cscm.2022.e01146::X35_T70::DoR_SCM::dig1f9054ff,3,10.1016/j.cscm.2022.e01146,28.0,fly_ash,other_unknown,22.0,33.08442411519517,2.3613039476597772,66.93881672772834,19.236079828995518,21.468836070503063,0.0,43.29121408082139,509.17749577691916,True
10.1016/j.cscm.2022.e01146::X35_T70::DoR_SCM::dig657af786,3,10.1016/j.cscm.2022.e01146,365.0,fly_ash,other_unknown,26.825,31.701904839535842,0.0,66.94254452290895,32.873965309188094,21.94601115549237,0.3863150992333686,42.62347289797956,521.6127686762736,True
10.1016/j.cscm.2022.e01146::X35_T70::DoR_SCM::digc2eeea42,3,10.1016/j.cscm.2022.e01146,545.0,fly_ash,other_unknown,29.375,31.857104121015333,1.4399097371851484,70.29587856892584,32.873965309188094,22.327372309692382,0.24913427468155522,42.78735102574218,544.0340987699362,True
10.1016/j.cscm.2022.e01146::X35_T85::DoR_SCM::dig6dc753dd,3,10.1016/j.cscm.2022.e01146,28.0,fly_ash,other_unknown,23.2,32.47685884311087,0.43226385414695484,68.82794309108922,19.072973704004216,21.10719428059026,0.0,41.41583725313669,492.0461690534175,True
10.1016/j.cscm.2022.e01146::X35_T85::DoR_SCM::dig7b6d1194,3,10.1016/j.cscm.2022.e01146,365.0,fly_ash,other_unknown,28.5,32.51596952438882,0.0,70.1306130055186,32.71085918419679,20.950512871183246,0.0,42.187052249812766,475.1393719969352,True
10.1016/j.cscm.2022.e01146::X35_T85::DoR_SCM::dig98e382d4,3,10.1016/j.cscm.2022.e01146,545.0,fly_ash,other_unknown,30.0,32.0429279116244,0.2935653949673144,68.64612621682677,32.71085918419679,21.340039558741193,0.0,43.854104149860134,520.9669805578898,True
10.1016/j.cscm.2022.e01146::X50_T27::DoR_SCM::dig5a30a0c8,3,10.1016/j.cscm.2022.e01146,1.0,fly_ash,other_unknown,1.3,8.291902300169497,0.0,25.814178328749435,0.0,6.519770406495001,0.0,22.178096657273034,666.5798234254213,True
10.1016/j.cscm.2022.e01146::X50_T27::DoR_SCM::dig2f35827b,3,10.1016/j.cscm.2022.e01146,28.0,fly_ash,other_unknown,12.85,19.18676660091364,0.0,46.59432913330367,9.306416313277213,13.023931246185414,0.0,32.801588877596515,683.9589580812914,True
10.1016/j.cscm.2022.e01146::X50_T27::DoR_SCM::dig362c1fab,3,10.1016/j.cscm.2022.e01146,365.0,fly_ash,other_unknown,22.65,29.125315242768,0.0,64.358552026762,24.01547231455669,18.112112207620576,0.0,40.774229226919374,700.5015350010391,True
10.1016/j.cscm.2022.e01146::X50_T27::DoR_SCM::dig80b28797,3,10.1016/j.cscm.2022.e01146,545.0,fly_ash,other_unknown,25.5,28.94806217027393,0.0,64.80228179239107,24.01547231455669,18.372350834844305,0.0,39.46842096122521,695.3442373046958,True
10.1016/j.cscm.2022.e01146::X50_T55::DoR_SCM::dig6fc2090b,3,10.1016/j.cscm.2022.e01146,1.0,fly_ash,other_unknown,14.0,15.895268997498786,0.0,38.835504376069096,13.499665860771676,12.2411160320299,0.0,31.045751864747405,606.9671192417575,True
10.1016/j.cscm.2022.e01146::X50_T55::DoR_SCM::diga594fca0,3,10.1016/j.cscm.2022.e01146,28.0,fly_ash,other_unknown,20.5,29.400698377491626,0.11777044044403587,65.04553629965424,18.752756845223878,21.98734800832115,0.2005469107162043,43.686563045168356,581.2904136638186,True
10.1016/j.cscm.2022.e01146::X50_T55::DoR_SCM::digae089470,3,10.1016/j.cscm.2022.e01146,365.0,fly_ash,other_unknown,24.5,28.762854472075198,0.0,63.436758602665186,31.926977978510354,21.65013374740855,0.7718221448976371,42.363952350174436,595.1274074129107,True
10.1016/j.cscm.2022.e01146::X50_T55::DoR_SCM::dig42bfd394,3,10.1016/j.cscm.2022.e01146,545.0,fly_ash,other_unknown,27.5,29.617268970911695,0.0,64.59843873655538,31.926977978510354,22.08283923873736,1.5395052450000264,43.58454710005303,589.1474737779371,True
10.1016/j.cscm.2022.e01146::X50_T85::DoR_SCM::dig741e2260,3,10.1016/j.cscm.2022.e01146,1.0,fly_ash,other_unknown,14.7,26.37950463837349,0.0,60.976290302020956,13.18448754304467,18.73277010770144,0.0,40.981555920438616,546.8421165174192,True
10.1016/j.cscm.2022.e01146::X50_T85::DoR_SCM::diga61ac4ba,3,10.1016/j.cscm.2022.e01146,28.0,fly_ash,other_unknown,21.3,29.606254128032525,0.0,64.20358732945502,18.437578527496864,20.43342162779758,0.0,41.71915777781378,549.4308075208461,True
10.1016/j.cscm.2022.e01146::X50_T85::DoR_SCM::diga8217448,3,10.1016/j.cscm.2022.e01146,365.0,fly_ash,other_unknown,26.0,28.482104570660503,0.0,65.35452973514141,31.61179966078334,20.48420500595646,0.0,40.888847466051,555.7807107099636,True
10.1016/j.cscm.2022.e01146::X50_T85::DoR_SCM::dig9e051471,3,10.1016/j.cscm.2022.e01146,545.0,fly_ash,other_unknown,29.3,29.162357914011906,0.0,63.40954093973341,31.61179966078334,20.648895280469674,0.0,41.43000079357716,560.7157731748141,True
10.1016/j.conbuildmat.2025.142960::mix_WC0.17-15SF40SL::DoR_SCM::silicafume::dig3f51602c4,3,10.1016/j.conbuildmat.2025.142960,7.0,other,other_unknown,17.5,20.606872489558736,0.0,46.44897226954755,16.02429919652492,20.085085588005445,0.0,39.89761961679898,548.8425353580365,True
10.1016/j.conbuildmat.2025.142960::mix_WC0.17-15SF40SL::DoR_SCM::silicafume::dig37d6a438f,3,10.1016/j.conbuildmat.2025.142960,28.0,other,other_unknown,33.0,30.023936647388062,0.9772188201540815,60.33277067159191,28.766005068217638,28.881503236682025,7.269133812204038,50.31315495790843,562.9188706453953,True
10.1016/j.conbuildmat.2025.142960::mix_WC0.17-15SF40SL::DoR_SCM::silicafume::dig30ab098e0,3,10.1016/j.conbuildmat.2025.142960,56.0,other,other_unknown,33.5,34.075446779434934,1.0360793240802095,67.866078044991,30.791787334498952,33.41016093993589,9.68082021232476,55.15769497387613,554.9728076273911,True
10.1016/j.conbuildmat.2025.142960::mix_WC0.17-15SF40SL::DoR_SCM::silicafume::dig31d125ded,3,10.1016/j.conbuildmat.2025.142960,90.0,other,other_unknown,34.5,36.30975440213523,5.219855777807479,69.86363364952526,37.201162454067465,35.382995227722446,12.293448891911764,57.475591961235715,585.4148787132898,True
10.1016/j.conbuildmat.2025.142960::mix_WC0.17-15SF40SL::DoR_SCM::silicafume::dig3609e4177,3,10.1016/j.conbuildmat.2025.142960,180.0,other,other_unknown,45.0,39.30000940560184,4.373307291198288,77.56276230715434,40.963653033001144,38.21772976194262,15.347784191384115,60.201930885653994,541.9275317062502,True
10.1016/j.conbuildmat.2025.142960::mix_WC0.17-15SF40SL::DoR_SCM::silicafume::dig316d3a601,3,10.1016/j.conbuildmat.2025.142960,360.0,other,other_unknown,55.5,41.178519558199746,7.052530052801542,77.53536071217508,45.99182418713382,38.033622107261095,14.12669239199119,60.78152352599889,552.7021823616617,True
10.1016/j.conbuildmat.2025.142960::mix_DC0.17-15SF40SL::DoR_SCM::silicafume::dig3761d8555,3,10.1016/j.conbuildmat.2025.142960,7.0,other,other_unknown,14.0,21.023639083563374,0.0,44.4689885010767,16.02429919652492,18.952688342362684,0.0,38.41496729842286,559.3179486638677,True
10.1016/j.conbuildmat.2025.142960::mix_DC0.17-15SF40SL::DoR_SCM::silicafume::dig3560787b3,3,10.1016/j.conbuildmat.2025.142960,28.0,other,other_unknown,29.5,29.62367439372836,1.3099586966254002,60.189465812327164,28.766005068217638,28.823040538098304,7.55072503924333,51.04841106771523,554.9218977739314,True
10.1016/j.conbuildmat.2025.142960::mix_DC0.17-15SF40SL::DoR_SCM::silicafume::dig320feddf9,3,10.1016/j.conbuildmat.2025.142960,56.0,other,other_unknown,20.5,34.96205565575017,2.5383264080372845,68.95426837527185,30.791787334498952,32.84712695092182,11.698974239279195,54.83043654967926,530.9842556554285,True
10.1016/j.conbuildmat.2025.142960::mix_DC0.17-15SF40SL::DoR_SCM::silicafume::dig30cfd0b79,3,10.1016/j.conbuildmat.2025.142960,90.0,other,other_unknown,27.0,36.183829400642196,4.491376189781568,70.22289494400664,37.201162454067465,35.46225530336675,12.597638913141168,57.39217379526888,585.6226979140628,True
10.1016/j.conbuildmat.2025.142960::mix_DC0.17-15SF40SL::DoR_SCM::silicafume::dig3a606ca03,3,10.1016/j.conbuildmat.2025.142960,180.0,other,other_unknown,40.0,39.31781919284717,6.214616066432239,74.78954363384698,40.963653033001144,38.42494113576109,15.969549965719688,60.2899267605611,567.0783565851732,True
10.1016/j.conbuildmat.2025.142960::mix_DC0.17-15SF40SL::DoR_SCM::silicafume::dig31c721dc1,3,10.1016/j.conbuildmat.2025.142960,360.0,other,other_unknown,30.0,40.01534836384485,4.264953787914482,78.47072874675789,45.99182418713382,38.93512339162063,16.966460174992086,61.76954535258124,524.8384377574562,True
10.1016/j.conbuildmat.2025.142960::mix_WC0.17-15SF40SL::DoR_SCM::slag::dig3a5b638f6,3,10.1016/j.conbuildmat.2025.142960,7.0,slag,other_unknown,50.0,18.416932297751288,0.0,40.39508677910353,24.61224334656321,19.43948982208689,0.0,39.080761679088326,594.2783166363837,True
10.1016/j.conbuildmat.2025.142960::mix_WC0.17-15SF40SL::DoR_SCM::slag::dig36a80093f,3,10.1016/j.conbuildmat.2025.142960,28.0,slag,other_unknown,51.0,28.904762530335894,1.5810252105927138,55.56345491888948,33.11901439361821,31.553301248907093,11.230220071687981,52.88263425227633,590.0533639840029,True
10.1016/j.conbuildmat.2025.142960::mix_WC0.17-15SF40SL::DoR_SCM::slag::dig3f9b2d323,3,10.1016/j.conbuildmat.2025.142960,56.0,slag,other_unknown,57.5,33.71395827263054,4.21274262348123,63.914192516818105,34.51267548976628,36.8432569852073,14.605883865782715,57.894337483477734,580.5596575508372,True
10.1016/j.conbuildmat.2025.142960::mix_WC0.17-15SF40SL::DoR_SCM::slag::dig317f263f2,3,10.1016/j.conbuildmat.2025.142960,90.0,slag,other_unknown,53.5,37.31273600031002,5.260998696565917,69.98492926416273,39.191992210848646,39.87278052996852,17.461426310423874,62.50432753375111,574.8539845413723,True
10.1016/j.conbuildmat.2025.142960::mix_WC0.17-15SF40SL::DoR_SCM::slag::dig34d8c282e,3,10.1016/j.conbuildmat.2025.142960,180.0,slag,other_unknown,55.0,39.765382167058696,6.74815949432238,75.30007261925664,42.274870175160444,44.7290349422683,21.91704862329686,67.54890018570538,572.3402023347952,True
10.1016/j.conbuildmat.2025.142960::mix_WC0.17-15SF40SL::DoR_SCM::slag::dig365f2f837,3,10.1016/j.conbuildmat.2025.142960,360.0,slag,other_unknown,49.0,45.1915318773127,9.559253502548707,81.57590595828707,46.568665824066834,47.72868311575102,24.593862682659463,70.52707646222272,584.3538223913245,True
10.1016/j.conbuildmat.2025.142960::mix_DC0.17-15SF40SL::DoR_SCM::slag::dig388e72bcd,3,10.1016/j.conbuildmat.2025.142960,7.0,slag,other_unknown,55.5,18.625209363662567,0.0,40.446585405546486,24.61224334656321,19.554866228021776,0.0,39.00007685193497,586.7410651999946,True
10.1016/j.conbuildmat.2025.142960::mix_DC0.17-15SF40SL::DoR_SCM::slag::dig3c81c0789,3,10.1016/j.conbuildmat.2025.142960,28.0,slag,other_unknown,47.5,27.90023378979339,0.0,56.522263740974786,33.11901439361821,30.492056249156978,9.653167913221438,51.86527435798935,585.7941459872402,True
10.1016/j.conbuildmat.2025.142960::mix_DC0.17-15SF40SL::DoR_SCM::slag::dig393f024bb,3,10.1016/j.conbuildmat.2025.142960,56.0,slag,other_unknown,54.0,34.72962277033823,4.820356346151469,64.67367431683088,34.51267548976628,37.829949356646175,15.802890609488758,59.6744202126469,580.3943036915097,True
10.1016/j.conbuildmat.2025.142960::mix_DC0.17-15SF40SL::DoR_SCM::slag::dig3100d7816,3,10.1016/j.conbuildmat.2025.142960,90.0,slag,other_unknown,58.0,38.04693410753327,7.514546198479596,71.86607229414636,39.191992210848646,40.13577465581818,18.661622929524334,61.872800819285175,595.8582654157153,True
10.1016/j.conbuildmat.2025.142960::mix_DC0.17-15SF40SL::DoR_SCM::slag::dig37d3553b3,3,10.1016/j.conbuildmat.2025.142960,180.0,slag,other_unknown,52.5,41.18694752093022,8.36396458422545,77.19162759421589,42.274870175160444,44.5763517262438,20.38975671124412,67.86937822420413,593.8649841982661,True
10.1016/j.conbuildmat.2025.142960::mix_DC0.17-15SF40SL::DoR_SCM::slag::dig3565aff1e,3,10.1016/j.conbuildmat.2025.142960,360.0,slag,other_unknown,52.0,43.91436010951506,6.461838925663716,83.38361597112824,46.568665824066834,46.39725476959333,23.47908395223877,70.49555286247806,574.0142838419192,True
10.1016/j.conbuildmat.2023.130740::F40::DoR_SCM::huntf680ceb6,3,10.1016/j.conbuildmat.2023.130740,90.0,fly_ash,NMR,68.0,29.16387535880292,0.0,68.96069313744519,35.344652042788255,30.971859681416028,5.146732381307936,55.65228495664232,509.20225309358653,True
10.1016/j.conbuildmat.2023.130740::F40M10::DoR_SCM::hunt696bb9e6,3,10.1016/j.conbuildmat.2023.130740,90.0,fly_ash,NMR,70.0,30.74135503553617,0.0,68.68050636000577,35.344652042788255,32.027190930483705,5.058016033325962,58.05976341356821,529.8540048003409,True
10.1016/j.cemconcomp.2024.105595::SF::DoR_SCM::dig46f73a7a2,3,10.1016/j.cemconcomp.2024.105595,7.0,other,other_unknown,9.0,27.01734231439501,0.7000372414790134,53.715728899812916,23.966654576104318,27.159754427259784,6.006240271835413,48.57940086769327,505.2750249406311,True
10.1016/j.cemconcomp.2024.105595::SF::DoR_SCM::dig43e6b81e0,3,10.1016/j.cemconcomp.2024.105595,14.0,other,other_unknown,19.3,32.1795941355443,3.3201999652923053,62.0052406033802,29.343423688039586,32.88449966729099,10.894077001501017,54.35250151023729,481.37153864206795,True
10.1016/j.cemconcomp.2024.105595::SF::DoR_SCM::dig42fee2b9f,3,10.1016/j.cemconcomp.2024.105595,28.0,other,other_unknown,31.0,36.1905321010879,3.303114365896857,69.18925595373199,37.82773547334458,38.31216727796122,17.379852877222817,60.510270158559486,509.52160189317533,True
10.1016/j.cemconcomp.2024.105595::SF::DoR_SCM::dig41a6c1a78,3,10.1016/j.cemconcomp.2024.105595,56.0,other,other_unknown,39.5,39.566198929167825,6.483512455404073,74.33538714806865,39.855190943863626,41.69665913170029,19.678019203482844,65.47852148288865,512.1017479567932,True
10.1016/j.cemconcomp.2024.105595::SF::DoR_SCM::dig45322096b,3,10.1016/j.cemconcomp.2024.105595,91.0,other,other_unknown,49.5,41.62064994636886,5.919377048449629,79.32334773977534,45.629471634076054,43.000747062754236,20.0862027920905,64.9993311156845,486.6143588751725,True
10.1016/j.cemconcomp.2024.105595::SF::DoR_SCM::dig4da49ce8e,3,10.1016/j.cemconcomp.2024.105595,182.0,other,other_unknown,58.8,43.18396129859164,9.972260308278356,79.52722636078317,52.030480375660424,43.95583888751313,20.775784881454232,65.4936346204504,493.40985824604496,True
10.1016/j.cemconcomp.2024.105595::SF::DoR_SCM::dig40a42608f,3,10.1016/j.cemconcomp.2024.105595,365.0,other,other_unknown,62.3,42.27850929801465,6.900395411139844,79.91448980454462,54.26663756357769,44.41658152511855,22.288392549838097,66.31721582114763,487.48228387907034,True
10.1016/j.cemconcomp.2024.105595::MK::DoR_SCM::dig4c5aff7ae,3,10.1016/j.cemconcomp.2024.105595,7.0,other,other_unknown,30.0,26.27129777237786,0.8797929619193962,52.51264580870697,33.247809961776994,33.84869423810492,14.352005857269917,54.43241386738381,422.05020362503313,True
10.1016/j.cemconcomp.2024.105595::MK::DoR_SCM::dig4edb7cf05,3,10.1016/j.cemconcomp.2024.105595,14.0,other,other_unknown,37.8,31.607479837084234,2.021111289101919,62.70771518814337,37.743135291350306,40.906444691060955,19.376505181389632,61.236109188640256,425.6854978402584,True
10.1016/j.cemconcomp.2024.105595::MK::DoR_SCM::dig4c362ed62,3,10.1016/j.cemconcomp.2024.105595,28.0,other,other_unknown,43.0,35.82673155719392,3.4254183225819825,69.69164566526159,46.31361032243647,46.71450238959016,24.549042844623425,69.7643010732509,373.8437124450689,True
10.1016/j.cemconcomp.2024.105595::MK::DoR_SCM::dig4a83f4e69,3,10.1016/j.cemconcomp.2024.105595,56.0,other,other_unknown,48.0,40.14321499636829,6.677285743486648,74.37550824138602,48.766835518585836,51.843171176954215,30.056938428919064,73.65070117446767,397.1534145728044,True
10.1016/j.cemconcomp.2024.105595::MK::DoR_SCM::dig4d51a8bda,3,10.1016/j.cemconcomp.2024.105595,91.0,other,other_unknown,51.5,41.43810626475908,6.255745489185766,76.86383253842538,55.78241707029177,53.12105280976933,32.038408906372894,74.86828897538078,416.72457738224546,True
10.1016/j.cemconcomp.2024.105595::MK::DoR_SCM::dig4f159847f,3,10.1016/j.cemconcomp.2024.105595,182.0,other,other_unknown,53.8,42.52321212624383,7.820851347293551,80.67436992841624,60.6818458170066,55.29896157064959,34.243202662579385,77.97820753924417,389.09559196435094,True
10.1016/j.cemconcomp.2024.105595::MK::DoR_SCM::dig45b74e416,3,10.1016/j.cemconcomp.2024.105595,365.0,other,other_unknown,55.3,42.79500835167831,8.001944502103578,80.11553189509966,63.211530765042056,55.81812202869393,33.76715285727286,78.05207025953926,419.45337360944353,True
10.1016/j.cemconcomp.2024.105595::VA::DoR_SCM::dig499c602bb,3,10.1016/j.cemconcomp.2024.105595,7.0,other,other_unknown,15.8,27.26061664796777,0.401923517096197,54.861097849790184,18.427927546513413,23.90056047286507,4.49876846327492,44.94951731429591,504.5250885042889,True
10.1016/j.cemconcomp.2024.105595::VA::DoR_SCM::dig4c1fc9035,3,10.1016/j.cemconcomp.2024.105595,14.0,other,other_unknown,21.5,32.97617855061447,4.224710988932193,62.405275502845505,23.124253381718987,29.51892184317211,8.628414359319482,49.66690126771363,506.7048805562371,True
10.1016/j.cemconcomp.2024.105595::VA::DoR_SCM::dig431f13827,3,10.1016/j.cemconcomp.2024.105595,28.0,other,other_unknown,31.0,37.75461285221271,6.8425794909971644,71.09941847763615,31.754070473755217,33.738005699237824,13.395520151512557,54.850899515207274,493.7673875088928,True
10.1016/j.cemconcomp.2024.105595::VA::DoR_SCM::dig46dbcb91d,3,10.1016/j.cemconcomp.2024.105595,56.0,other,other_unknown,35.5,41.469235021832546,8.077914067434937,75.01744870554184,33.88408659810027,36.70404295674869,15.773992354513785,57.68372044810846,498.7819871043067,True
10.1016/j.cemconcomp.2024.105595::VA::DoR_SCM::dig4e195bd33,3,10.1016/j.cemconcomp.2024.105595,91.0,other,other_unknown,40.5,43.16690679391296,7.6241653709471136,78.33337241417584,41.92135542225964,38.99679276954672,16.767729776499742,59.68501600920133,510.4699041422143,True
10.1016/j.cemconcomp.2024.105595::VA::DoR_SCM::dig4a2b5af86,3,10.1016/j.cemconcomp.2024.105595,182.0,other,other_unknown,46.8,44.653554141633684,9.230182876951122,80.56105842339717,48.18381475505555,40.61169263639024,18.798613947221302,62.29606365941687,516.2051607559696,True
10.1016/j.cemconcomp.2024.105595::VA::DoR_SCM::dig40820c54d,3,10.1016/j.cemconcomp.2024.105595,365.0,other,other_unknown,50.2,44.91867096618364,10.845832783818514,82.81175183018243,50.66335015714256,40.58107277391749,17.909505912562036,65.19454848805681,501.7872890495476,True
10.1016/j.cemconres.2004.02.027::Control::DoR_SCM::dig4b52d7044,3,10.1016/j.cemconres.2004.02.027,7.0,fly_ash,other_unknown,5.5,10.487700223723358,0.0,30.86434528326712,4.247977141347321,8.75133262730355,0.0,26.223975172329613,876.5820936703625,True
10.1016/j.cemconres.2004.02.027::Control::DoR_SCM::dig41b64be22,3,10.1016/j.cemconres.2004.02.027,28.0,fly_ash,other_unknown,8.2,15.343657676219076,0.0,39.46212256646127,9.537644389107404,12.373028065321511,0.0,30.374821301651835,871.5797642061832,True
10.1016/j.cemconres.2004.02.027::Control::DoR_SCM::dig40def7942,3,10.1016/j.cemconres.2004.02.027,90.0,fly_ash,other_unknown,23.9,18.879540916389086,0.0,45.288149399133516,17.049194696994824,15.451804390246222,0.0,35.71927539448543,850.5815979063657,True
10.1016/j.cemconres.2004.02.027::F1::DoR_SCM::dig443729672,3,10.1016/j.cemconres.2004.02.027,7.0,fly_ash,other_unknown,4.7,11.183642031526915,0.0,31.1886280126613,4.94479937382635,9.652332567004324,0.0,27.77583385129705,830.3181809882302,True
10.1016/j.cemconres.2004.02.027::F1::DoR_SCM::dig4e9f02991,3,10.1016/j.cemconres.2004.02.027,28.0,fly_ash,other_unknown,7.9,15.563118068823224,0.0,39.76217127861033,10.280965273362225,13.255746349559567,0.0,32.60231873847589,865.869307061268,True
10.1016/j.cemconres.2004.02.027::F1::DoR_SCM::dig478708474,3,10.1016/j.cemconres.2004.02.027,90.0,fly_ash,other_unknown,16.5,19.703842438167168,0.0,48.926580984345925,17.79251558124964,15.473105171125784,0.0,35.97981607002616,847.5783473362429,True
10.1016/j.cemconres.2004.02.027::F2::DoR_SCM::dig45ab153a2,3,10.1016/j.cemconres.2004.02.027,7.0,fly_ash,other_unknown,4.0,11.186802885267499,0.0,30.56709340273892,4.94479937382635,9.216000733838854,0.0,28.226200542554018,842.68156382893,True
10.1016/j.cemconres.2004.02.027::F2::DoR_SCM::dig41458233d,3,10.1016/j.cemconres.2004.02.027,28.0,fly_ash,other_unknown,9.1,16.139478055420476,0.0,40.98896851021935,10.280965273362225,12.80321126057673,0.0,32.75238295240122,829.328003899796,True
10.1016/j.cemconres.2004.02.027::F2::DoR_SCM::dig4b639ee5c,3,10.1016/j.cemconres.2004.02.027,90.0,fly_ash,other_unknown,17.0,20.297790133754987,0.0,49.41046647271082,17.79251558124964,16.142967942768966,0.0,36.080974377625786,866.069741109624,True
10.1016/j.cemconres.2004.02.027::F3::DoR_SCM::dig42deb9dcb,3,10.1016/j.cemconres.2004.02.027,7.0,fly_ash,other_unknown,2.7,11.442525168905187,0.0,32.7680170016669,5.009765673350846,9.449496305966628,0.0,28.0408502381858,839.3223190351439,True
10.1016/j.cemconres.2004.02.027::F3::DoR_SCM::dig48dbd867c,3,10.1016/j.cemconres.2004.02.027,28.0,fly_ash,other_unknown,9.9,15.710916767035778,0.0,40.340528219451826,10.345931572886721,12.766700448500103,0.0,31.830585182982485,846.1043516804331,True
10.1016/j.cemconres.2004.02.027::F3::DoR_SCM::dig49b9c460e,3,10.1016/j.cemconres.2004.02.027,90.0,fly_ash,other_unknown,20.6,20.748605077515272,0.0,49.87222512567329,17.857481880774134,16.449442179233042,0.0,37.19482708860644,834.2907009586083,True
10.1016/j.cemconres.2004.02.027::F4::DoR_SCM::dig40500593f,3,10.1016/j.cemconres.2004.02.027,7.0,fly_ash,other_unknown,2.9,11.253300840354111,0.0,31.860793887959804,5.009765673350846,9.378280788275967,0.0,28.118771118342526,837.9987835332724,True
10.1016/j.cemconres.2004.02.027::F4::DoR_SCM::dig444597516,3,10.1016/j.cemconres.2004.02.027,28.0,fly_ash,other_unknown,9.4,16.352159234026402,0.0,39.33787673797316,10.345931572886721,12.817049282368611,0.0,32.31531292205267,848.9530329002478,True
10.1016/j.cemconres.2004.02.027::F4::DoR_SCM::dig48ce96e5e,3,10.1016/j.cemconres.2004.02.027,90.0,fly_ash,other_unknown,20.4,20.16390754418813,0.0,50.24394494634002,17.857481880774134,16.727652816410913,0.0,37.267864504445676,832.674356643335,True
10.1016/j.cemconres.2004.02.027::F5::DoR_SCM::dig4b25188cc,3,10.1016/j.cemconres.2004.02.027,7.0,fly_ash,other_unknown,3.3,10.982829556582457,0.0,31.89110157870795,5.1421290749468005,9.737992708492493,0.0,28.330590787562688,833.89381131049,True
10.1016/j.cemconres.2004.02.027::F5::DoR_SCM::dig4f3f203ae,3,10.1016/j.cemconres.2004.02.027,28.0,fly_ash,other_unknown,10.2,16.55659110707367,0.0,41.42598074199063,10.478294974482678,12.941228596160322,0.0,33.852103983900385,798.1039059759161,True
10.1016/j.cemconres.2004.02.027::F5::DoR_SCM::dig4aaecd734,3,10.1016/j.cemconres.2004.02.027,90.0,fly_ash,other_unknown,20.8,20.82472497096422,0.0,49.5299787405771,17.989845282370087,16.785232458983156,0.0,36.74036684167589,826.162812428667,True
10.1016/j.cemconres.2004.02.027::G1::DoR_SCM::dig4a3946dd8,3,10.1016/j.cemconres.2004.02.027,7.0,fly_ash,other_unknown,14.2,10.869924500631074,0.0,30.541487240244113,4.94479937382635,9.423637030416781,0.0,28.046737412747202,876.5102719597876,True
10.1016/j.cemconres.2004.02.027::G1::DoR_SCM::dig4b3195239,3,10.1016/j.cemconres.2004.02.027,28.0,fly_ash,other_unknown,15.3,15.982609869496288,0.0,39.107283383923054,10.280965273362225,13.19065647301168,0.0,33.57206255293028,857.0622076271407,True
10.1016/j.cemconres.2004.02.027::G1::DoR_SCM::dig44477f70e,3,10.1016/j.cemconres.2004.02.027,90.0,fly_ash,other_unknown,20.8,19.431396426778633,0.0,44.33186363512617,17.79251558124964,16.073204500722866,0.0,38.32986306291172,851.5824384302937,True
10.1016/j.cemconres.2004.02.027::G2::DoR_SCM::dig451008527,3,10.1016/j.cemconres.2004.02.027,7.0,fly_ash,other_unknown,14.2,10.916321449004453,0.0,30.654442144541587,4.94479937382635,9.912884223779557,0.0,28.32866656474815,835.5908515803726,True
10.1016/j.cemconres.2004.02.027::G2::DoR_SCM::dig40c797cbd,3,10.1016/j.cemconres.2004.02.027,28.0,fly_ash,other_unknown,16.0,16.123346841952934,0.0,40.54176095821752,10.280965273362225,13.624472947513881,0.0,34.985244674895945,830.3150687995854,True
10.1016/j.cemconres.2004.02.027::G2::DoR_SCM::dig4c89530c8,3,10.1016/j.cemconres.2004.02.027,90.0,fly_ash,other_unknown,20.1,20.820858198223014,0.0,49.761894236329944,17.79251558124964,16.639070182508387,0.0,38.343142714332444,832.4761058445575,True
10.1016/j.cemconres.2004.02.027::G3::DoR_SCM::dig42158524f,3,10.1016/j.cemconres.2004.02.027,7.0,fly_ash,other_unknown,15.9,11.778169049771499,0.0,32.23614533847267,5.009765673350846,9.562779727458183,0.0,27.31188244497461,817.0952894036617,True
10.1016/j.cemconres.2004.02.027::G3::DoR_SCM::dig406c01a82,3,10.1016/j.cemconres.2004.02.027,28.0,fly_ash,other_unknown,16.7,16.668104467855848,0.0,42.64962514997376,10.345931572886721,12.964939564581018,0.0,32.3591517369824,841.2210241332133,True
10.1016/j.cemconres.2004.02.027::G3::DoR_SCM::dig42c63aea4,3,10.1016/j.cemconres.2004.02.027,90.0,fly_ash,other_unknown,24.7,20.708170947277594,0.0,48.5117267667421,17.857481880774134,16.54139016941387,0.0,37.50465223380936,837.1991611434471,True
10.1016/j.cemconres.2004.02.027::G4::DoR_SCM::dig4d954fb7a,3,10.1016/j.cemconres.2004.02.027,7.0,fly_ash,other_unknown,16.3,11.316453265898845,0.0,30.164159383236818,5.009765673350846,9.40036898889654,0.0,27.98780300982353,830.8766812294838,True
10.1016/j.cemconres.2004.02.027::G4::DoR_SCM::dig416b98134,3,10.1016/j.cemconres.2004.02.027,28.0,fly_ash,other_unknown,22.0,15.91212001903541,0.0,41.606356028161926,10.345931572886721,13.276350570568548,0.0,32.67191021607541,840.1574066893696,True
10.1016/j.cemconres.2004.02.027::G4::DoR_SCM::dig47b098754,3,10.1016/j.cemconres.2004.02.027,90.0,fly_ash,other_unknown,31.0,20.779891537107325,0.0,49.01020250828079,17.857481880774134,15.877498122861988,0.0,36.74597334305703,837.0427887835173,True
10.1016/j.cemconres.2004.02.027::G5::DoR_SCM::dig44a153fcd,3,10.1016/j.cemconres.2004.02.027,7.0,fly_ash,other_unknown,17.9,11.20604243803541,0.0,31.917337046792383,5.1421290749468005,9.692790088630705,0.0,27.93817419869667,815.5003314665894,True
10.1016/j.cemconres.2004.02.027::G5::DoR_SCM::dig4170d69d1,3,10.1016/j.cemconres.2004.02.027,28.0,fly_ash,other_unknown,27.9,16.415740458204713,0.0,40.94668235828305,10.478294974482678,12.963321991863662,0.0,32.6818810789587,836.874271130676,True
10.1016/j.cemconres.2004.02.027::G5::DoR_SCM::dig4e5ea99e5,3,10.1016/j.cemconres.2004.02.027,90.0,fly_ash,other_unknown,29.3,21.355991660099985,0.0,51.94035104840042,17.989845282370087,17.105037269947488,0.0,37.17420354330136,837.0560331662008,True
10.1016/j.cemconres.2004.02.027::H3::DoR_SCM::dig4b3a6fa29,3,10.1016/j.cemconres.2004.02.027,7.0,fly_ash,other_unknown,13.5,11.795876514755138,0.0,32.68805294871743,5.1421290749468005,8.882235190995283,0.0,26.881246357345148,834.2450716417661,True
10.1016/j.cemconres.2004.02.027::H3::DoR_SCM::dig46edd93bd,3,10.1016/j.cemconres.2004.02.027,28.0,fly_ash,other_unknown,16.9,16.060412802338057,0.0,41.10179370531484,10.478294974482678,12.932372556548804,0.0,32.43735040613205,818.6565480041827,True
10.1016/j.cemconres.2004.02.027::H3::DoR_SCM::dig470a60ae3,3,10.1016/j.cemconres.2004.02.027,90.0,fly_ash,other_unknown,26.8,20.882908430219953,0.0,52.04435269030671,17.989845282370087,16.00812543353681,0.0,37.42529707666281,832.3928355121121,True
10.1016/j.cemconres.2004.02.027::K3::DoR_SCM::dig438e109ad,3,10.1016/j.cemconres.2004.02.027,7.0,fly_ash,other_unknown,16.0,10.638463079255413,0.0,30.596593136868062,6.116015188967219,9.63672933492109,0.0,27.467605114263023,825.8889841211989,True
10.1016/j.cemconres.2004.02.027::K3::DoR_SCM::dig4db61e6f9,3,10.1016/j.cemconres.2004.02.027,28.0,fly_ash,other_unknown,21.0,17.20169993217659,0.0,43.13911941862155,11.885043230505978,14.127859724938489,0.0,33.62877243037288,811.4326554604629,True
10.1016/j.cemconres.2004.02.027::K3::DoR_SCM::dig47954c3ce,3,10.1016/j.cemconres.2004.02.027,90.0,fly_ash,other_unknown,22.8,21.330247933792307,0.0,50.66362457742603,19.39659353839339,17.496300066535603,0.0,38.850422057054246,810.2908881947051,True
10.1016/j.cemconres.2004.02.027::M3::DoR_SCM::dig41822e5f6,3,10.1016/j.cemconres.2004.02.027,7.0,fly_ash,other_unknown,16.3,10.92999981569172,0.0,30.199847753265644,6.116015188967219,9.90609401141928,0.0,27.87985723914096,820.4077891280383,True
10.1016/j.cemconres.2004.02.027::M3::DoR_SCM::dig409ec33f0,3,10.1016/j.cemconres.2004.02.027,28.0,fly_ash,other_unknown,25.7,15.59380278561502,0.0,39.754341396661054,11.885043230505978,14.291987964474384,0.0,33.81479996977364,817.7404852219945,True
10.1016/j.cemconres.2004.02.027::M3::DoR_SCM::dig4ecb8385b,3,10.1016/j.cemconres.2004.02.027,90.0,fly_ash,other_unknown,29.5,21.442846749281372,0.0,50.99735531246579,19.39659353839339,17.76251526564795,0.0,38.24702361512754,812.6009897102647,True
10.1016/j.cemconres.2004.02.027::P3::DoR_SCM::dig461cc243e,3,10.1016/j.cemconres.2004.02.027,7.0,fly_ash,other_unknown,17.0,11.337578392226675,0.0,31.95654772901093,6.255742573320749,9.685405956388164,0.0,27.46513943691698,823.150042423819,True
10.1016/j.cemconres.2004.02.027::P3::DoR_SCM::dig4c838ff02,3,10.1016/j.cemconres.2004.02.027,28.0,fly_ash,other_unknown,27.8,16.070480249160724,0.0,40.57498173410014,12.189288495114658,13.86022002931362,0.0,32.14763927675029,840.0028057437556,True
10.1016/j.cemconres.2004.02.027::P3::DoR_SCM::dig414236621,3,10.1016/j.cemconres.2004.02.027,90.0,fly_ash,other_unknown,38.8,21.72943248926629,0.0,51.022310116801656,19.59666454311185,18.22574918083595,0.0,40.686472115934116,820.1741258294135,True
10.1016/j.cemconres.2004.02.027::S3::DoR_SCM::dig4eb1bb206,3,10.1016/j.cemconres.2004.02.027,7.0,fly_ash,other_unknown,19.6,11.886711876756516,0.0,32.60241796172898,6.255742573320749,9.780445054006238,0.0,27.66440735164331,811.6245740770244,True
10.1016/j.cemconres.2004.02.027::S3::DoR_SCM::dig44e2bd2c3,3,10.1016/j.cemconres.2004.02.027,28.0,fly_ash,other_unknown,27.5,16.53473532178163,0.0,40.9403262578243,12.189288495114658,14.687788344078566,0.0,35.59791154456162,811.7115875733078,True
10.1016/j.cemconres.2004.02.027::S3::DoR_SCM::dig48edeb97a,3,10.1016/j.cemconres.2004.02.027,90.0,fly_ash,other_unknown,37.3,21.746591438085105,0.0,50.34808599187365,19.59666454311185,18.05579569613175,0.0,40.20953745570853,820.0011060683088,True
10.1016/j.cemconres.2004.02.027::FNS2::DoR_SCM::dig4601070cb,3,10.1016/j.cemconres.2004.02.027,7.0,fly_ash,other_unknown,24.3,11.717581559987856,0.0,31.90757957995322,5.009765673350846,9.148687726809824,0.0,27.357290264740644,824.4656953818952,True
10.1016/j.cemconres.2004.02.027::FNS2::DoR_SCM::dig48e41e4fc,3,10.1016/j.cemconres.2004.02.027,28.0,fly_ash,other_unknown,28.1,16.387426058573656,0.0,41.5922986162722,10.345931572886721,13.237161010899223,0.0,32.254533605268875,819.8932263160498,True
10.1016/j.cemconres.2004.02.027::FNS2::DoR_SCM::dig4d62cf025,3,10.1016/j.cemconres.2004.02.027,90.0,fly_ash,other_unknown,33.6,20.080885751254836,0.0,50.30135957627041,17.857481880774134,16.322579572565576,0.0,37.661158370377095,836.3494085257865,True
10.1016/j.cemconres.2004.02.027::FKS2::DoR_SCM::dig40bf22455,3,10.1016/j.cemconres.2004.02.027,7.0,fly_ash,other_unknown,22.2,11.613930852689892,0.0,32.57312849526757,5.009765673350846,8.95148631605184,0.0,27.834264169471627,846.5105291269829,True
10.1016/j.cemconres.2004.02.027::FKS2::DoR_SCM::dig483e70f26,3,10.1016/j.cemconres.2004.02.027,28.0,fly_ash,other_unknown,26.8,15.857813893684767,0.0,39.88347221212041,10.345931572886721,12.722415686263973,0.0,31.538118915771097,851.4975556923096,True
10.1016/j.cemconres.2004.02.027::FKS2::DoR_SCM::dig4e0ffa121,3,10.1016/j.cemconres.2004.02.027,90.0,fly_ash,other_unknown,31.7,20.963248296899597,0.0,50.502540943440216,17.857481880774134,15.783281448355591,0.0,36.47414589294979,814.6697787891115,True
10.1016/j.cemconres.2004.02.027::FCC2::DoR_SCM::dig49dd0503e,3,10.1016/j.cemconres.2004.02.027,7.0,fly_ash,other_unknown,14.4,11.917684521615035,0.0,32.89858888855633,5.009765673350846,9.324155165548289,0.0,27.471182669774556,809.9896793134967,True
10.1016/j.cemconres.2004.02.027::FCC2::DoR_SCM::dig412974f1c,3,10.1016/j.cemconres.2004.02.027,28.0,fly_ash,other_unknown,20.2,16.024273161554877,0.0,40.759851232249986,10.345931572886721,12.880235858149588,0.0,31.579984688890093,845.3802262840507,True
10.1016/j.cemconres.2004.02.027::FCC2::DoR_SCM::dig45be5fce1,3,10.1016/j.cemconres.2004.02.027,90.0,fly_ash,other_unknown,32.3,20.87387299649513,0.0,50.41295683811625,17.857481880774134,16.28228895323516,0.0,35.53375743680821,827.1807801652517,True
10.1016/j.cemconres.2004.02.027::HNS2::DoR_SCM::dig41a31fda9,3,10.1016/j.cemconres.2004.02.027,7.0,fly_ash,other_unknown,18.0,11.97819838226161,0.0,32.67397415883878,5.1421290749468005,9.772994387624085,0.0,28.291799458845393,809.5571206545217,True
10.1016/j.cemconres.2004.02.027::HNS2::DoR_SCM::dig42f023b01,3,10.1016/j.cemconres.2004.02.027,28.0,fly_ash,other_unknown,25.7,16.00498059631469,0.0,39.738169206181155,10.478294974482678,12.92837998167772,0.0,31.801564768622935,836.4937251404515,True
10.1016/j.cemconres.2004.02.027::HNS2::DoR_SCM::dig411f0cb64,3,10.1016/j.cemconres.2004.02.027,90.0,fly_ash,other_unknown,28.4,21.115708783012213,0.0,50.33064925139011,17.989845282370087,17.126065191981308,0.0,36.98363136317972,847.5629642167592,True
10.1016/j.cemconres.2004.02.027::HKS2::DoR_SCM::dig42eca93c8,3,10.1016/j.cemconres.2004.02.027,7.0,fly_ash,other_unknown,19.8,11.853072874916762,0.0,31.911307045124087,5.1421290749468005,9.181596346790483,0.0,26.01505881604209,820.1564780582194,True
10.1016/j.cemconres.2004.02.027::HKS2::DoR_SCM::dig426d097e9,3,10.1016/j.cemconres.2004.02.027,28.0,fly_ash,other_unknown,29.0,16.73866939330473,0.0,40.5924475023577,10.478294974482678,13.035003156999895,0.0,33.23852991458703,836.0914404746673,True
10.1016/j.cemconres.2004.02.027::HKS2::DoR_SCM::dig4fdb8f052,3,10.1016/j.cemconres.2004.02.027,90.0,fly_ash,other_unknown,40.3,21.844624937146726,0.0,51.56973913998295,17.989845282370087,16.38607028945488,0.0,37.67501075737159,799.192210032363,True
10.1016/j.cemconres.2004.02.027::HCC2::DoR_SCM::dig4c2f630bc,3,10.1016/j.cemconres.2004.02.027,7.0,fly_ash,other_unknown,20.2,11.15460964277414,0.0,31.07716207179086,5.1421290749468005,9.42065259990584,0.0,27.195376839407068,833.8937769754663,True
10.1016/j.cemconres.2004.02.027::HCC2::DoR_SCM::dig46a5a8958,3,10.1016/j.cemconres.2004.02.027,28.0,fly_ash,other_unknown,30.9,16.20033681008622,0.0,41.41494156822915,10.478294974482678,12.970892926615612,0.0,34.120939871906806,819.2707849113408,True
10.1016/j.cemconres.2004.02.027::HCC2::DoR_SCM::dig4bf079f7a,3,10.1016/j.cemconres.2004.02.027,90.0,fly_ash,other_unknown,41.2,20.849886711110138,0.0,49.411647253386874,17.989845282370087,17.382459767167482,0.0,38.618293822261386,821.0473097673502,True
10.1016/j.cemconres.2004.02.027::PNS2::DoR_SCM::dig4294cb062,3,10.1016/j.cemconres.2004.02.027,7.0,fly_ash,other_unknown,25.5,11.814440314780086,0.0,31.550119091753555,6.255742573320749,9.91897365278872,0.0,27.329099866393122,814.4595386375544,True
10.1016/j.cemconres.2004.02.027::PNS2::DoR_SCM::dig4147900cd,3,10.1016/j.cemconres.2004.02.027,28.0,fly_ash,other_unknown,38.0,16.969355134107644,0.0,41.39520644413222,12.189288495114658,14.450634607212244,0.0,34.60768982672109,804.9439413307465,True
10.1016/j.cemconres.2004.02.027::PNS2::DoR_SCM::dig4f7de5e8c,3,10.1016/j.cemconres.2004.02.027,90.0,fly_ash,other_unknown,43.5,21.996960471586103,0.0,50.90081189634305,19.59666454311185,18.20903035954018,0.0,39.33606531526657,814.3039543353518,True
10.1016/j.cemconres.2004.02.027::PKS2::DoR_SCM::dig48f2b902b,3,10.1016/j.cemconres.2004.02.027,7.0,fly_ash,other_unknown,31.8,10.951110970038558,0.0,30.1422316856552,6.255742573320749,9.650514509678352,0.0,28.023281262967874,803.8974889093786,True
10.1016/j.cemconres.2004.02.027::PKS2::DoR_SCM::dig4c2e6cb4c,3,10.1016/j.cemconres.2004.02.027,28.0,fly_ash,other_unknown,34.5,16.86551462122952,0.0,41.11651782352078,12.189288495114658,13.747761122999233,0.0,33.56402300039525,815.5952110680079,True
10.1016/j.cemconres.2004.02.027::PKS2::DoR_SCM::dig443d59b06,3,10.1016/j.cemconres.2004.02.027,90.0,fly_ash,other_unknown,37.9,22.215937604407426,0.0,52.91877064647199,19.59666454311185,18.04680872752408,0.0,38.483084652815926,809.2407409504426,True
10.1016/j.cemconres.2004.02.027::PCC2::DoR_SCM::dig48f7515cd,3,10.1016/j.cemconres.2004.02.027,7.0,fly_ash,other_unknown,30.7,11.543918553844632,0.0,31.951720286429698,6.255742573320749,9.761587652699548,0.0,29.625131827754245,817.7423793580867,True
10.1016/j.cemconres.2004.02.027::PCC2::DoR_SCM::dig4f675e99c,3,10.1016/j.cemconres.2004.02.027,28.0,fly_ash,other_unknown,36.7,16.19707251992991,0.0,41.62818796328413,12.189288495114658,14.250820549081773,0.0,33.22031745872417,807.3374220590613,True
10.1016/j.cemconres.2004.02.027::PCC2::DoR_SCM::dig42ccbcd5a,3,10.1016/j.cemconres.2004.02.027,90.0,fly_ash,other_unknown,51.3,21.95054106205186,0.0,51.74530269340606,19.59666454311185,18.22262152817507,0.0,39.180906636835,793.8433934517592,True
10.1016/j.cemconres.2004.02.027::PNH::DoR_SCM::dig4d740098c,3,10.1016/j.cemconres.2004.02.027,7.0,fly_ash,other_unknown,21.8,11.505186291465398,0.0,32.11617066569433,6.255742573320749,10.746103849357615,0.0,29.075596602958502,811.6114495690073,True
10.1016/j.cemconres.2004.02.027::PNH::DoR_SCM::dig4ec750e44,3,10.1016/j.cemconres.2004.02.027,28.0,fly_ash,other_unknown,25.9,16.76008280095293,0.0,41.455489505251286,12.189288495114658,13.75545861205787,0.0,33.35521231406491,805.827790844652,True
10.1016/j.cemconres.2004.02.027::PNH::DoR_SCM::dig415c5ce10,3,10.1016/j.cemconres.2004.02.027,90.0,fly_ash,other_unknown,35.9,21.3025661823806,0.0,51.110145599322436,19.59666454311185,18.242169325532007,0.0,40.08414876445167,816.9584800754183,True
10.1016/j.cemconres.2004.02.027::PKH::DoR_SCM::dig49523060e,3,10.1016/j.cemconres.2004.02.027,7.0,fly_ash,other_unknown,29.8,10.923291428494228,0.0,31.05413983705138,6.255742573320749,9.690641353723244,0.0,28.775593109143035,800.5733459962927,True
10.1016/j.cemconres.2004.02.027::PKH::DoR_SCM::dig4cbf76b00,3,10.1016/j.cemconres.2004.02.027,28.0,fly_ash,other_unknown,30.1,17.58772223797408,0.0,41.815101553787,12.189288495114658,14.330466672681911,0.0,33.089793093369316,801.6860573669119,True
10.1016/j.cemconres.2004.02.027::PKH::DoR_SCM::dig480e5d098,3,10.1016/j.cemconres.2004.02.027,90.0,fly_ash,other_unknown,42.9,21.109647063335093,0.0,50.19965644245514,19.59666454311185,17.918683519829976,0.0,39.78338243175213,822.2142729703886,True
10.1016/j.cemconres.2023.107117::G4::DoR_SCM::dig40a61f0cb,3,10.1016/j.cemconres.2023.107117,1.0,slag,other_unknown,8.1,11.874848085409809,0.0,31.05825641457242,13.345396894860496,12.068775689472337,0.0,29.835602339757468,518.6050307331606,True
10.1016/j.cemconres.2023.107117::G4::DoR_SCM::dig4ca2af9e3,3,10.1016/j.cemconres.2023.107117,3.0,slag,other_unknown,11.0,16.601253571378187,0.0,39.49123930366379,16.929636645790477,17.179816820780232,0.0,36.043310455380755,536.2279975770729,True
10.1016/j.cemconres.2023.107117::G4::DoR_SCM::dig4dac72852,3,10.1016/j.cemconres.2023.107117,7.0,slag,other_unknown,12.8,23.302293922966165,0.0,48.563648986670785,24.90464625363774,23.388095382855386,3.6789434531713083,43.971991461799114,525.5535101243521,True
10.1016/j.cemconres.2023.107117::G4::DoR_SCM::dig46bada469,3,10.1016/j.cemconres.2023.107117,28.0,slag,other_unknown,13.4,33.604528824905174,3.3502318621582616,64.97617640174988,34.14918725304216,34.15981530628764,12.256408328470757,55.00587008444926,533.4596215974485,True
10.1016/j.cemconres.2023.107117::G4::DoR_SCM::dig4e5f95fde,3,10.1016/j.cemconres.2023.107117,90.0,slag,other_unknown,16.1,40.164249721388686,6.167099302846192,76.52520648818947,42.29035653490764,41.92657195621854,21.59146521482804,62.652695404139926,527.4107301140127,True
10.1016/j.cemconres.2023.107117::G4N3::DoR_SCM::dig4cbcf34b4,3,10.1016/j.cemconres.2023.107117,1.0,slag,other_unknown,6.8,11.884780873376666,0.0,31.210875374624088,13.996715080043796,11.840202256523035,0.0,29.711250002997815,527.6127418170252,True
10.1016/j.cemconres.2023.107117::G4N3::DoR_SCM::dig4a195f909,3,10.1016/j.cemconres.2023.107117,3.0,slag,other_unknown,9.9,17.776836153153237,0.0,39.901873045355956,17.580954830973784,17.706030049525715,0.0,37.330429003052664,537.2273039815216,True
10.1016/j.cemconres.2023.107117::G4N3::DoR_SCM::dig4dd30405d,3,10.1016/j.cemconres.2023.107117,7.0,slag,other_unknown,15.0,23.7657096352009,0.0,47.858420637825965,25.555964438821047,23.435767955206035,2.432100167513209,42.4103527042355,553.7353782271294,True
10.1016/j.cemconres.2023.107117::G4N3::DoR_SCM::dig4270af856,3,10.1016/j.cemconres.2023.107117,28.0,slag,other_unknown,19.7,33.58476146426572,3.091487257821508,63.30976991511426,34.80050543822547,34.532415934400824,13.622376165930275,56.169590114203025,513.9829277025246,True
10.1016/j.cemconres.2023.107117::G4N3::DoR_SCM::dig442d4c19b,3,10.1016/j.cemconres.2023.107117,90.0,slag,other_unknown,25.4,40.07599599121128,6.106217726739778,76.60508529766487,42.94167472009094,41.975326566140275,18.911076808847152,63.8437549895984,542.4455686040449,True
10.1016/j.cemconres.2023.107117::G10::DoR_SCM::dig49e33c689,3,10.1016/j.cemconres.2023.107117,1.0,slag,other_unknown,8.9,12.304370773621798,0.0,32.00634546171229,14.115333458246624,11.999484436134688,0.0,30.500265270308805,514.0266327158606,True
10.1016/j.cemconres.2023.107117::G10::DoR_SCM::dig4f37f5c18,3,10.1016/j.cemconres.2023.107117,3.0,slag,other_unknown,12.6,17.630047627015063,0.0,39.13531257124728,17.75833116820311,18.208744567409948,0.0,37.7716750743395,547.6174413263336,True
10.1016/j.cemconres.2023.107117::G10::DoR_SCM::dig4e02e2155,3,10.1016/j.cemconres.2023.107117,7.0,slag,other_unknown,14.5,22.765989480454536,0.0,46.589823065366474,25.733340776050373,23.627112066441242,2.4859465680254225,44.3339979698097,538.2178060646884,True
10.1016/j.cemconres.2023.107117::G10::DoR_SCM::dig41c53fbb9,3,10.1016/j.cemconres.2023.107117,28.0,slag,other_unknown,16.1,34.02063901933546,4.960095879331298,65.05796994749998,34.97788177545479,34.89936685891428,13.0035752841009,56.42932868137097,537.1715388849249,True
10.1016/j.cemconres.2023.107117::G10::DoR_SCM::dig45ccd28c4,3,10.1016/j.cemconres.2023.107117,90.0,slag,other_unknown,17.2,40.51842287584985,8.6908156476692,75.20724310440163,43.119051057320256,42.67162884057296,20.299531666678693,64.40507049379323,534.1874350907843,True
10.1016/j.cemconres.2023.107117::G10N3::DoR_SCM::dig4b01afdaa,3,10.1016/j.cemconres.2023.107117,1.0,slag,other_unknown,9.6,12.217856809019201,0.0,31.529917398269625,14.27446923642269,12.407805509828227,0.0,32.17680550452168,531.7280051494496,True
10.1016/j.cemconres.2023.107117::G10N3::DoR_SCM::dig491e23be7,3,10.1016/j.cemconres.2023.107117,3.0,slag,other_unknown,13.2,17.400706738732,0.0,39.310874281691056,17.917466946379175,17.563637672882688,0.0,36.616253304049245,551.7564930591886,True
10.1016/j.cemconres.2023.107117::G10N3::DoR_SCM::dig4c5f656bb,3,10.1016/j.cemconres.2023.107117,7.0,slag,other_unknown,16.5,23.560507831541,0.0,49.3189047697717,25.997155057547676,23.14818195938004,1.8199070183534416,43.70937654972262,523.6552589802483,True
10.1016/j.cemconres.2023.107117::G10N3::DoR_SCM::dig40da777bf,3,10.1016/j.cemconres.2023.107117,28.0,slag,other_unknown,24.3,35.038504013720804,4.588266785601816,66.132685116046,35.241696056952094,34.596431766424324,13.924043905000296,57.027685049314876,525.3380261910029,True
10.1016/j.cemconres.2023.107117::G10N3::DoR_SCM::dig41bf5d438,3,10.1016/j.cemconres.2023.107117,90.0,slag,other_unknown,28.1,42.154476552004674,8.436867504734169,75.61145571587902,43.38286533881756,42.20172447050156,19.99658206695527,64.3475382910905,548.3296898560533,True
10.1016/j.conbuildmat.2013.04.021::A2::DoR_SCM::dig481ae7c35,3,10.1016/j.conbuildmat.2013.04.021,56.0,slag,SEM_BSE,60.0,45.74020785407136,14.295571731723074,78.8839092189821,36.47766233982766,42.004965161371054,19.03335993610412,64.86094901834524,554.9534671513729,True
10.1016/j.conbuildmat.2013.04.021::A3::DoR_SCM::dig4e68ded3e,3,10.1016/j.conbuildmat.2013.04.021,56.0,slag,SEM_BSE,44.7,43.32499802829809,10.146299553539846,75.65454852452876,33.306830969105526,37.277761187524796,13.71925013699174,60.8336769005884,534.8741494725564,True
10.1016/j.conbuildmat.2019.01.173::fa_035_50::DoR_SCM::dig4ea54796c,3,10.1016/j.conbuildmat.2019.01.173,7.0,fly_ash,calorimetry,38.5,23.984647732490025,2.9350774431317377,49.33741617666116,15.134453240281626,20.681247041203047,7.742198205326233,34.1193578390445,550.0186045853812,True
10.1016/j.conbuildmat.2019.01.173::sf_035_50::DoR_SCM::dig4c7ed5c14,3,10.1016/j.conbuildmat.2019.01.173,7.0,other,calorimetry,22.0,43.00691972629618,12.83548807711212,75.28271470633449,18.506285124047164,30.047818688279254,16.34879019636057,45.42898053610949,362.8541621953595,True
10.1016/j.conbuildmat.2019.01.173::mk_035_50::DoR_SCM::dig423e56386,3,10.1016/j.conbuildmat.2019.01.173,7.0,other,calorimetry,19.5,43.02699201708176,11.439583506589031,77.1689783012195,25.606870100324514,36.76776963206929,20.515317418733474,52.72121242632933,387.2145058483125,True
10.1016/j.conbuildmat.2019.01.173::sl_035_50::DoR_SCM::dig41706dd99,3,10.1016/j.conbuildmat.2019.01.173,7.0,slag,calorimetry,55.0,49.57058579844184,18.623271729668332,77.46916073708702,37.188410988121305,44.39928781552083,28.957291293120353,58.643941421322445,385.78001839407665,True
10.1016/j.conbuildmat.2019.01.173::fa_050_50::DoR_SCM::dig45e435474,3,10.1016/j.conbuildmat.2019.01.173,7.0,fly_ash,calorimetry,34.0,29.198187554481816,5.87534510746887,53.95550246403964,17.102964964535932,25.159614565950246,9.96190713713981,40.96549820694788,504.2772565420097,True
10.1016/j.conbuildmat.2019.01.173::sf_050_50::DoR_SCM::dig48371635e,3,10.1016/j.conbuildmat.2019.01.173,7.0,other,calorimetry,28.0,49.9414307716022,17.24471200625127,83.50208245184659,21.567369747951755,35.69321896054379,20.327032011816698,50.433536935688686,363.37045419871436,True
10.1016/j.conbuildmat.2019.01.173::mk_050_50::DoR_SCM::dig41b731901,3,10.1016/j.conbuildmat.2019.01.173,7.0,other,calorimetry,57.5,50.330171580856394,18.04906620524996,83.51866096563819,29.309079731715144,43.97131704458538,29.23492059624645,59.32172760732855,393.13357881774283,True
10.1016/j.conbuildmat.2019.01.173::sl_050_50::DoR_SCM::dig4e89d9ae8,3,10.1016/j.conbuildmat.2019.01.173,7.0,slag,calorimetry,67.0,56.22534500510644,23.642038627107407,83.69880685885398,40.58679117835114,50.55316729461951,35.44818136574689,64.78799503461538,350.01245750991836,True
10.1016/j.conbuildmat.2020.119454::CLS05::DoR_SCM::dig4e95d7b40,3,10.1016/j.conbuildmat.2020.119454,1.0,other,other_unknown,26.5,14.978139071147227,0.0,65.29886319671213,11.26043035885882,14.978139071147227,0.0,65.29886319671213,97.1563220009346,False
10.1016/j.conbuildmat.2020.119454::CLS05::DoR_SCM::dig4efb7954c,3,10.1016/j.conbuildmat.2020.119454,2.0,other,other_unknown,35.5,17.190068925230864,0.0,67.94279497058338,13.701841020903322,14.560662601346502,0.0,35.76486467331311,104.39562735408549,True
10.1016/j.conbuildmat.2020.119454::CLS05::DoR_SCM::dig4e19b6480,3,10.1016/j.conbuildmat.2020.119454,3.0,other,other_unknown,49.0,17.771732665916975,0.0,75.55179878319703,14.960970011055416,17.170036944399964,0.0,40.89744892149495,106.82210542561802,True
10.1016/j.conbuildmat.2020.119454::CLS05::DoR_SCM::dig4dd21779f,3,10.1016/j.conbuildmat.2020.119454,7.0,other,other_unknown,64.0,19.759279730428265,0.0,80.80723514080499,23.00890243124505,19.759279730428265,0.0,80.80723514080499,92.2390766576445,False
10.1016/j.conbuildmat.2020.119454::CLS05::DoR_SCM::dig4c471b5dc,3,10.1016/j.conbuildmat.2020.119454,14.0,other,other_unknown,77.0,21.741261572056537,0.0,84.36052477118824,27.61690294388743,21.741261572056537,0.0,84.36052477118824,97.58153186364704,False
10.1016/j.conbuildmat.2020.119454::CLS05::DoR_SCM::dig40193727b,3,10.1016/j.conbuildmat.2020.119454,28.0,other,other_unknown,89.0,23.742667758732242,0.0,91.0967680883311,35.634420544152704,32.43869860873167,9.65249076798968,55.72934632398763,101.52390733695613,True
10.1016/j.conbuildmat.2020.119454::CLS05::DoR_SCM::dig4b5f397e8,3,10.1016/j.conbuildmat.2020.119454,56.0,other,other_unknown,89.0,25.655589852633337,0.0,90.43986433389587,37.169469496040634,36.75656856701903,14.896349657554508,56.5701282011788,112.7064377180878,True
10.1016/j.conbuildmat.2020.119454::CLS10::DoR_SCM::dig4a99ff11c,3,10.1016/j.conbuildmat.2020.119454,1.0,other,other_unknown,10.5,14.479372079373137,0.0,63.22088966045296,11.26043035885882,14.479372079373137,0.0,63.22088966045296,99.70252737554686,False
10.1016/j.conbuildmat.2020.119454::CLS10::DoR_SCM::dig4b804cc2b,3,10.1016/j.conbuildmat.2020.119454,2.0,other,other_unknown,25.5,16.591191393921182,0.0,73.70135002049913,13.701841020903322,16.591191393921182,0.0,73.70135002049913,94.2990112075612,False
10.1016/j.conbuildmat.2020.119454::CLS10::DoR_SCM::dig4355f8ba6,3,10.1016/j.conbuildmat.2020.119454,3.0,other,other_unknown,45.0,17.921621753624713,0.0,72.76658162663853,14.960970011055416,16.97623256174293,0.0,39.01900711904156,101.23704976970193,True
10.1016/j.conbuildmat.2020.119454::CLS10::DoR_SCM::dig4a7de3a58,3,10.1016/j.conbuildmat.2020.119454,7.0,other,other_unknown,52.5,19.872878710867997,0.0,82.29213189003205,23.00890243124505,21.811633141569732,0.0,45.589701521489005,101.7065567168485,True
10.1016/j.conbuildmat.2020.119454::CLS10::DoR_SCM::dig4c82fd4fc,3,10.1016/j.conbuildmat.2020.119454,14.0,other,other_unknown,54.5,21.625448491749957,0.0,84.2880593534307,27.61690294388743,26.830208804805125,6.220560028857611,49.55137063736824,113.97253324119946,True
10.1016/j.conbuildmat.2020.119454::CLS10::DoR_SCM::dig4ccf46629,3,10.1016/j.conbuildmat.2020.119454,28.0,other,other_unknown,62.5,23.486380928504445,0.0,88.87881229685276,35.634420544152704,32.590578223133036,9.823822030284207,54.50023008116119,100.44567912327948,True
10.1016/j.conbuildmat.2020.119454::CLS10::DoR_SCM::dig4c572b98b,3,10.1016/j.conbuildmat.2020.119454,56.0,other,other_unknown,63.5,24.404275931549712,0.0,90.60914481899734,37.169469496040634,36.912658067828424,14.463980771347323,58.50905273164532,101.31842226256788,True
10.1016/j.conbuildmat.2020.119454::CLS15::DoR_SCM::dig41d45501a,3,10.1016/j.conbuildmat.2020.119454,1.0,other,other_unknown,7.0,14.909311129180175,0.0,64.54012589214415,11.26043035885882,13.441989513231514,0.0,36.445491323942875,101.80194491054796,True
10.1016/j.conbuildmat.2020.119454::CLS15::DoR_SCM::dig4aace6265,3,10.1016/j.conbuildmat.2020.119454,2.0,other,other_unknown,19.0,16.043520518613885,0.0,69.2024017139283,13.701841020903322,14.73478466227441,0.0,36.23162952479695,106.33203736231849,True
10.1016/j.conbuildmat.2020.119454::CLS15::DoR_SCM::dig4246da229,3,10.1016/j.conbuildmat.2020.119454,3.0,other,other_unknown,23.0,17.54595337842196,0.0,76.25315237319889,14.960970011055416,16.954319369008257,0.0,38.21955403899603,109.97812756956176,True
10.1016/j.conbuildmat.2020.119454::CLS15::DoR_SCM::dig47ca22a83,3,10.1016/j.conbuildmat.2020.119454,7.0,other,other_unknown,42.0,19.585815412063905,0.0,78.58801822293954,23.00890243124505,21.613671596628738,0.0,42.68877838266787,102.6518939834992,True
10.1016/j.conbuildmat.2020.119454::CLS15::DoR_SCM::dig407ecac5f,3,10.1016/j.conbuildmat.2020.119454,14.0,other,other_unknown,44.0,21.30555872889585,0.0,85.3858997396453,27.61690294388743,26.11949576685839,3.886610159756306,48.51206236982106,105.24910279706293,True
10.1016/j.conbuildmat.2020.119454::CLS15::DoR_SCM::dig4d22d4d85,3,10.1016/j.conbuildmat.2020.119454,28.0,other,other_unknown,44.5,23.08604325894474,0.0,90.21424462466811,35.634420544152704,31.99056453898812,8.566456146020386,54.91564033375567,104.00841116737841,True
10.1016/j.conbuildmat.2020.119454::CLS15::DoR_SCM::dig4c69c2b3b,3,10.1016/j.conbuildmat.2020.119454,56.0,other,other_unknown,50.0,24.680062302151903,0.0,88.80431872332828,37.169469496040634,37.53460834650362,14.930146122647017,62.43753801258516,107.60113776115519,True
10.1016/j.conbuildmat.2020.119454::CLS20::DoR_SCM::dig44e719519,3,10.1016/j.conbuildmat.2020.119454,1.0,other,other_unknown,1.2,14.775282779918923,0.0,65.94568418827997,11.26043035885882,14.775282779918923,0.0,65.94568418827997,95.7692880982041,False
10.1016/j.conbuildmat.2020.119454::CLS20::DoR_SCM::dig424776f3c,3,10.1016/j.conbuildmat.2020.119454,2.0,other,other_unknown,6.0,16.44340713229054,0.0,72.02505094977764,13.701841020903322,15.295962917928149,0.0,39.07752031634139,102.37834911209042,True
10.1016/j.conbuildmat.2020.119454::CLS20::DoR_SCM::dig464a219a5,3,10.1016/j.conbuildmat.2020.119454,3.0,other,other_unknown,11.0,17.486100618510324,0.0,72.22458098940247,14.960970011055416,17.001294275096782,0.0,39.55110531527157,104.5004486961683,True
10.1016/j.conbuildmat.2020.119454::CLS20::DoR_SCM::dig498814b9b,3,10.1016/j.conbuildmat.2020.119454,7.0,other,other_unknown,25.0,20.3074478972982,0.0,81.0820771072332,23.00890243124505,21.52798663461548,0.0,44.3048010166694,108.58281387327644,True
10.1016/j.conbuildmat.2020.119454::CLS20::DoR_SCM::dig4750e4d31,3,10.1016/j.conbuildmat.2020.119454,14.0,other,other_unknown,27.0,21.990083138861635,0.0,87.68513380112617,27.61690294388743,26.74129460099371,4.024475223512863,49.89404451498995,105.62955250858545,True
10.1016/j.conbuildmat.2020.119454::CLS20::DoR_SCM::dig47d0251a4,3,10.1016/j.conbuildmat.2020.119454,28.0,other,other_unknown,35.0,23.39675992312942,0.0,90.77560495062409,35.634420544152704,23.39675992312942,0.0,90.77560495062409,91.0109454662469,False
10.1016/j.conbuildmat.2020.119454::CLS20::DoR_SCM::dig43b4142f5,3,10.1016/j.conbuildmat.2020.119454,56.0,other,other_unknown,39.5,24.783076363166433,0.0,89.93354834220801,37.169469496040634,36.748084762695626,15.005990213157858,57.85006413845581,103.80280219070835,True
10.1016/j.cemconcomp.2020.103596::CFN0.5::DoR_SCM::20,4,10.1016/j.cemconcomp.2020.103596,7.0,fly_ash,NMR,3.64,11.67525828903162,0.0,29.666145107021553,18.32464091491094,14.390714365146783,0.0,32.18924638653591,582.1017889595479,True
10.1016/j.cemconcomp.2020.103596::CFN0::DoR_SCM::21,4,10.1016/j.cemconcomp.2020.103596,28.0,fly_ash,NMR,12.98,19.55134166850564,0.0,42.10435492357987,25.631188039355536,23.83757550041958,3.96849941668151,43.82691704044988,584.8444770217357,True
10.1016/j.cemconcomp.2020.103596::CFN0.5::DoR_SCM::22,4,10.1016/j.cemconcomp.2020.103596,28.0,fly_ash,NMR,14.71,18.790867307939347,0.0,42.06342163048967,25.354205199346342,23.68546025901315,3.1388528984774764,43.391946192690575,548.4530915519025,True
10.1016/j.cemconcomp.2020.103596::CFN4::DoR_SCM::23,4,10.1016/j.cemconcomp.2020.103596,28.0,fly_ash,NMR,15.53,18.862054755781646,0.0,42.121781099017255,26.592363497228682,24.414215105590763,5.404304103247127,44.63954957575104,511.35972697655416,True
10.1016/j.cemconcomp.2020.103596::CFN0.5::DoR_SCM::24,4,10.1016/j.cemconcomp.2020.103596,90.0,fly_ash,NMR,23.13,25.454502252762236,0.0,52.51404432948335,37.8923933924485,34.71500121602906,13.554289103560281,55.78400153612057,521.7260879295955,True
10.1016/j.cemconres.2010.01.008::mix_1::DoR_SCM::24,4,10.1016/j.cemconres.2010.01.008,1.0,slag,SEM_BSE,13.0,12.09576477887312,0.0,32.377201510325825,18.606326046346833,14.231124909308503,0.0,35.1720535722066,495.86713332861615,True
10.1016/j.cemconres.2010.01.008::mix_2::DoR_SCM::25,4,10.1016/j.cemconres.2010.01.008,1.0,slag,SEM_BSE,18.0,12.138731802935226,0.0,33.36933608864465,18.606326046346833,14.01830085649114,0.0,34.353957767592256,486.09404556014584,True
10.1016/j.cemconres.2010.01.008::mix_3::DoR_SCM::26,4,10.1016/j.cemconres.2010.01.008,1.0,slag,SEM_BSE,20.0,12.541032380665884,0.0,34.60503947386813,18.606326046346833,14.283631301344167,0.0,35.398551232755025,487.00185246070276,True
10.1016/j.cemconres.2010.01.008::mix_4::DoR_SCM::27,4,10.1016/j.cemconres.2010.01.008,1.0,slag,SEM_BSE,14.0,12.075792188322382,0.0,33.112256798193975,18.606326046346833,13.99291734827717,0.0,33.849930305123294,493.0026129321552,True
10.1016/j.cemconres.2010.01.008::mix_5::DoR_SCM::28,4,10.1016/j.cemconres.2010.01.008,1.0,slag,SEM_BSE,13.0,12.545673594186125,0.0,36.21766009856338,18.606326046346833,13.905994364360758,0.0,34.33255656928505,484.11429711201686,True
10.1016/j.cemconres.2010.01.008::mix_8::DoR_SCM::29,4,10.1016/j.cemconres.2010.01.008,1.0,slag,SEM_BSE,14.0,11.392197545207349,0.0,32.52164630235227,18.606326046346833,13.610037967746075,0.0,35.40811863149408,480.30534710176033,True
10.1016/j.cemconres.2010.01.008::mix_9::DoR_SCM::30,4,10.1016/j.cemconres.2010.01.008,1.0,slag,SEM_BSE,21.0,12.382054681687205,0.0,32.84983989507976,18.606326046346833,14.10705365082647,0.0,35.75894984933983,467.66404139258646,True
10.1016/j.cemconres.2016.06.006::ML::DoR_SCM::12,4,10.1016/j.cemconres.2016.06.006,28.0,other,XRD_other,48.0,40.262994128557025,10.69970909304937,70.12971967419755,58.96793083488379,56.54885865154499,39.462222252375334,73.82223223953085,360.163417606535,True
10.1016/j.cemconres.2016.06.006::ML::DoR_SCM::13,4,10.1016/j.cemconres.2016.06.006,180.0,other,XRD_other,54.0,47.47386585017898,14.976451967735423,82.91770470219059,70.06882307536077,67.48222229949201,49.50982504672716,85.50636808557026,337.9608927097707,True
10.1016/j.cemconres.2016.06.006::M::DoR_SCM::18,4,10.1016/j.cemconres.2016.06.006,28.0,other,XRD_other,38.0,39.32786848842177,9.701363605560338,70.41392567824067,55.90100616616513,53.63479594634853,36.772447423079875,70.79446552752997,370.4906226006877,True
10.1016/j.cemconres.2016.06.006::M::DoR_SCM::19,4,10.1016/j.cemconres.2016.06.006,180.0,other,XRD_other,50.0,47.29034104297656,13.840113996933498,82.46326157136939,66.1689679308514,63.413462033213825,45.59755966708626,82.19887475019544,382.8261628802761,True
10.1016/j.clay.2022.106696::M4::DoR_SCM::0,4,10.1016/j.clay.2022.106696,56.0,other,NMR,11.05,39.62569487255444,5.580374817811967,74.62333151221908,53.781229920236726,55.61923026656572,36.292620905548944,75.61738054943201,354.01437295417225,True
10.1016/j.clay.2022.106696::M4::DoR_SCM::1,4,10.1016/j.clay.2022.106696,56.0,other,NMR,77.61,39.08144359138108,6.531990772752777,76.09575811056784,53.781229920236726,54.52366065668951,33.860855557213426,76.87164380561683,350.3202343852784,True
10.1016/j.clay.2022.106696::M5::DoR_SCM::2,4,10.1016/j.clay.2022.106696,56.0,other,NMR,16.18,47.24707681884339,11.530985144256395,82.41500853764605,70.25439476555043,71.32072926100726,51.63484138402028,92.01545406184263,280.6448999628238,True
10.1016/j.clay.2022.106696::M5::DoR_SCM::3,4,10.1016/j.clay.2022.106696,56.0,other,NMR,81.44,47.81632051176953,12.921438124978318,81.53751745560915,70.25439476555043,71.45878565407338,50.27920613095505,92.72607068622695,269.69550754016933,True
10.1016/j.clay.2022.106696::M6::DoR_SCM::4,4,10.1016/j.clay.2022.106696,56.0,other,NMR,18.02,43.33386201793586,8.561011022584452,79.48668065788802,60.58860302005496,61.6066474662839,40.71880084351007,82.94170643789207,334.508601482057,True
10.1016/j.clay.2022.106696::M6::DoR_SCM::5,4,10.1016/j.clay.2022.106696,56.0,other,NMR,85.09,44.71702479165231,8.239366953881268,80.92569600694667,60.58860302005496,62.52768612969167,40.63248367665479,83.68390878678056,356.41893565926733,True
10.1016/j.conbuildmat.2007.02.001::T_D::DoR_SCM::0,4,10.1016/j.conbuildmat.2007.02.001,2.0,fly_ash,selective_dissolution,22.25,8.091537174230899,0.0,18.28755386400403,4.787020546321644,7.269211583034091,0.0,15.749915638418301,675.736328631942,True
10.1016/j.conbuildmat.2007.02.001::T_D::DoR_SCM::1,4,10.1016/j.conbuildmat.2007.02.001,7.0,fly_ash,selective_dissolution,32.7,13.725425253216523,1.1906550018046809,25.733509367805908,13.850267692883895,12.491643641198356,3.254791293351973,22.061363218235517,675.2361459275795,True
10.1016/j.conbuildmat.2007.02.001::T_D::DoR_SCM::2,4,10.1016/j.conbuildmat.2007.02.001,28.0,fly_ash,selective_dissolution,46.2,22.93614994831118,5.7125852354376,40.58509801509729,21.116429030923236,20.988700029602327,10.012695943136931,31.727311634467604,675.1383799415639,True
10.1016/j.conbuildmat.2007.02.001::T_D::DoR_SCM::3,4,10.1016/j.conbuildmat.2007.02.001,90.0,fly_ash,selective_dissolution,61.09,32.737432893249846,9.918059439557101,57.307422107736215,30.832239007990882,29.900164309831247,16.200151556157575,43.40505971365769,664.096631434234,True
10.1016/j.conbuildmat.2007.02.001::T_D_Q3::DoR_SCM::4,4,10.1016/j.conbuildmat.2007.02.001,2.0,fly_ash,selective_dissolution,25.12,7.86449408940497,0.0,17.34463216304587,5.084940349062131,7.368037455330252,0.0,15.680571478064852,678.435108408017,True
10.1016/j.conbuildmat.2007.02.001::T_D_Q3::DoR_SCM::5,4,10.1016/j.conbuildmat.2007.02.001,7.0,fly_ash,selective_dissolution,38.15,13.634517488985056,1.6917667418112625,25.82264727590668,14.14818749562438,12.405870588216994,3.146247316706392,21.354194072982246,681.9952084359207,True
10.1016/j.conbuildmat.2007.02.001::T_D_Q3::DoR_SCM::6,4,10.1016/j.conbuildmat.2007.02.001,28.0,fly_ash,selective_dissolution,51.25,23.239130929153394,5.998009337015996,41.19251988728048,21.414348833663723,21.620547630756835,10.534327252906742,32.3344162533272,682.8984633798957,True
10.1016/j.conbuildmat.2007.02.001::T_D_Q3::DoR_SCM::7,4,10.1016/j.conbuildmat.2007.02.001,90.0,fly_ash,selective_dissolution,63.44,32.84725796659059,10.37968871588044,55.921165863239345,31.13015881073137,30.908841167782594,17.622597725211385,45.037474851948744,703.3600173687524,True
10.1016/j.conbuildmat.2007.02.001::T_D_Q6::DoR_SCM::8,4,10.1016/j.conbuildmat.2007.02.001,2.0,fly_ash,selective_dissolution,24.45,7.881490661004179,0.0,17.50318801083565,5.084940349062131,7.212698403855621,0.0,15.086732017401065,678.6222300162779,True
10.1016/j.conbuildmat.2007.02.001::T_D_Q6::DoR_SCM::9,4,10.1016/j.conbuildmat.2007.02.001,7.0,fly_ash,selective_dissolution,33.5,13.540182130983151,1.1555166960296412,26.309817860096512,14.14818749562438,12.575537964324685,3.0817962704440913,21.81358312867606,678.8782517391724,True
10.1016/j.conbuildmat.2007.02.001::T_D_Q6::DoR_SCM::10,4,10.1016/j.conbuildmat.2007.02.001,28.0,fly_ash,selective_dissolution,48.12,22.338070614974896,5.268982894969262,40.48745203370668,21.414348833663723,21.451332622115526,10.265607486058597,32.40363184853441,680.7196355327701,True
10.1016/j.conbuildmat.2007.02.001::T_D_Q6::DoR_SCM::11,4,10.1016/j.conbuildmat.2007.02.001,90.0,fly_ash,selective_dissolution,61.15,33.54428276809773,10.478002255921577,57.558023743138364,31.13015881073137,30.65310641752116,17.72573692101897,44.28290044701759,661.8324612359008,True
10.1016/j.conbuildmat.2007.02.001::T_M::DoR_SCM::12,4,10.1016/j.conbuildmat.2007.02.001,2.0,fly_ash,selective_dissolution,16.72,8.023243862631226,0.0,17.90680256459394,3.9542309275822833,6.692946827851069,0.0,14.969794451423677,674.9247014773522,True
10.1016/j.conbuildmat.2007.02.001::T_M::DoR_SCM::13,4,10.1016/j.conbuildmat.2007.02.001,7.0,fly_ash,selective_dissolution,35.5,13.62517302870725,1.4236753569984262,26.144209897514532,10.893692613239333,11.039001312096547,1.1303323927989113,20.65927795356461,662.5199358309479,True
10.1016/j.conbuildmat.2007.02.001::T_M::DoR_SCM::14,4,10.1016/j.conbuildmat.2007.02.001,28.0,fly_ash,selective_dissolution,41.56,23.093702401280087,5.593336526414303,40.09725535651388,17.39290470499242,19.442274554029993,8.965942118015713,30.636955735510014,670.1095426907037,True
10.1016/j.conbuildmat.2007.02.001::T_M::DoR_SCM::15,4,10.1016/j.conbuildmat.2007.02.001,90.0,fly_ash,selective_dissolution,50.02,32.58086152983838,9.175300221599912,56.20070018717426,27.714004125972853,27.165253430843542,14.460186070877022,39.746730845014184,663.7482303081624,True
10.1016/j.conbuildmat.2007.02.001::T_M_Q5::DoR_SCM::16,4,10.1016/j.conbuildmat.2007.02.001,2.0,fly_ash,selective_dissolution,20.38,7.85201079480512,0.0,17.119868338088867,4.278248903468819,6.808119132079872,0.0,14.883324852947094,645.6437394368221,True
10.1016/j.conbuildmat.2007.02.001::T_M_Q5::DoR_SCM::17,4,10.1016/j.conbuildmat.2007.02.001,7.0,fly_ash,selective_dissolution,37.08,13.482618960708088,0.8808663977819458,25.773988313953954,11.217710589125867,11.1687341307092,1.7121215472284392,20.42847592683253,639.9142032749411,True
10.1016/j.conbuildmat.2007.02.001::T_M_Q5::DoR_SCM::18,4,10.1016/j.conbuildmat.2007.02.001,28.0,fly_ash,selective_dissolution,42.01,23.11163822892549,6.220754214987716,40.30335985233311,17.71692268087896,19.064529572644364,7.6228686992698895,30.038625514941177,646.48354439999,True
10.1016/j.conbuildmat.2007.02.001::T_M_Q5::DoR_SCM::19,4,10.1016/j.conbuildmat.2007.02.001,90.0,fly_ash,selective_dissolution,48.5,32.70005297667678,9.269604838401717,57.33111070734742,28.03802210185939,27.587585108038088,14.561850304513007,40.19372039554517,662.9590377998819,True
10.1016/j.conbuildmat.2015.05.117::POF20-0.4::DoR_SCM::8,4,10.1016/j.conbuildmat.2015.05.117,28.0,fly_ash,selective_dissolution,7.69,18.718740042856904,3.601003524463282,34.73912852721568,16.835406043768426,18.088351423640106,6.665325844102474,28.874620038786112,741.6586015803152,True
10.1016/j.conbuildmat.2015.05.117::POF40-0.4::DoR_SCM::9,4,10.1016/j.conbuildmat.2015.05.117,28.0,fly_ash,selective_dissolution,5.36,17.190568460737225,2.199116390462885,34.30307393724133,14.494571206184016,16.288750044895213,6.011482656808446,27.316282681180436,749.9079228761799,True
10.1016/j.conbuildmat.2015.05.117::PGF20-0.4::DoR_SCM::10,4,10.1016/j.conbuildmat.2015.05.117,3.0,fly_ash,selective_dissolution,6.95,7.8214733616030605,0.0,17.650976562509246,2.8690605556803557,6.813489723590997,0.0,15.586977283840902,737.7051307003869,True
10.1016/j.conbuildmat.2026.146008::1.5FAC-2.5CS-1.0SS::DoR_SCM::7,4,10.1016/j.conbuildmat.2026.146008,1.0,slag,SEM_BSE,25.0,11.892702495229404,0.0,32.440110794519,19.295217077276646,13.286659789141959,0.0,34.02235710241016,440.69693994901485,True
10.1016/j.conbuildmat.2026.146008::2.0FAC-2.0CS-1.0SS::DoR_SCM::8,4,10.1016/j.conbuildmat.2026.146008,1.0,slag,SEM_BSE,24.0,11.962329469717806,0.0,31.320435917999948,19.295217077276646,12.810769265731123,0.0,35.282960377316016,474.5938206192364,True
10.1016/j.conbuildmat.2026.146008::2.5FAC-1.5CS-1.0SS::DoR_SCM::9,4,10.1016/j.conbuildmat.2026.146008,1.0,slag,SEM_BSE,22.0,11.735861310897192,0.0,33.650456567232276,19.295217077276646,13.520953348306053,0.0,34.568534792373086,481.3599772753932,True
10.1016/j.conbuildmat.2026.146787::CMAS::DoR_SCM::5,4,10.1016/j.conbuildmat.2026.146787,1.0,slag,SEM_BSE,19.0,13.253756083652625,0.0,35.373297554302184,18.922680091232703,12.48709783953525,0.0,33.06060529393093,537.558318290353,True
10.1016/j.conbuildmat.2026.146787::CMAS-Ti::DoR_SCM::6,4,10.1016/j.conbuildmat.2026.146787,1.0,slag,SEM_BSE,22.0,12.070115450565906,0.0,34.95390996344384,18.922680091232703,12.745978507262961,0.0,33.112597473647256,537.763958998869,True
10.1016/j.conbuildmat.2026.146787::CMAS-Mn::DoR_SCM::7,4,10.1016/j.conbuildmat.2026.146787,1.0,slag,SEM_BSE,23.5,12.487813149946302,0.0,33.16095988966375,18.922680091232703,11.972325286068624,0.0,31.89568862375742,529.6289586203656,True
10.1016/j.conbuildmat.2026.146787::CMAS-Si::DoR_SCM::8,4,10.1016/j.conbuildmat.2026.146787,1.0,slag,SEM_BSE,17.5,12.421811505828437,0.0,32.2704264186422,18.922680091232703,11.859475960339147,0.0,32.52939177355742,526.8524992258872,True
10.1016/j.conbuildmat.2026.146787::CMAS-Fe::DoR_SCM::9,4,10.1016/j.conbuildmat.2026.146787,1.0,slag,SEM_BSE,24.5,12.890430509137662,0.0,34.594833459353225,18.922680091232703,12.130300788634884,0.0,32.813743676208354,561.448035416051,True
10.1016/j.tca.2017.07.002::SL30__25C::DoR_SCM::1,4,10.1016/j.tca.2017.07.002,3.0,slag,SEM_BSE,10.25,20.656525707176165,0.0,46.285341564766775,31.296118249604838,25.727688149236112,4.115468068639924,47.3408925775498,454.9495325802055,True
10.1016/j.tca.2017.07.002::SL30__45C::DoR_SCM::4,4,10.1016/j.tca.2017.07.002,3.0,slag,SEM_BSE,22.58,34.298726198630234,3.2051185729230744,66.18010536200858,40.01704949590653,40.24566076172307,17.346003656814396,64.25037998367196,388.56817675901505,True
10.1016/j.tca.2017.07.002::SL30__60C::DoR_SCM::7,4,10.1016/j.tca.2017.07.002,3.0,slag,SEM_BSE,42.16,43.81731837027683,8.040009090402338,79.11463402164047,40.62824469670053,48.86350516106817,24.64529076333701,73.41312643362397,386.5894695077334,True
10.1016/j.tca.2017.07.002::SL70__25C::DoR_SCM::10,4,10.1016/j.tca.2017.07.002,3.0,slag,SEM_BSE,8.96,18.90639027821416,0.0,44.914277944136344,20.51932512499075,19.03062351143226,0.0,41.16247138581816,507.7523789407797,True
10.1016/j.tca.2017.07.002::SL70__45C::DoR_SCM::13,4,10.1016/j.tca.2017.07.002,3.0,slag,SEM_BSE,18.42,30.170740095723957,0.0,64.46333954636205,29.708010282823636,30.565756809542737,6.8767529043798445,55.18019084570262,403.9905305090112,True
10.1016/j.tca.2017.07.002::SL70__60C::DoR_SCM::16,4,10.1016/j.tca.2017.07.002,3.0,slag,SEM_BSE,30.26,36.676303028551764,1.8704866606560968,76.3550568321398,30.35468301421326,36.24176359984436,12.793966144189126,59.88465164392851,423.0749823233416,True
10.1016/j.tca.2017.07.002::FA35__25C::DoR_SCM::19,4,10.1016/j.tca.2017.07.002,3.0,fly_ash,SEM_BSE,1.56,11.078578051530894,0.0,32.85249672432957,11.453542209249454,11.333304433049681,0.0,32.6133198510436,600.8369965326918,True
10.1016/j.tca.2017.07.002::FA35__45C::DoR_SCM::22,4,10.1016/j.tca.2017.07.002,3.0,fly_ash,SEM_BSE,4.88,18.182024153386166,0.0,44.56430174390653,23.056540574380797,18.72460452245199,0.0,41.2426119656207,479.78345698863916,True
10.1016/j.tca.2017.07.002::FA35__60C::DoR_SCM::25,4,10.1016/j.tca.2017.07.002,3.0,fly_ash,SEM_BSE,10.2,24.864748023885706,0.0,53.78676781707809,23.634997259410063,23.87325496652155,0.0,46.79128650482108,458.4930681888419,True
10.1016/j.tca.2017.07.002::FA65__25C::DoR_SCM::28,4,10.1016/j.tca.2017.07.002,3.0,fly_ash,SEM_BSE,1.1,10.236397347251286,0.0,30.440853385603706,8.535873743971614,10.030696447945003,0.0,29.80848081183672,659.5596349880852,True
10.1016/j.tca.2017.07.002::FA65__45C::DoR_SCM::31,4,10.1016/j.tca.2017.07.002,3.0,fly_ash,SEM_BSE,3.02,16.346749836892105,0.0,40.41401327368355,20.08762037293337,16.553314707213158,0.0,38.5637498733142,522.6808667910165,True
10.1016/j.tca.2017.07.002::FA65__60C::DoR_SCM::34,4,10.1016/j.tca.2017.07.002,3.0,fly_ash,SEM_BSE,8.67,22.11688623496085,0.0,53.64760201774123,20.701554588558235,20.70481557474632,0.0,44.47005824108411,496.57606081855613,True
10.1016/j.conbuildmat.2026.145911::mix_FA30_REF::DoR_SCM::fig::1,4,10.1016/j.conbuildmat.2026.145911,1.0,fly_ash,unknown,1.0,6.1939028928120825,0.0,18.23205289079453,4.815253962610593,6.31897797542873,0.0,17.010997288452277,622.841675342022,True
10.1016/j.conbuildmat.2026.145911::mix_FA30_REF::DoR_SCM::fig::2,4,10.1016/j.conbuildmat.2026.145911,3.0,fly_ash,unknown,2.0,7.754399571657415,0.0,20.71687640468501,7.145135363230322,9.032005373928872,0.0,21.087207222124245,615.0039225845999,True
10.1016/j.conbuildmat.2026.145911::mix_FA30_REF::DoR_SCM::fig::3,4,10.1016/j.conbuildmat.2026.145911,7.0,fly_ash,unknown,8.0,10.874414119749945,0.0,25.163778533305873,13.504970931206701,13.539244514684302,0.0,25.628252424875384,618.9606626731478,True
10.1016/j.conbuildmat.2026.145911::mix_FA30_REF::DoR_SCM::fig::4,4,10.1016/j.conbuildmat.2026.145911,28.0,fly_ash,unknown,22.0,17.78535342028112,0.0,36.14537243630741,24.36908727087496,21.90387198507929,7.587433882802427,35.53063210592904,624.3877622873425,True
10.1016/j.conbuildmat.2026.145911::mix_FA30_REF::DoR_SCM::fig::5,4,10.1016/j.conbuildmat.2026.145911,90.0,fly_ash,unknown,35.0,26.252251270752115,2.287810903841221,52.37377398063535,36.485011371212934,32.5116503930284,16.62042357823461,48.92752505870461,596.5075988311513,True
10.1016/j.conbuildmat.2026.145911::mix_FA30_REF::DoR_SCM::fig::6,4,10.1016/j.conbuildmat.2026.145911,180.0,fly_ash,unknown,37.0,31.46395994580872,6.083061350138291,60.031905750998476,38.080191919353005,38.394815940405785,20.333969877605625,56.535149027968124,631.4135610614754,True
10.1016/j.conbuildmat.2026.145911::mix_FA30_REF::DoR_SCM::fig::7,4,10.1016/j.conbuildmat.2026.145911,360.0,fly_ash,unknown,38.0,35.536104974097086,6.849157143425426,68.57329277387302,40.437571649441814,43.290785780698755,24.756917158442914,61.5220937973177,597.7562698974128,True
10.1016/j.conbuildmat.2026.145911::mix_FA30_0225pct::DoR_SCM::fig::8,4,10.1016/j.conbuildmat.2026.145911,1.0,fly_ash,unknown,0.5,5.741126920597749,0.0,16.71516997754075,4.815253962610593,6.283667374958998,0.0,17.999445408065885,591.6621616768246,True
10.1016/j.conbuildmat.2026.145911::mix_FA30_0225pct::DoR_SCM::fig::9,4,10.1016/j.conbuildmat.2026.145911,3.0,fly_ash,unknown,1.5,8.030806790268462,0.0,20.37333553340803,7.145135363230322,9.201915851767657,0.0,20.834080288189828,617.8765610567008,True
10.1016/j.conbuildmat.2026.145911::mix_FA30_0225pct::DoR_SCM::fig::10,4,10.1016/j.conbuildmat.2026.145911,7.0,fly_ash,unknown,5.0,10.566508712520536,0.0,25.089702021658066,13.504970931206701,12.796935464909435,0.0,25.59454662386988,614.6611420277161,True
10.1016/j.conbuildmat.2026.145911::mix_FA30_0225pct::DoR_SCM::fig::11,4,10.1016/j.conbuildmat.2026.145911,28.0,fly_ash,unknown,17.0,18.6139105525313,0.0,36.8431703758725,24.36908727087496,22.42277549531218,7.180785976607442,36.118025675144395,626.3978785004782,True
10.1016/j.conbuildmat.2026.145911::mix_FA30_0225pct::DoR_SCM::fig::12,4,10.1016/j.conbuildmat.2026.145911,90.0,fly_ash,unknown,35.0,27.14490830660935,3.9574183507411993,51.33322190571125,36.485011371212934,32.4412849326708,15.663175330055369,48.901040272070205,617.8186857083235,True
10.1016/j.conbuildmat.2026.145911::mix_FA30_0225pct::DoR_SCM::fig::13,4,10.1016/j.conbuildmat.2026.145911,180.0,fly_ash,unknown,37.0,30.97092707799807,4.45763426683505,59.237964904952314,38.080191919353005,38.45574353136689,20.90206995902459,55.968937814734446,615.8806653015934,True
10.1016/j.conbuildmat.2026.145911::mix_FA30_0225pct::DoR_SCM::fig::14,4,10.1016/j.conbuildmat.2026.145911,360.0,fly_ash,unknown,38.0,35.94846274606021,7.091937657679192,68.97237057245835,40.437571649441814,42.866109193908606,23.782397531198725,62.47947295013491,623.1994905240268,True
10.1016/j.conbuildmat.2026.145911::mix_FA50_REF::DoR_SCM::fig::15,4,10.1016/j.conbuildmat.2026.145911,1.0,fly_ash,unknown,1.0,5.668243579930078,0.0,17.887873469071156,4.201774426883549,6.047094114504394,0.0,17.42828006439854,601.9722394625245,True
10.1016/j.conbuildmat.2026.145911::mix_FA50_REF::DoR_SCM::fig::16,4,10.1016/j.conbuildmat.2026.145911,3.0,fly_ash,unknown,3.0,7.353846792999678,0.0,19.5732914566175,6.434458005759698,8.920193708230432,0.0,21.341332684450062,591.8073019847099,True
10.1016/j.conbuildmat.2026.145911::mix_FA50_REF::DoR_SCM::fig::17,4,10.1016/j.conbuildmat.2026.145911,7.0,fly_ash,unknown,11.0,10.499355998971605,0.0,24.389519027646198,12.353570563840433,12.00816978656935,0.0,25.483243635347122,608.9316926904074,True
10.1016/j.conbuildmat.2026.145911::mix_FA50_REF::DoR_SCM::fig::18,4,10.1016/j.conbuildmat.2026.145911,28.0,fly_ash,unknown,18.0,17.38271531228335,0.0,37.0837347596492,22.83206314173367,20.941610185559075,6.586514790487232,35.18790890554469,626.532204724393,True
10.1016/j.conbuildmat.2026.145911::mix_FA50_REF::DoR_SCM::fig::19,4,10.1016/j.conbuildmat.2026.145911,90.0,fly_ash,unknown,25.0,24.752107634959728,2.208663706591332,50.70961055621664,33.704031593961,29.715354472924144,14.261783434146038,46.77730611774758,592.7635054007052,True
10.1016/j.conbuildmat.2026.145911::mix_FA50_REF::DoR_SCM::fig::20,4,10.1016/j.conbuildmat.2026.145911,180.0,fly_ash,unknown,28.0,28.739023292911,4.000622625474528,58.1722604505753,35.403139538586245,35.30286322762754,17.945269153248653,53.15802197844322,614.8582845109855,True
10.1016/j.conbuildmat.2026.145911::mix_FA50_REF::DoR_SCM::fig::21,4,10.1016/j.conbuildmat.2026.145911,360.0,fly_ash,unknown,30.0,31.876859303765535,4.928098766763404,64.74267663229992,37.71123274235068,38.286806199662195,20.203907277310243,57.37979232458907,593.2144546549107,True
10.1016/j.conbuildmat.2026.145911::mix_FA50_0225pct::DoR_SCM::fig::22,4,10.1016/j.conbuildmat.2026.145911,1.0,fly_ash,unknown,0.5,5.739572064925891,0.0,16.255866571932057,4.201774426883549,6.153575183740095,0.0,16.759640970241275,609.5029500891833,True
10.1016/j.conbuildmat.2026.145911::mix_FA50_0225pct::DoR_SCM::fig::23,4,10.1016/j.conbuildmat.2026.145911,3.0,fly_ash,unknown,1.0,7.68237711274833,0.0,19.84147730762465,6.434458005759698,8.387413848307267,0.0,20.131430552308434,599.2294325544372,True
10.1016/j.conbuildmat.2026.145911::mix_FA50_0225pct::DoR_SCM::fig::24,4,10.1016/j.conbuildmat.2026.145911,7.0,fly_ash,unknown,3.0,10.426294397691699,0.0,25.089775307807436,12.353570563840433,12.723823857702977,0.0,25.5152267486765,594.6868178941182,True
10.1016/j.conbuildmat.2026.145911::mix_FA50_0225pct::DoR_SCM::fig::25,4,10.1016/j.conbuildmat.2026.145911,28.0,fly_ash,unknown,6.0,16.949091043570665,0.0,37.017640693844626,22.83206314173367,20.863611851822935,7.044303343721995,34.756525067290845,608.8046671288972,True
10.1016/j.conbuildmat.2026.145911::mix_FA50_0225pct::DoR_SCM::fig::26,4,10.1016/j.conbuildmat.2026.145911,90.0,fly_ash,unknown,17.0,24.56108217066452,3.2690426862420834,49.55649418589971,33.704031593961,30.057476104998937,13.805930196501976,45.417491161354505,615.8665572643711,True
10.1016/j.conbuildmat.2026.145911::mix_FA50_0225pct::DoR_SCM::fig::27,4,10.1016/j.conbuildmat.2026.145911,180.0,fly_ash,unknown,22.0,28.31221292180851,3.4794825919063266,59.26455079160758,35.403139538586245,35.42148397896828,17.752489717119897,53.31029423415519,607.0015989873275,True
10.1016/j.conbuildmat.2026.145911::mix_FA50_0225pct::DoR_SCM::fig::28,4,10.1016/j.conbuildmat.2026.145911,360.0,fly_ash,unknown,25.0,30.864662064172244,3.598343783969196,63.11217879470087,37.71123274235068,39.18452934753864,20.976522395063924,56.68548923607819,601.403387673323,True
10.1016/j.conbuildmat.2026.145911::mix_SL30_REF::DoR_SCM::fig::29,4,10.1016/j.conbuildmat.2026.145911,1.0,slag,unknown,10.0,11.13096704912126,0.0,25.150212396106106,16.01844747062753,11.89652926929451,0.0,24.39400484035829,534.4421776624267,True
10.1016/j.conbuildmat.2026.145911::mix_SL30_REF::DoR_SCM::fig::30,4,10.1016/j.conbuildmat.2026.145911,3.0,slag,unknown,28.0,17.206896942107768,0.9978774740548544,34.393079015282964,19.52058584373857,19.3733602872643,6.686513379039423,32.01041056418448,522.4923952665822,True
10.1016/j.conbuildmat.2026.145911::mix_SL30_REF::DoR_SCM::fig::31,4,10.1016/j.conbuildmat.2026.145911,7.0,slag,unknown,43.0,23.765516943157817,4.16324026185217,42.88255608992988,31.020244062436944,27.25876378892023,13.765018838329159,40.49360182840595,521.705115199951,True
10.1016/j.conbuildmat.2026.145911::mix_SL30_REF::DoR_SCM::fig::32,4,10.1016/j.conbuildmat.2026.145911,28.0,slag,unknown,58.0,36.560700524825926,10.757540270876142,61.34451486940993,42.847814256066286,41.472776013288225,26.986931952902754,56.32794623353574,543.0285775143174,True
10.1016/j.conbuildmat.2026.145911::mix_SL30_REF::DoR_SCM::fig::33,4,10.1016/j.conbuildmat.2026.145911,90.0,slag,unknown,64.0,48.00301836490156,17.010903795275198,78.56076237747199,51.09666565371124,51.976876971775425,36.54759691119869,68.05044430620448,559.583513469463,True
10.1016/j.conbuildmat.2026.145911::mix_SL30_REF::DoR_SCM::fig::34,4,10.1016/j.conbuildmat.2026.145911,180.0,slag,unknown,70.0,50.873839465890846,16.32424551941894,83.19839502023319,54.70313047413045,56.359150990622766,39.32345802291348,73.65205223506075,538.3632080736251,True
10.1016/j.conbuildmat.2026.145911::mix_SL30_REF::DoR_SCM::fig::35,4,10.1016/j.conbuildmat.2026.145911,360.0,slag,unknown,76.0,51.59717252979235,18.22851585968691,82.7875594478218,57.073748712294964,58.07963472239404,41.37417803127048,75.13920062168746,550.0341177957138,True
10.1016/j.conbuildmat.2026.145911::mix_SL30_0225pct::DoR_SCM::fig::36,4,10.1016/j.conbuildmat.2026.145911,1.0,slag,unknown,1.0,11.148413666707295,0.0,24.937180248387154,16.01844747062753,12.291717667429534,0.0,24.532716577020462,555.001991327402,True
10.1016/j.conbuildmat.2026.145911::mix_SL30_0225pct::DoR_SCM::fig::37,4,10.1016/j.conbuildmat.2026.145911,3.0,slag,unknown,7.0,17.771696616752806,1.7403566414105607,33.353212513808565,19.52058584373857,19.65660755801801,6.7248169095333035,32.894576411161296,541.3922972697417,True
10.1016/j.conbuildmat.2026.145911::mix_SL30_0225pct::DoR_SCM::fig::38,4,10.1016/j.conbuildmat.2026.145911,7.0,slag,unknown,20.0,23.479732939088553,4.257003863694124,43.3406727191756,31.020244062436944,26.710352948166612,12.90594886551957,40.561751377651866,525.8736849669639,True
10.1016/j.conbuildmat.2026.145911::mix_SL30_0225pct::DoR_SCM::fig::39,4,10.1016/j.conbuildmat.2026.145911,28.0,slag,unknown,52.0,37.39775082367241,11.92599113570041,61.70519492728327,42.847814256066286,41.66979701505877,27.20544164668859,55.86150544990467,560.8388024490627,True
10.1016/j.conbuildmat.2026.145911::mix_SL30_0225pct::DoR_SCM::fig::40,4,10.1016/j.conbuildmat.2026.145911,90.0,slag,unknown,59.0,47.15021767236653,18.038070129298912,76.97146922585728,51.09666565371124,51.842902174215624,35.8277428254819,67.92216281408366,526.0365487560529,True
10.1016/j.conbuildmat.2026.145911::mix_SL30_0225pct::DoR_SCM::fig::41,4,10.1016/j.conbuildmat.2026.145911,180.0,slag,unknown,64.0,49.61409789153052,15.318001854617545,81.51491436354002,54.70313047413045,56.63463338516403,40.060131787399925,73.60263335354446,520.8754620039583,True
10.1016/j.conbuildmat.2026.145911::mix_SL30_0225pct::DoR_SCM::fig::42,4,10.1016/j.conbuildmat.2026.145911,360.0,slag,unknown,76.0,51.88009807210311,16.551106203733095,85.63508032048166,57.073748712294964,58.25924079553089,41.409934019116776,75.29175931818492,539.4653595271603,True
10.1016/j.conbuildmat.2026.145911::mix_SL50_REF::DoR_SCM::fig::43,4,10.1016/j.conbuildmat.2026.145911,1.0,slag,unknown,20.0,10.956610229487923,0.0,24.565002455710307,8.879037867838475,9.965953255073263,0.0,21.897598910447922,517.3864404520543,True
10.1016/j.conbuildmat.2026.145911::mix_SL50_REF::DoR_SCM::fig::44,4,10.1016/j.conbuildmat.2026.145911,3.0,slag,unknown,36.0,16.93427050177206,1.0711307795466478,33.36226404847011,12.070955285515046,15.8178887113815,3.062619947572869,29.32491393844184,521.0449206782165,True
10.1016/j.conbuildmat.2026.145911::mix_SL50_REF::DoR_SCM::fig::45,4,10.1016/j.conbuildmat.2026.145911,7.0,slag,unknown,49.0,22.741604668022447,3.478798825660969,42.98597739204203,22.788071231438728,21.345237952759152,7.588992315182935,34.42143957102371,514.6575223130878,True
10.1016/j.conbuildmat.2026.145911::mix_SL50_REF::DoR_SCM::fig::46,4,10.1016/j.conbuildmat.2026.145911,28.0,slag,unknown,59.0,34.582981907545,8.78196121437757,61.84091215913789,32.70437608743921,32.52854186782383,18.224981290606273,47.49853856963436,535.1660035073239,True
10.1016/j.conbuildmat.2026.145911::mix_SL50_REF::DoR_SCM::fig::47,4,10.1016/j.conbuildmat.2026.145911,90.0,slag,unknown,64.0,42.951995941398586,13.238223474157785,73.71639036788353,39.86780251246781,40.57768709536818,23.850539393297417,57.28201669156013,543.4242138231887,True
10.1016/j.conbuildmat.2026.145911::mix_SL50_REF::DoR_SCM::fig::48,4,10.1016/j.conbuildmat.2026.145911,180.0,slag,unknown,69.0,45.890147617430536,15.911245475409759,78.0096218949007,43.70913000501789,43.52686749803245,26.202790332090906,60.50016019834291,556.8606097531749,True
10.1016/j.conbuildmat.2026.145911::mix_SL50_REF::DoR_SCM::fig::49,4,10.1016/j.conbuildmat.2026.145911,360.0,slag,unknown,76.0,46.081004370066466,13.336803180634407,79.52017017916086,46.05519640145847,44.42615212950782,27.1545161465501,61.6259174280011,541.5005862145922,True
10.1016/j.conbuildmat.2026.145911::mix_SL50_0225pct::DoR_SCM::fig::50,4,10.1016/j.conbuildmat.2026.145911,1.0,slag,unknown,0.5,11.36982294124086,0.0,25.090125118598017,8.879037867838475,10.003604155962858,0.0,21.454494741776983,533.1179761452951,True
10.1016/j.conbuildmat.2026.145911::mix_SL50_0225pct::DoR_SCM::fig::51,4,10.1016/j.conbuildmat.2026.145911,3.0,slag,unknown,4.0,16.447220211589624,0.0,33.030679366862074,12.070955285515046,15.451377981250983,2.2150038514055863,28.58300864810258,526.1817676801693,True
10.1016/j.conbuildmat.2026.145911::mix_SL50_0225pct::DoR_SCM::fig::52,4,10.1016/j.conbuildmat.2026.145911,7.0,slag,unknown,17.0,22.99857811879537,3.5502850927685317,42.87616244623408,22.788071231438728,21.314574890540758,7.692821894940955,35.30059597699366,527.6078305604183,True
10.1016/j.conbuildmat.2026.145911::mix_SL50_0225pct::DoR_SCM::fig::53,4,10.1016/j.conbuildmat.2026.145911,28.0,slag,unknown,50.0,34.77879639941024,9.752612927568519,60.889696511994664,32.70437608743921,32.418539190142376,17.997428392330896,47.246474912136144,558.094224702497,True
10.1016/j.conbuildmat.2026.145911::mix_SL50_0225pct::DoR_SCM::fig::54,4,10.1016/j.conbuildmat.2026.145911,90.0,slag,unknown,61.0,43.38043427564852,12.595071703370357,74.91446509665204,39.86780251246781,39.972211393807775,23.54576539882377,56.85325471333466,508.09697180711527,True
10.1016/j.conbuildmat.2026.145911::mix_SL50_0225pct::DoR_SCM::fig::55,4,10.1016/j.conbuildmat.2026.145911,180.0,slag,unknown,73.0,46.675887284552545,14.597297984423188,79.188895397733,43.70913000501789,43.39280997509081,26.676281550583507,60.567273487994115,553.1900875264884,True
10.1016/j.conbuildmat.2026.145911::mix_SL50_0225pct::DoR_SCM::fig::56,4,10.1016/j.conbuildmat.2026.145911,360.0,slag,unknown,77.0,46.223194787502216,12.267392447693378,81.30988208291257,46.05519640145847,44.236658611166675,27.664686239981517,60.754001024298155,545.8850346244242,True
10.1016/j.cemconres.2010.01.008::mix_1::DoR_SCM::fig::10,4,10.1016/j.cemconres.2010.01.008,3.0,slag,unknown,28.0,16.662463629911485,0.2590470239166061,33.181701578502754,15.061372664505269,16.975083078676064,3.8713490385160445,29.820085755833592,540.693862281483,True
10.1016/j.cemconres.2010.01.008::mix_1::DoR_SCM::fig::11,4,10.1016/j.cemconres.2010.01.008,7.0,slag,unknown,35.0,22.527991509479254,4.015061523849869,41.514556597076016,25.41303516259647,22.716624018195375,8.472186683984834,36.39218157198136,538.9277660999131,True
10.1016/j.cemconres.2010.01.008::mix_1::DoR_SCM::fig::12,4,10.1016/j.cemconres.2010.01.008,28.0,slag,unknown,44.0,34.92501130556566,10.252025957457821,59.42888275688873,37.74321405778301,35.417982722336156,19.725612600763128,50.21720327611337,550.7612012128228,True
10.1016/j.cemconres.2010.01.008::mix_3::DoR_SCM::fig::14,4,10.1016/j.cemconres.2010.01.008,3.0,slag,unknown,30.0,16.653716069238104,0.6638250794745998,32.60444295505315,15.061372664505269,16.389794916370736,2.857690404890328,29.443325117947825,553.891742526172,True
10.1016/j.cemconres.2010.01.008::mix_3::DoR_SCM::fig::15,4,10.1016/j.cemconres.2010.01.008,7.0,slag,unknown,37.0,22.544124943312703,4.487287808142981,41.644303758994,25.41303516259647,22.93468272213385,9.983516155891751,36.27084397447588,532.7737834495007,True
10.1016/j.cemconres.2010.01.008::mix_3::DoR_SCM::fig::16,4,10.1016/j.cemconres.2010.01.008,28.0,slag,unknown,55.0,35.08588705230218,8.513005511243318,60.83715059044101,37.74321405778301,35.71297806120098,21.23836749158749,49.82310060293532,561.1905498305516,True
10.1016/j.conbuildmat.2015.05.117::POF20-0.4::DoR_SCM::fig::1,4,10.1016/j.conbuildmat.2015.05.117,1.0,fly_ash,unknown,3.0,6.0221233516740424,0.0,16.86253096203003,1.7822916522796521,5.756439214929982,0.0,15.841460504736636,713.9639672979412,True
10.1016/j.conbuildmat.2015.05.117::POF20-0.4::DoR_SCM::fig::2,4,10.1016/j.conbuildmat.2015.05.117,3.0,fly_ash,unknown,5.0,8.218575917860164,0.0,20.727948031888044,4.1030040892367845,7.891098897804083,0.0,19.560509460459137,731.3993642084131,True
10.1016/j.conbuildmat.2015.05.117::POF20-0.4::DoR_SCM::fig::3,4,10.1016/j.conbuildmat.2015.05.117,7.0,fly_ash,unknown,8.0,11.096716446797819,0.0,25.470057191815403,9.578122894757497,10.405249171525867,0.0,23.038207498783578,739.54435454706,True
10.1016/j.conbuildmat.2015.05.117::POF20-0.4::DoR_SCM::fig::5,4,10.1016/j.conbuildmat.2015.05.117,90.0,fly_ash,unknown,17.0,27.312623608284866,4.667051648423447,51.917196592765215,28.317742882384895,26.280777849524604,10.380555203967237,42.22159284125504,746.3583630828322,True
10.1016/j.conbuildmat.2015.05.117::PGF20-0.4::DoR_SCM::fig::6,4,10.1016/j.conbuildmat.2015.05.117,1.0,fly_ash,unknown,5.0,5.998164408891751,0.0,18.08130456224593,0.03106511203009171,5.1715686899617905,0.0,16.086865654604434,717.4444170110287,True
10.1016/j.conbuildmat.2015.05.117::PGF20-0.4::DoR_SCM::fig::8,4,10.1016/j.conbuildmat.2015.05.117,7.0,fly_ash,unknown,15.0,11.585493847327243,0.0,25.929894332503512,7.566218495430248,9.749033647076539,0.0,21.588118819954662,712.5190913215308,True
10.1016/j.conbuildmat.2015.05.117::PGF20-0.4::DoR_SCM::fig::9,4,10.1016/j.conbuildmat.2015.05.117,28.0,fly_ash,unknown,27.0,19.282880583836317,0.7426252956760979,38.48579274272497,14.197169999433724,15.782809743024893,1.9003632084473419,29.612365906855363,723.3254053692895,True
10.1016/j.conbuildmat.2015.05.117::PGF20-0.4::DoR_SCM::fig::10,4,10.1016/j.conbuildmat.2015.05.117,90.0,fly_ash,unknown,34.0,27.35509790369937,4.74251642027516,52.2900475161214,25.084318673296682,23.27207812699083,7.790599236834366,38.59033051440055,733.1896577217823,True
10.1016/j.conbuildmat.2015.05.117::POF40-0.4::DoR_SCM::fig::11,4,10.1016/j.conbuildmat.2015.05.117,1.0,fly_ash,unknown,1.0,5.549982401584865,0.0,16.42445232231063,1.3203972201373666,5.120849548588347,0.0,15.66420808641646,749.1330845282857,True
10.1016/j.conbuildmat.2015.05.117::POF40-0.4::DoR_SCM::fig::12,4,10.1016/j.conbuildmat.2015.05.117,3.0,fly_ash,unknown,2.0,7.807884118130902,0.0,20.333384365034032,3.641109657094495,7.258953582629368,0.0,19.421904741480517,744.1858501913034,True
10.1016/j.conbuildmat.2015.05.117::POF40-0.4::DoR_SCM::fig::13,4,10.1016/j.conbuildmat.2015.05.117,7.0,fly_ash,unknown,4.0,10.630690722085543,0.0,25.32642044886366,8.421453870970826,9.651751200885625,0.0,22.64249191767541,731.4022298599881,True
10.1016/j.conbuildmat.2015.05.117::POF40-0.4::DoR_SCM::fig::15,4,10.1016/j.conbuildmat.2015.05.117,90.0,fly_ash,unknown,15.0,25.932333372032716,3.557178165657999,52.71409190413343,25.39461703974939,22.913422344128556,7.3554918980848685,39.033934808139435,732.6785041088133,True
10.1016/j.conbuildmat.2015.05.117::PGF40-0.4::DoR_SCM::fig::16,4,10.1016/j.conbuildmat.2015.05.117,1.0,fly_ash,unknown,3.0,5.522786222320289,0.0,16.61539351631704,0.0,5.163973340813033,0.0,15.797084770918065,748.8347269540127,True
10.1016/j.conbuildmat.2015.05.117::PGF40-0.4::DoR_SCM::fig::17,4,10.1016/j.conbuildmat.2015.05.117,3.0,fly_ash,unknown,6.0,7.696524325220386,0.0,20.466476211400654,1.794546957915631,6.652456017878851,0.0,18.14069302819126,762.8292521569821,True
10.1016/j.conbuildmat.2015.05.117::PGF40-0.4::DoR_SCM::fig::18,4,10.1016/j.conbuildmat.2015.05.117,7.0,fly_ash,unknown,11.0,10.633189977858468,0.0,25.265399369320757,6.412614111990531,8.518102681918263,0.0,21.275439844722857,752.1864999606121,True
10.1016/j.conbuildmat.2015.05.117::PGF40-0.4::DoR_SCM::fig::19,4,10.1016/j.conbuildmat.2015.05.117,28.0,fly_ash,unknown,22.0,17.04617072732569,0.0,37.12540315651999,12.101615015817254,14.092022118565716,0.6895093858571649,28.27408873014761,755.0665579136867,True
10.1016/j.conbuildmat.2015.05.117::PGF40-0.4::DoR_SCM::fig::20,4,10.1016/j.conbuildmat.2015.05.117,90.0,fly_ash,unknown,30.0,24.946868872144545,2.664855168033308,48.652534599236425,22.164257471008124,20.65093569071491,5.962449220380739,36.125452946394155,745.5024288745994,True
10.1016/j.conbuildmat.2015.05.117::POF20-0.3::DoR_SCM::fig::21,4,10.1016/j.conbuildmat.2015.05.117,1.0,fly_ash,unknown,2.0,5.452104869746635,0.0,15.920762815425753,0.0,4.828598104608756,0.0,15.625354955662736,775.0382184913416,True
10.1016/j.conbuildmat.2015.05.117::POF20-0.3::DoR_SCM::fig::22,4,10.1016/j.conbuildmat.2015.05.117,3.0,fly_ash,unknown,4.0,7.362505206631265,0.0,20.143710252107798,1.2767922321242975,6.624430164593204,0.0,18.23129239391416,799.0933444529504,True
10.1016/j.conbuildmat.2015.05.117::POF20-0.3::DoR_SCM::fig::23,4,10.1016/j.conbuildmat.2015.05.117,7.0,fly_ash,unknown,6.0,10.185176176342004,0.0,24.11430339292016,6.315552297506111,8.201818379713607,0.0,20.302639868599385,767.1520359737926,True
10.1016/j.conbuildmat.2015.05.117::POF20-0.3::DoR_SCM::fig::24,4,10.1016/j.conbuildmat.2015.05.117,28.0,fly_ash,unknown,9.0,16.119911757186316,0.0,33.9909159093626,12.549789545743678,13.736589241719205,0.0,27.442194327109743,781.3985479512456,True
10.1016/j.conbuildmat.2015.05.117::POF20-0.3::DoR_SCM::fig::25,4,10.1016/j.conbuildmat.2015.05.117,90.0,fly_ash,unknown,17.0,23.61569467116912,2.834865606994579,48.34100016155434,22.127836615832116,20.27119905248173,4.686212860253645,36.512464711717776,768.2255796195122,True
10.1016/j.conbuildmat.2015.05.117::PGF20-0.3::DoR_SCM::fig::26,4,10.1016/j.conbuildmat.2015.05.117,1.0,fly_ash,unknown,4.0,5.471238109766807,0.0,17.177305576863105,0.0,4.84197550991774,0.0,14.936619570054557,805.7623625745313,True
10.1016/j.conbuildmat.2015.05.117::PGF20-0.3::DoR_SCM::fig::27,4,10.1016/j.conbuildmat.2015.05.117,3.0,fly_ash,unknown,8.0,7.560125157759281,0.0,19.58676406498951,0.0,6.200248658515655,0.0,18.14393819404559,747.0378763061641,True
10.1016/j.conbuildmat.2015.05.117::PGF20-0.3::DoR_SCM::fig::28,4,10.1016/j.conbuildmat.2015.05.117,7.0,fly_ash,unknown,14.0,9.711682568643615,0.0,23.96811025755828,4.410925059947641,7.705118385270088,0.0,20.271260233257458,756.0879949910961,True
10.1016/j.conbuildmat.2015.05.117::PGF20-0.3::DoR_SCM::fig::29,4,10.1016/j.conbuildmat.2015.05.117,28.0,fly_ash,unknown,27.0,16.699766156418395,0.0,34.875128442895566,10.436860626049977,12.616762727979598,0.0,26.3669861407935,749.00380132071,True
10.1016/j.conbuildmat.2015.05.117::PGF20-0.3::DoR_SCM::fig::30,4,10.1016/j.conbuildmat.2015.05.117,90.0,fly_ash,unknown,34.0,23.974491750421283,2.4498141725720157,48.154553125151544,19.24020374299687,18.365436308051223,2.1079837598777242,34.172686469345265,783.1461344971086,True
10.1016/j.conbuildmat.2015.05.117::POF40-0.3::DoR_SCM::fig::31,4,10.1016/j.conbuildmat.2015.05.117,1.0,fly_ash,unknown,1.0,5.328154301208524,0.0,16.894617384583608,0.0,4.7228952377964175,0.0,15.477650071087023,794.1301560418052,True
10.1016/j.conbuildmat.2015.05.117::POF40-0.3::DoR_SCM::fig::32,4,10.1016/j.conbuildmat.2015.05.117,3.0,fly_ash,unknown,2.0,7.444690406559724,0.0,20.49616096234392,1.8221292339828736,6.290434889163809,0.0,17.78066062532329,804.9898498792016,True
10.1016/j.conbuildmat.2015.05.117::POF40-0.3::DoR_SCM::fig::33,4,10.1016/j.conbuildmat.2015.05.117,7.0,fly_ash,unknown,3.0,9.432879860039684,0.0,23.305268364955147,6.166114707720303,8.144782153473644,0.0,20.076999430435492,811.2727007910812,True
10.1016/j.conbuildmat.2015.05.117::POF40-0.3::DoR_SCM::fig::34,4,10.1016/j.conbuildmat.2015.05.117,28.0,fly_ash,unknown,6.0,15.416905344180899,0.0,35.23360855471317,11.721380017333747,13.131733843146327,0.0,27.05039821263922,791.1255419661296,True
10.1016/j.conbuildmat.2015.05.117::POF40-0.3::DoR_SCM::fig::35,4,10.1016/j.conbuildmat.2015.05.117,90.0,fly_ash,unknown,15.0,22.13239291869264,1.08346222842096,46.93252418226027,20.7151696939869,18.480870933326205,3.127718218762245,34.07704663919374,793.2542449042571,True
10.1016/j.conbuildmat.2015.05.117::PGF40-0.3::DoR_SCM::fig::36,4,10.1016/j.conbuildmat.2015.05.117,1.0,fly_ash,unknown,2.0,5.180428699854183,0.0,16.219338774731312,0.0,4.680777901792702,0.0,15.039263543048058,792.1810158246793,True
10.1016/j.conbuildmat.2015.05.117::PGF40-0.3::DoR_SCM::fig::37,4,10.1016/j.conbuildmat.2015.05.117,3.0,fly_ash,unknown,5.0,6.750884626251726,0.0,19.162857478375344,0.0,5.920773402902489,0.0,17.77642665229709,787.6361407125297,True
10.1016/j.conbuildmat.2015.05.117::PGF40-0.3::DoR_SCM::fig::38,4,10.1016/j.conbuildmat.2015.05.117,7.0,fly_ash,unknown,10.0,8.998227231594626,0.0,22.844171370190892,4.264552110508783,7.968336529253291,0.0,20.334873313157566,811.1595927844448,True
10.1016/j.conbuildmat.2015.05.117::PGF40-0.3::DoR_SCM::fig::39,4,10.1016/j.conbuildmat.2015.05.117,28.0,fly_ash,unknown,20.0,15.344681611074835,0.0,33.1517043438296,9.611515737986997,11.890529769610643,0.0,25.908419825080227,809.3427295542249,True
10.1016/j.conbuildmat.2015.05.117::PGF40-0.3::DoR_SCM::fig::40,4,10.1016/j.conbuildmat.2015.05.117,90.0,fly_ash,unknown,31.0,21.63544866649916,0.0,46.44049203563633,17.8306014614986,16.529272924538247,1.2722938660865326,31.361400813056207,796.6387419464679,True
10.1016/j.conbuildmat.2026.146008::1.5FAC-2.5CS-1.0SS::DoR_SCM::fig::2,4,10.1016/j.conbuildmat.2026.146008,2.0,slag,unknown,27.0,13.419185083980661,0.0,29.291946946211663,12.155174780887204,12.037210693294325,0.0,24.662346575889806,548.2031777441973,True
10.1016/j.conbuildmat.2026.146008::1.5FAC-2.5CS-1.0SS::DoR_SCM::fig::3,4,10.1016/j.conbuildmat.2026.146008,3.0,slag,unknown,29.0,15.24122286585446,0.0,31.811370824772762,14.156790384280153,14.345937069371509,0.7237833896335573,27.357671005029594,565.9424621122326,True
10.1016/j.conbuildmat.2026.146008::1.5FAC-2.5CS-1.0SS::DoR_SCM::fig::4,4,10.1016/j.conbuildmat.2026.146008,7.0,slag,unknown,32.0,20.655488130052994,1.745976875198641,41.78418614095642,21.48999430259236,19.509183974150417,5.227763703395375,33.13157417742784,517.1972173618302,True
10.1016/j.conbuildmat.2026.146008::1.5FAC-2.5CS-1.0SS::DoR_SCM::fig::5,4,10.1016/j.conbuildmat.2026.146008,28.0,slag,unknown,35.0,31.140311765528427,4.370010481112425,58.26220358391296,29.695440629720853,28.4639250746348,14.04695924440634,43.49511867759126,550.9495939274273,True
10.1016/j.conbuildmat.2026.146008::1.5FAC-2.5CS-1.0SS::DoR_SCM::fig::6,4,10.1016/j.conbuildmat.2026.146008,60.0,slag,unknown,37.8,35.53836367808023,7.225944857217564,66.41146830569642,31.21087328906336,32.91023026563278,16.636067712270574,48.07014097260568,524.9928435092867,True
10.1016/j.conbuildmat.2026.146008::1.5FAC-2.5CS-1.0SS::DoR_SCM::fig::7,4,10.1016/j.conbuildmat.2026.146008,90.0,slag,unknown,40.0,36.20157367434327,7.370206589393293,69.85488576055042,33.43436560824281,34.7117306633384,18.08260588943654,51.09402781257971,556.076285846777,True
10.1016/j.conbuildmat.2026.146008::2.0FAC-2.0CS-1.0SS::DoR_SCM::fig::9,4,10.1016/j.conbuildmat.2026.146008,2.0,slag,unknown,27.5,12.91109288048213,0.0,28.94608603357628,12.155174780887204,12.34361979578759,0.0,25.13531817739486,563.8025653024088,True
10.1016/j.conbuildmat.2026.146008::2.0FAC-2.0CS-1.0SS::DoR_SCM::fig::10,4,10.1016/j.conbuildmat.2026.146008,3.0,slag,unknown,31.0,15.139185991679351,0.0,31.82728142248479,14.156790384280153,13.998279134065724,1.079922848585996,27.041354529771066,539.1396880267266,True
10.1016/j.conbuildmat.2026.146008::2.0FAC-2.0CS-1.0SS::DoR_SCM::fig::11,4,10.1016/j.conbuildmat.2026.146008,7.0,slag,unknown,37.5,20.96226764075045,0.8286134193493547,40.87631993650859,21.48999430259236,19.580138925782535,6.422149440682818,33.74880927093878,548.23758280999,True
10.1016/j.conbuildmat.2026.146008::2.0FAC-2.0CS-1.0SS::DoR_SCM::fig::12,4,10.1016/j.conbuildmat.2026.146008,28.0,slag,unknown,43.5,31.57347828769247,5.659384830026749,60.344680576552165,29.695440629720853,28.270567092789467,12.557075804642214,43.34364873993236,542.1922661757609,True
10.1016/j.conbuildmat.2026.146008::2.0FAC-2.0CS-1.0SS::DoR_SCM::fig::13,4,10.1016/j.conbuildmat.2026.146008,60.0,slag,unknown,51.0,35.403028311883446,7.046814736522396,67.37778749874116,31.21087328906336,33.156150574072434,18.02592146384526,48.985542878005305,534.4569050879494,True
10.1016/j.conbuildmat.2026.146008::2.0FAC-2.0CS-1.0SS::DoR_SCM::fig::14,4,10.1016/j.conbuildmat.2026.146008,90.0,slag,unknown,54.5,37.191212458625856,7.188249219539811,68.59347453648917,33.43436560824281,35.03246527686197,19.334832258969403,50.87082345451464,553.5874932994789,True
10.1016/j.conbuildmat.2026.146008::2.5FAC-1.5CS-1.0SS::DoR_SCM::fig::16,4,10.1016/j.conbuildmat.2026.146008,2.0,slag,unknown,28.0,13.267905375352536,0.0,29.131976629876583,12.155174780887204,11.929389769225951,0.0,24.953952875796865,536.9654500626476,True
10.1016/j.conbuildmat.2026.146008::2.5FAC-1.5CS-1.0SS::DoR_SCM::fig::17,4,10.1016/j.conbuildmat.2026.146008,3.0,slag,unknown,34.0,15.245296673292872,0.0,33.78859481765374,14.156790384280153,14.137847391119806,0.7819976300132273,27.03170843099291,532.9180357986486,True
10.1016/j.conbuildmat.2026.146008::2.5FAC-1.5CS-1.0SS::DoR_SCM::fig::18,4,10.1016/j.conbuildmat.2026.146008,7.0,slag,unknown,41.0,20.71114508470324,2.029364717197876,41.910148952406026,21.48999430259236,19.253099470204713,5.283571625818821,32.96010549641502,521.9215816717071,True
10.1016/j.conbuildmat.2026.146008::2.5FAC-1.5CS-1.0SS::DoR_SCM::fig::19,4,10.1016/j.conbuildmat.2026.146008,28.0,slag,unknown,50.0,30.767926636595853,5.193432645387889,58.779644667735745,29.695440629720853,28.342520571347613,13.365342210137054,43.28273282013993,550.5468168264421,True
10.1016/j.conbuildmat.2026.146008::2.5FAC-1.5CS-1.0SS::DoR_SCM::fig::20,4,10.1016/j.conbuildmat.2026.146008,60.0,slag,unknown,57.0,35.00793662432423,6.664583434658221,67.5741757497616,31.21087328906336,33.26457060893979,17.906645904332493,48.81769337621031,541.4102165916602,True
10.1016/j.conbuildmat.2026.146008::2.5FAC-1.5CS-1.0SS::DoR_SCM::fig::21,4,10.1016/j.conbuildmat.2026.146008,90.0,slag,unknown,63.0,38.0820082364957,8.705770347197891,70.0626585687894,33.43436560824281,34.95342151411872,18.46563486853716,51.20556272087539,558.2155196256368,True
10.1016/j.conbuildmat.2026.146787::CMAS-Si::DoR_SCM::fig::2,4,10.1016/j.conbuildmat.2026.146787,3.0,slag,unknown,18.5,16.915619569675258,1.3474711644868351,33.77439046338097,14.720545918236802,13.940922679949038,0.6168765428884034,27.20762957872917,530.0309007680222,True
10.1016/j.conbuildmat.2026.146787::CMAS-Si::DoR_SCM::fig::3,4,10.1016/j.conbuildmat.2026.146787,7.0,slag,unknown,19.0,23.438572984885443,3.545500670597725,42.436164348139904,19.970335656178225,19.715545610108748,5.359143904031507,32.60506828413042,517.7050407456674,True
10.1016/j.conbuildmat.2026.146787::CMAS-Si::DoR_SCM::fig::4,4,10.1016/j.conbuildmat.2026.146787,28.0,slag,unknown,25.5,34.83708134589808,7.677008976028283,61.42071446025491,29.415739438117548,29.82400454098224,14.47872620856984,45.16210942854384,493.9109409927686,True
10.1016/j.conbuildmat.2026.146787::CMAS::DoR_SCM::fig::6,4,10.1016/j.conbuildmat.2026.146787,3.0,slag,unknown,23.5,16.538769178698075,0.0,32.58551112705247,14.720545918236802,14.14416774333583,1.1246424813889448,26.800713204087668,537.7696819183137,True
10.1016/j.conbuildmat.2026.146787::CMAS::DoR_SCM::fig::7,4,10.1016/j.conbuildmat.2026.146787,7.0,slag,unknown,30.5,23.46277185677167,4.578920032121978,42.18503297182351,19.970335656178225,19.066424352770202,5.040784632398201,32.82841934020984,510.83512366175233,True
10.1016/j.conbuildmat.2026.146787::CMAS::DoR_SCM::fig::8,4,10.1016/j.conbuildmat.2026.146787,28.0,slag,unknown,33.0,35.81678603326652,9.372444580218541,61.78844321966964,29.415739438117548,29.56640715883084,15.685898700591663,43.68671115105896,492.708588750448,True
10.1016/j.conbuildmat.2026.146787::CMAS-Ti::DoR_SCM::fig::10,4,10.1016/j.conbuildmat.2026.146787,3.0,slag,unknown,25.0,16.846076807866638,0.0,34.21860782575243,14.720545918236802,14.041027023383274,0.9773482696113603,27.15722335731628,521.9706060166885,True
10.1016/j.conbuildmat.2026.146787::CMAS-Ti::DoR_SCM::fig::11,4,10.1016/j.conbuildmat.2026.146787,7.0,slag,unknown,30.0,23.642941063358435,3.1897267672502125,43.47801522072094,19.970335656178225,19.584347641367263,5.618854510230461,33.29745495036359,503.1809814177273,True
10.1016/j.conbuildmat.2026.146787::CMAS-Ti::DoR_SCM::fig::12,4,10.1016/j.conbuildmat.2026.146787,28.0,slag,unknown,32.0,34.914916615463156,8.08610644625129,61.00372777996117,29.415739438117548,29.526393160660906,14.065675681651111,44.140633888672504,504.7241197400132,True
10.1016/j.conbuildmat.2026.146787::CMAS-Mn::DoR_SCM::fig::14,4,10.1016/j.conbuildmat.2026.146787,3.0,slag,unknown,26.0,17.07860572456842,0.6943971005984695,32.43464821655703,14.720545918236802,14.005286651499055,1.2363180498720816,26.588214621016977,509.1744443302648,True
10.1016/j.conbuildmat.2026.146787::CMAS-Mn::DoR_SCM::fig::15,4,10.1016/j.conbuildmat.2026.146787,7.0,slag,unknown,31.0,23.3518822277765,3.707171179262409,42.666617500090375,19.970335656178225,19.51559915364728,5.792340712381303,32.86678961457798,531.5144469055713,True
10.1016/j.conbuildmat.2026.146787::CMAS-Mn::DoR_SCM::fig::16,4,10.1016/j.conbuildmat.2026.146787,28.0,slag,unknown,34.0,35.6342556631569,10.784602479244379,61.44352251533713,29.415739438117548,30.077086880836603,14.917330006761981,44.590823398517585,542.4187980689968,True
10.1016/j.conbuildmat.2026.146787::CMAS-Fe::DoR_SCM::fig::18,4,10.1016/j.conbuildmat.2026.146787,3.0,slag,unknown,25.5,17.20972219141602,0.0,33.466822057914854,14.720545918236802,14.30413342963079,1.3889748071709698,27.12175264165045,504.03063983181124,True
10.1016/j.conbuildmat.2026.146787::CMAS-Fe::DoR_SCM::fig::19,4,10.1016/j.conbuildmat.2026.146787,7.0,slag,unknown,28.5,23.497530604083387,4.524302336110449,42.806827261598364,19.970335656178225,19.23557988435176,6.1881561924804,32.6416248459469,506.49705005234136,True
10.1016/j.conbuildmat.2026.146787::CMAS-Fe::DoR_SCM::fig::20,4,10.1016/j.conbuildmat.2026.146787,28.0,slag,unknown,37.5,35.78483457864597,8.92048386152744,60.46365936577891,29.415739438117548,29.66477935230112,14.35069922605132,44.34540994646005,504.4554745423846,True
10.1016/j.cemconres.2004.10.027::45-2::DoR_SCM::18::dig1929030d,4,10.1016/j.cemconres.2004.10.027,0.042,fly_ash,mass_balance,0.0,5.253170978373588,0.0,22.18145744916405,12.633250704601585,4.861852503526099,0.0,19.948378699855354,687.383097884077,True
10.1016/j.cemconres.2004.10.027::45-2::DoR_SCM::18::dig3ab2bf94,4,10.1016/j.cemconres.2004.10.027,0.417,fly_ash,mass_balance,0.0,6.644773885649546,0.0,23.651413817537755,12.633250704601585,6.751836701092887,0.0,22.945224660486144,679.2804534865995,True
10.1016/j.cemconres.2004.10.027::45-2::DoR_SCM::18::digf4387bd9,4,10.1016/j.cemconres.2004.10.027,2.08,fly_ash,mass_balance,0.0,9.315975538130797,0.0,27.19335640378676,13.73679261020577,9.697840983177041,0.0,27.160121752482816,655.7907345382616,True
10.1016/j.cemconres.2004.10.027::45-2::DoR_SCM::18::dige4363923,4,10.1016/j.cemconres.2004.10.027,6.25,fly_ash,mass_balance,0.0,12.169800748799437,0.0,32.9481815728269,19.190435080135547,13.20737405862559,0.0,31.370243213573755,664.857896217511,True
10.1016/j.cemconres.2004.10.027::45-2::DoR_SCM::18::digb4c666fe,4,10.1016/j.cemconres.2004.10.027,10.42,fly_ash,mass_balance,2.0,15.247404951597112,0.0,36.074504517337516,19.190435080135547,15.880233391910053,0.0,34.65824189540775,663.0569343482855,True
10.1016/j.cemconres.2004.10.027::45-2::DoR_SCM::18::dig49c7315a,4,10.1016/j.cemconres.2004.10.027,20.83,fly_ash,mass_balance,8.0,18.530410591134412,0.0,43.44759636593442,22.06774923126402,19.94794400989783,0.0,40.661891812987584,653.6690240211932,True
10.1016/j.cemconres.2004.10.027::45-2::DoR_SCM::18::diga45d24e9,4,10.1016/j.cemconres.2004.10.027,29.17,fly_ash,mass_balance,15.5,20.4942033170421,0.0,44.93808482818748,24.01039591089091,23.06973455994114,2.445392546194284,43.82845120126691,665.6758623154607,True
10.1016/j.cemconres.2004.10.027::45-2::DoR_SCM::18::digdfe6fcf4,4,10.1016/j.cemconres.2004.10.027,41.67,fly_ash,mass_balance,23.5,23.15505172593714,0.0,49.11475352866462,25.793226786163157,25.940133474129826,5.213661518129566,47.08431543000396,676.8730270221391,True
10.1016/j.cemconres.2004.10.027::45-2::DoR_SCM::18::digfe2b0d2c,4,10.1016/j.cemconres.2004.10.027,83.33,fly_ash,mass_balance,32.5,28.68317453733244,0.0,58.174651957319334,32.94830113830398,31.903935766587697,9.640151186962056,54.110287712580586,652.814495628644,True
10.1016/j.cemconres.2004.10.027::45-2::DoR_SCM::18::digdc8d4b61,4,10.1016/j.cemconres.2004.10.027,166.7,fly_ash,mass_balance,42.0,33.09681185523702,1.51218349937317,64.78736275374459,36.35468203477546,38.19292994044208,15.516223634784204,59.75693800217123,656.6602965833642,True
10.1016/j.cemconres.2004.10.027::45-2::DoR_SCM::18::dig29d5e7c9,4,10.1016/j.cemconres.2004.10.027,291.7,fly_ash,mass_balance,51.0,38.093017151800375,6.175754817356461,72.52860976064062,38.894385105146334,41.86509712049835,18.25929122096108,66.0571832928494,672.6633821046232,True
10.1016/j.cemconres.2004.10.027::45-2::DoR_SCM::18::digc5890de5,4,10.1016/j.cemconres.2004.10.027,416.7,fly_ash,mass_balance,55.0,39.727435143416606,5.435469281061694,76.63149736336415,38.894385105146334,44.156454484784334,20.653740937815407,69.12047475875595,639.9469253788285,True
10.1016/j.cemconres.2004.10.027::45-2::DoR_SCM::18::dig7fa32189,4,10.1016/j.cemconres.2004.10.027,625.0,fly_ash,mass_balance,61.0,40.867482688263145,5.485906429245602,75.85560051325116,38.894385105146334,46.402396896966835,20.93873109985342,72.17310021325447,677.1914604113537,True
10.1016/j.cemconres.2004.10.027::45-3::DoR_SCM::19::dige4424f1b,4,10.1016/j.cemconres.2004.10.027,0.0625,slag,mass_balance,3.0,7.059645699146519,0.0,24.59916197876712,26.643254392352986,6.605342306760773,0.0,21.759767219182933,509.58033665570593,True
10.1016/j.cemconres.2004.10.027::45-3::DoR_SCM::19::dig2695f910,4,10.1016/j.cemconres.2004.10.027,0.208,slag,mass_balance,4.5,7.806266147840224,0.0,25.144282411184303,26.643254392352986,8.777402716912997,0.0,26.34607385336418,491.00851296292046,True
10.1016/j.cemconres.2004.10.027::45-3::DoR_SCM::19::dig643b3e91,4,10.1016/j.cemconres.2004.10.027,0.417,slag,mass_balance,6.0,9.557910314836748,0.0,28.464276400208743,26.643254392352986,10.739481728418905,0.0,28.678107274736867,485.30501933491587,True
10.1016/j.cemconres.2004.10.027::45-3::DoR_SCM::19::digb303c3f6,4,10.1016/j.cemconres.2004.10.027,1.25,slag,mass_balance,9.0,13.55824483408115,0.0,33.417818129085774,27.51625663019712,16.593565287469474,0.0,35.76448675682284,520.5061900084645,True
10.1016/j.cemconres.2004.10.027::45-3::DoR_SCM::19::digd9b14d3f,4,10.1016/j.cemconres.2004.10.027,2.92,slag,mass_balance,13.0,18.27169687346748,0.0,40.15848263561329,29.175790159781258,22.135815532463763,2.022229318805707,42.114834690874694,503.26494168924,True
10.1016/j.cemconres.2004.10.027::45-3::DoR_SCM::19::dig9b4ea1ed,4,10.1016/j.cemconres.2004.10.027,6.25,slag,mass_balance,19.0,24.52147315303677,0.0,48.03198896339583,37.88878486216531,30.00463914661318,9.531018250241432,50.875511959562154,484.33759722543925,True
10.1016/j.cemconres.2004.10.027::45-3::DoR_SCM::19::diga92054aa,4,10.1016/j.cemconres.2004.10.027,12.5,slag,mass_balance,27.0,30.469564865158354,3.637857260609337,55.72791364341732,45.23598915662934,37.862558275254806,16.68035835505634,59.513508161150995,523.5686015239583,True
10.1016/j.cemconres.2004.10.027::45-3::DoR_SCM::19::digf682a5f0,4,10.1016/j.cemconres.2004.10.027,20.83,slag,mass_balance,34.0,37.044642052363244,7.342263525588702,64.83247150218257,48.6379718476831,44.46316656136295,23.558287506665987,64.38908838057287,517.3527671359469,True
10.1016/j.cemconres.2004.10.027::45-3::DoR_SCM::19::dig966cb91f,4,10.1016/j.cemconres.2004.10.027,41.67,slag,mass_balance,44.0,44.58405844053434,12.53227351706435,74.17885640429083,54.10724400354611,53.13383959657395,30.727406548043664,75.64556751919086,543.5915507717457,True
10.1016/j.cemconres.2004.10.027::45-3::DoR_SCM::19::dig0232e79e,4,10.1016/j.cemconres.2004.10.027,83.33,slag,mass_balance,51.0,48.49619655359358,13.736767467335424,81.11605818177887,59.05434522286135,59.34540813213617,36.18483240044273,80.48684481338016,516.3667253807243,True
10.1016/j.cemconres.2004.10.027::45-3::DoR_SCM::19::dige983f13e,4,10.1016/j.cemconres.2004.10.027,166.7,slag,mass_balance,55.5,53.02937853929757,15.172562331809116,87.63107592297348,62.515430235554916,64.64363319524011,42.246810839285494,87.95997074989593,527.2940627600128,True
10.1016/j.cemconres.2004.10.027::45-3::DoR_SCM::19::digd0eec06b,4,10.1016/j.cemconres.2004.10.027,291.7,slag,mass_balance,58.5,55.68833949692015,17.663696911300462,92.846450969283,65.41355311778153,68.03989497942253,44.30802715120391,91.07607732982069,499.51201877293903,True
10.1016/j.cemconres.2004.10.027::45-3::DoR_SCM::19::dig212c0661,4,10.1016/j.cemconres.2004.10.027,416.7,slag,mass_balance,60.5,55.289213440104895,17.320578482110935,91.66599107488884,65.41355311778153,68.59922833591503,45.34916648204707,91.94541363226428,509.663510332112,True
10.1016/j.cemconres.2004.10.027::45-3::DoR_SCM::19::dig6ab48074,4,10.1016/j.cemconres.2004.10.027,625.0,slag,mass_balance,61.5,54.309639158590656,16.823415857601518,91.20069490544155,65.41355311778153,67.64990889335107,46.43555873504915,89.68721948887942,500.66353936234725,True
10.1016/j.cemconres.2004.10.027::45-4::DoR_SCM::20::digdca895a6,4,10.1016/j.cemconres.2004.10.027,0.0625,other,mass_balance,2.8,6.803987845406456,0.0,23.02017112973794,19.506697749492986,6.888889634092475,0.0,23.08340520322311,494.8249719934227,True
10.1016/j.cemconres.2004.10.027::45-4::DoR_SCM::20::digda6a5607,4,10.1016/j.cemconres.2004.10.027,0.417,other,mass_balance,5.0,10.43387847560057,0.0,29.19073158581109,19.506697749492986,10.888749945110398,0.0,29.404960990161513,508.1482180651028,True
10.1016/j.cemconres.2004.10.027::45-4::DoR_SCM::20::dig18d867fc,4,10.1016/j.cemconres.2004.10.027,2.08,other,mass_balance,8.5,18.665708194425687,0.0,40.539600899598334,20.716397210497774,18.992962357872877,0.0,39.73783408456504,477.0980456095936,True
10.1016/j.cemconres.2004.10.027::45-4::DoR_SCM::20::dig754b75e6,4,10.1016/j.cemconres.2004.10.027,6.25,other,mass_balance,13.0,27.267114692480614,1.9780401806472576,52.89086377269941,26.748337981002635,28.459075443413056,7.407483452913131,48.75323972397407,526.2331247703597,True
10.1016/j.cemconres.2004.10.027::45-4::DoR_SCM::20::diga1e8d1bf,4,10.1016/j.cemconres.2004.10.027,12.5,other,mass_balance,19.0,33.32608508051066,4.9803015114517875,63.49804896775627,33.88815006873449,35.023967919831826,14.151262987025577,57.119105141257634,499.67009395178496,True
10.1016/j.cemconres.2004.10.027::45-4::DoR_SCM::20::dig72df7f34,4,10.1016/j.cemconres.2004.10.027,20.83,other,mass_balance,23.5,39.33972392566955,8.6939593357417,71.48115416705221,37.03901292165724,39.212897669171745,18.119231795791695,60.35762030839661,489.58403643269344,True
10.1016/j.cemconres.2004.10.027::45-4::DoR_SCM::20::digf3d14692,4,10.1016/j.cemconres.2004.10.027,41.67,other,mass_balance,33.0,43.36642800648292,9.530260965853131,76.81206697277052,43.9096117809265,44.708326511020154,23.11674774998454,66.4274617630266,508.07036229071144,True
10.1016/j.cemconres.2004.10.027::45-4::DoR_SCM::20::dig07603e28,4,10.1016/j.cemconres.2004.10.027,83.33,other,mass_balance,44.0,47.2497500876565,10.630959665787836,83.49542640102109,49.728592421636854,49.00432797270102,26.5625880840081,71.70027567931386,498.25471720106077,True
10.1016/j.cemconres.2004.10.027::45-4::DoR_SCM::20::dig8a1edc2e,4,10.1016/j.cemconres.2004.10.027,166.7,other,mass_balance,51.0,49.28220296200652,11.979976149015068,84.80074599937863,53.317110648240025,50.997709267250286,29.194360734558384,71.27976069440392,488.23755020268504,True
10.1016/j.cemconres.2004.10.027::45-4::DoR_SCM::20::dig4d0b2647,4,10.1016/j.cemconres.2004.10.027,291.7,other,mass_balance,54.5,50.200596377781814,11.742061712660549,86.55890623043256,56.09889320042706,51.74296533882018,29.218630608398463,74.21996735388277,492.9898698847902,True
10.1016/j.cemconres.2004.10.027::45-4::DoR_SCM::20::dig56e8d868,4,10.1016/j.cemconres.2004.10.027,416.7,other,mass_balance,56.5,49.34353949871712,11.076013760539704,85.57409639288632,56.09889320042706,51.85605312599506,28.30848617778714,75.49282276399761,468.7958261927956,True
10.1016/j.cemconres.2004.10.027::45-4::DoR_SCM::20::dig06db66ba,4,10.1016/j.cemconres.2004.10.027,625.0,other,mass_balance,58.0,50.15212642314235,14.29069026330104,87.15879147420486,56.09889320042706,52.14796690976495,30.28802137774986,73.74198971721047,490.04197383431915,True
10.1016/j.cemconres.2017.05.009::PC-S::DoR_SCM::5::digfe97db60,4,10.1016/j.cemconres.2017.05.009,1.0,slag,SEM_BSE,16.0,11.88513303300718,0.0,32.27718846956419,11.49030602110772,12.1587501572999,0.0,33.19767343144041,550.9264357502839,True
10.1016/j.cemconres.2017.05.009::PC-S::DoR_SCM::5::dig130af071,4,10.1016/j.cemconres.2017.05.009,7.0,slag,SEM_BSE,43.0,23.524532785966226,0.0,49.0232871067556,23.286446951961437,22.6135292934717,0.0,44.52594534528723,542.5720029618224,True
10.1016/j.cemconres.2017.05.009::PC-S::DoR_SCM::5::dig6fb0318e,4,10.1016/j.cemconres.2017.05.009,28.0,slag,SEM_BSE,53.0,35.7281677568079,2.3916403660226284,67.16402204354686,34.3952905830206,34.90725866400066,11.306799236970008,58.12725807733369,512.5093466424489,True
10.1016/j.cemconres.2017.05.009::PC-S::DoR_SCM::5::digf31e8aed,4,10.1016/j.cemconres.2017.05.009,56.0,slag,SEM_BSE,55.5,41.54686665113553,7.098665584409166,76.63742601350093,37.58359521481546,40.06573451493443,16.154253763062936,63.37975024461154,523.7628500841104,True
10.1016/j.cemconres.2017.05.009::PC-S::DoR_SCM::5::digc0475449,4,10.1016/j.cemconres.2017.05.009,90.0,slag,SEM_BSE,58.0,43.49974859277305,7.508328604887477,80.5657781076572,43.22663796739457,43.4524003062493,18.998263647969893,67.93752920123532,520.3693026987162,True
10.1016/j.cemconres.2017.05.009::PC-S::DoR_SCM::5::dig363c2695,4,10.1016/j.cemconres.2017.05.009,365.0,slag,SEM_BSE,67.0,47.79455022047192,9.478427733185999,86.2783159028398,51.52123520207626,47.235734258108494,22.08397820023393,71.35037480927562,537.1286090143005,True
10.1016/j.cemconres.2017.05.009::PC-FA1::DoR_SCM::6::dig69f00cea,4,10.1016/j.cemconres.2017.05.009,1.0,fly_ash,SEM_BSE,4.0,7.481294923392343,0.0,26.122303689475647,8.934018443254644,8.221152399150238,0.0,27.750490026769988,573.4032828798572,True
10.1016/j.cemconres.2017.05.009::PC-FA1::DoR_SCM::6::digd3ce116d,4,10.1016/j.cemconres.2017.05.009,7.0,fly_ash,SEM_BSE,12.0,12.399842365834047,0.0,33.97411332793343,18.39024718588326,13.797351141710386,0.0,35.02426516727123,562.8244573808315,True
10.1016/j.cemconres.2017.05.009::PC-FA1::DoR_SCM::6::dig64bc4362,4,10.1016/j.cemconres.2017.05.009,28.0,fly_ash,SEM_BSE,38.0,18.400426028495442,0.0,44.390029700577664,22.735249467826115,22.03920974541535,0.0,44.886290790253284,607.21869186811,True
10.1016/j.cemconres.2017.05.009::PC-FA1::DoR_SCM::6::digaff2cd72,4,10.1016/j.cemconres.2017.05.009,56.0,fly_ash,SEM_BSE,50.0,22.59090073274405,0.0,50.34576157958107,25.228589096894,26.780195189249337,1.8267668794353364,51.34772398519997,589.7581223243643,True
10.1016/j.cemconres.2017.05.009::PC-FA1::DoR_SCM::6::dig00e97aff,4,10.1016/j.cemconres.2017.05.009,90.0,fly_ash,SEM_BSE,56.0,25.779356192463748,0.0,54.596789031808235,32.81745366080778,31.299615724626104,7.656342520531853,54.75858690712166,584.5567120553443,True
10.1016/j.cemconres.2017.05.009::PC-FA1::DoR_SCM::6::dig0c8586a3,4,10.1016/j.cemconres.2017.05.009,365.0,fly_ash,SEM_BSE,58.0,34.09610233478398,0.0,71.77280366969212,38.78030333356399,41.56560646596258,14.306961612126221,69.44332518237304,589.6457739261854,True
10.1016/j.cemconres.2017.05.009::PC-FA2::DoR_SCM::7::dig48e46163,4,10.1016/j.cemconres.2017.05.009,1.0,fly_ash,SEM_BSE,15.0,7.759686071976953,0.0,26.19535038244747,11.232600527232593,8.52249159952344,0.0,28.437990542521693,544.0329619098992,True
10.1016/j.cemconres.2017.05.009::PC-FA2::DoR_SCM::7::digfebc408a,4,10.1016/j.cemconres.2017.05.009,7.0,fly_ash,SEM_BSE,46.0,12.239010612250267,0.0,33.94602716927044,20.62261071609233,14.836024579307498,0.0,35.93299931208892,548.8633676453846,True
10.1016/j.cemconres.2017.05.009::PC-FA2::DoR_SCM::7::dig4a193e65,4,10.1016/j.cemconres.2017.05.009,28.0,fly_ash,SEM_BSE,61.0,19.13790393215056,0.0,46.251839375427686,24.734333690430667,23.31273540127676,0.0,47.33511932309279,530.9044881076495,True
10.1016/j.cemconres.2017.05.009::PC-FA2::DoR_SCM::7::digb9a1c298,4,10.1016/j.cemconres.2017.05.009,56.0,fly_ash,SEM_BSE,68.0,22.914712866269433,0.0,51.667277066271076,27.34366242538839,29.592808690850553,4.900572774834484,53.09500633013146,538.4224956675738,True
10.1016/j.cemconres.2017.05.009::PC-FA2::DoR_SCM::7::dig3f075eb3,4,10.1016/j.cemconres.2017.05.009,90.0,fly_ash,SEM_BSE,71.0,26.51804510664853,0.0,56.09445096042209,35.842401781823995,33.986445604479236,8.590275595891116,58.929806367932315,563.812552327929,True
10.1016/j.cemconres.2017.05.009::PC-FA2::DoR_SCM::7::digcf497a6c,4,10.1016/j.cemconres.2017.05.009,365.0,fly_ash,SEM_BSE,72.0,33.87290645846757,0.0,70.61886863976545,41.51613115519471,44.07981096078057,17.329371205048,72.09187825322672,541.7828382947092,True
10.1016/j.cemconres.2004.07.010::TU50::DoR_SCM::rc0bbebb4a,4,10.1016/j.cemconres.2004.07.010,7.0,fly_ash,selective_dissolution,4.1,8.780857614919924,0.0,19.47988856963581,9.028567435802765,8.0024687994634,0.0,16.978885776654938,805.8650122822476,True
10.1016/j.cemconres.2004.07.010::TU50::DoR_SCM::rccb003f4d,4,10.1016/j.cemconres.2004.07.010,14.0,fly_ash,selective_dissolution,1.8,11.378066725981022,0.0,25.27990951690027,11.524474338601447,10.312909154495498,0.5396354409853854,20.480767129965805,799.23492212571,True
10.1016/j.cemconres.2004.07.010::TU50::DoR_SCM::rc7f4d5d8e,4,10.1016/j.cemconres.2004.07.010,28.0,fly_ash,selective_dissolution,4.6,14.715608524546793,0.3932966874545918,29.96141501031477,14.031792664230109,13.452700769652674,2.001512234281768,24.403730061542248,822.8254166723727,True
10.1016/j.cemconres.2004.07.010::TU50::DoR_SCM::rc908fda8c,4,10.1016/j.cemconres.2004.07.010,56.0,fly_ash,selective_dissolution,6.0,18.940351905071473,2.200516175094689,38.45446295437978,15.636664528763047,16.753341725781898,4.950253228422035,28.262008541994284,810.8017572021175,True
10.1016/j.cemconres.2004.07.010::TU50::DoR_SCM::rcfa66ad6d,4,10.1016/j.cemconres.2004.07.010,90.0,fly_ash,selective_dissolution,7.5,21.943397420740244,4.101792479729729,46.228244778494854,20.538928322630262,19.41103157806623,6.694466041639753,33.20679215290305,804.7997287277703,True
10.1016/j.cemconres.2004.07.010::TU50::DoR_SCM::rc3773d7ba,4,10.1016/j.cemconres.2004.07.010,180.0,fly_ash,selective_dissolution,11.0,26.034228641181645,5.2737655760153155,51.501107251044075,23.204446538006508,23.797420198121255,9.75404670164606,38.50619992468899,798.0397178936857,True
10.1016/j.jobe.2026.116489::LC3::DoR_SCM::rcd579c030,4,10.1016/j.jobe.2026.116489,3.0,other,XRD_other,10.5,18.05746867194908,0.0,36.941128178461604,23.352214922799,24.829149886005435,9.831366914945367,39.94048969870678,359.55526540348535,True
10.1016/j.jobe.2026.116489::LC3::DoR_SCM::rcfb35fb50,4,10.1016/j.jobe.2026.116489,28.0,other,XRD_other,27.5,36.06549689702857,8.087691505707863,64.43165268037905,49.709608885125554,47.67019151667173,31.51910588867739,63.68753291565694,381.24879073034475,True
10.1016/j.jobe.2026.116489::CMC3-53:30:15::DoR_SCM::rca1a13653,4,10.1016/j.jobe.2026.116489,3.0,other,XRD_other,10.5,18.91797067672551,0.19912035403677902,37.43761258700806,23.352214922799,24.305335542817264,9.924315817919831,39.82272901435046,384.9470868472318,True
10.1016/j.jobe.2026.116489::CMC3-53:30:15::DoR_SCM::rc3c6c9d79,4,10.1016/j.jobe.2026.116489,28.0,other,XRD_other,24.5,35.55144904741393,6.92577188663262,65.75580852626916,49.709608885125554,48.35609228459294,31.123872280702166,66.59276696591934,374.49962864248226,True
10.1016/j.jobe.2026.116489::CMC3-53:25:20::DoR_SCM::rcccc67c1c,4,10.1016/j.jobe.2026.116489,3.0,other,XRD_other,10.0,18.97692083829734,0.0,38.27217078167498,22.671700484329246,25.69453780358521,11.489138700121678,40.389677680807374,374.71327060344026,True
10.1016/j.jobe.2026.116489::CMC3-53:25:20::DoR_SCM::rce16f9b39,4,10.1016/j.jobe.2026.116489,28.0,other,XRD_other,25.0,35.92418536725235,9.581023553191635,65.75361199084466,50.39012602627465,48.15115893262536,30.757748262207866,64.57070793602514,369.7312913326296,True
10.1016/j.jobe.2026.116489::CMC3-53:20:25::DoR_SCM::rc25704338,4,10.1016/j.jobe.2026.116489,3.0,slag,XRD_other,9.0,17.77891596009396,0.42202968905949195,35.10788723169867,24.501159748133055,19.260042309255052,5.09112161669558,33.798497649956666,545.3462692492982,True
10.1016/j.jobe.2026.116489::CMC3-53:20:25::DoR_SCM::rcc3298132,4,10.1016/j.jobe.2026.116489,28.0,slag,XRD_other,26.0,36.28836520099755,9.059467152545874,62.97826101478015,43.58153156796669,41.715611719759494,24.901353992754657,57.66008364977764,517.6286861644107,True
10.1016/j.jobe.2026.116489::CMC3-48:30:20::DoR_SCM::rcff177783,4,10.1016/j.jobe.2026.116489,3.0,other,XRD_other,8.5,18.247646011350017,0.0,38.88276426342476,23.352214922799,24.489830210829076,9.02062275668169,39.57630681476646,361.1029637133328,True
10.1016/j.jobe.2026.116489::CMC3-48:30:20::DoR_SCM::rc4c906b10,4,10.1016/j.jobe.2026.116489,28.0,other,XRD_other,23.0,36.14278528680538,7.205612559977031,65.436982080656,49.709608885125554,48.54703504665417,32.12259643771827,65.6752784092639,387.31183135630306,True
10.1016/j.jobe.2026.116489::CMC3-48:25:25::DoR_SCM::rc7bf18c02,4,10.1016/j.jobe.2026.116489,3.0,other,XRD_other,9.0,19.03662736827339,0.0,38.9281621737178,22.671700484329246,25.5134316594833,10.76266028869975,40.477283196874616,370.86953900125343,True
10.1016/j.jobe.2026.116489::CMC3-48:25:25::DoR_SCM::rc24fba223,4,10.1016/j.jobe.2026.116489,28.0,other,XRD_other,23.5,36.535837702196794,7.180267543197836,65.0412814454704,50.39012602627465,48.698441626355915,32.066898624444455,64.90187811582423,377.27838571321394,True
10.1016/j.conbuildmat.2019.117726::A1::DoR_SCM::hunt30e6d436,4,10.1016/j.conbuildmat.2019.117726,1.0,slag,selective_dissolution,3.8,10.893057847950951,0.0,21.56350733362152,10.997597345982214,9.483447503918812,0.48737006532045685,17.803329506411735,516.1570492099538,True
10.1016/j.conbuildmat.2019.117726::A1::DoR_SCM::hunt027e60ab,4,10.1016/j.conbuildmat.2019.117726,3.0,slag,selective_dissolution,5.4,16.61176255631398,3.4374774239644648,30.276835145843012,13.11891940044732,14.763739162179839,6.036398006241641,24.049365353191565,533.8125438800612,True
10.1016/j.conbuildmat.2019.117726::A1::DoR_SCM::hunt15a0e40a,4,10.1016/j.conbuildmat.2019.117726,7.0,slag,selective_dissolution,8.6,22.382543239054975,4.926554304085885,39.932066572034294,20.739533929821167,20.649019886474356,11.245446095653108,30.39782438348779,513.2824287820879,True
10.1016/j.conbuildmat.2019.117726::A1::DoR_SCM::hunte130b370,4,10.1016/j.conbuildmat.2019.117726,28.0,slag,selective_dissolution,40.8,33.75605002837254,9.880390376715944,59.104579540245375,32.17460599119924,31.172679695649652,18.696082461123215,43.17208316639283,536.4707518206242,True
10.1016/j.conbuildmat.2019.117726::A2::DoR_SCM::dig44b644d8d,4,10.1016/j.conbuildmat.2019.117726,1.0,slag,selective_dissolution,3.9,10.559300750597972,0.0,21.766964661940815,10.997597345982214,9.193557418388924,0.8285489583598796,17.54555548530468,528.6715198644412,True
10.1016/j.conbuildmat.2019.117726::A2::DoR_SCM::dig46c3587fb,4,10.1016/j.conbuildmat.2019.117726,3.0,slag,selective_dissolution,5.2,16.551218850501932,2.7428188407415464,30.220416041077517,13.11891940044732,14.939515164014596,6.604007778576019,23.388535514742202,553.1314248240166,True
10.1016/j.conbuildmat.2019.117726::A2::DoR_SCM::dig4ec4277a9,4,10.1016/j.conbuildmat.2019.117726,7.0,slag,selective_dissolution,8.7,22.8332332499708,5.0679681418701765,40.500617462797706,20.739533929821167,20.65256014481028,10.634192231419282,30.674238567579504,503.67121522008625,True
10.1016/j.conbuildmat.2019.117726::A3::DoR_SCM::dig40838f3f5,4,10.1016/j.conbuildmat.2019.117726,1.0,slag,selective_dissolution,3.5,10.159912337759764,0.0,20.722142230933137,10.997597345982214,9.402884990641647,0.8259265647006963,17.89141616803242,551.5844430499535,True
10.1016/j.conbuildmat.2019.117726::A3::DoR_SCM::dig4c77558fe,4,10.1016/j.conbuildmat.2019.117726,3.0,slag,selective_dissolution,5.5,17.12962567365322,3.1631592674166362,31.208503339644405,13.11891940044732,14.940402480066187,5.481788272254531,24.6824736910535,534.9956065869352,True
10.1016/j.conbuildmat.2019.117726::A3::DoR_SCM::dig4790e6ac2,4,10.1016/j.conbuildmat.2019.117726,7.0,slag,selective_dissolution,8.5,22.91991272525925,5.489737362621883,39.9558363150885,20.739533929821167,20.248292637726827,10.562348116058114,29.89806526958942,539.746356037867,True
10.1016/j.conbuildmat.2019.117726::A4::DoR_SCM::dig4fcfc4892,4,10.1016/j.conbuildmat.2019.117726,1.0,slag,selective_dissolution,4.1,9.955139374161945,0.0,20.59103772138812,10.997597345982214,9.429414147937669,1.0144876891519485,18.161089394025293,540.1819101370844,True
10.1016/j.conbuildmat.2019.117726::A4::DoR_SCM::dig45ecf1782,4,10.1016/j.conbuildmat.2019.117726,3.0,slag,selective_dissolution,6.1,16.31438819888406,2.972682042455641,29.965585559793794,13.11891940044732,14.906147693552036,5.15950211622982,24.58362554622171,511.9331397239925,True
10.1016/j.conbuildmat.2019.117726::A4::DoR_SCM::dig492c21910,4,10.1016/j.conbuildmat.2019.117726,7.0,slag,selective_dissolution,9.5,22.59309417658537,5.6579790969551995,40.09879436448809,20.739533929821167,20.08527270452745,10.307725033545376,30.060109152825557,520.9442322632295,True
10.1016/j.conbuildmat.2019.117726::A5::DoR_SCM::dig44f30ceb9,4,10.1016/j.conbuildmat.2019.117726,1.0,slag,selective_dissolution,6.3,10.499239829277885,0.0,21.26799729722338,10.997597345982214,9.443422634755867,0.4226388117523713,18.35691231351025,525.6827606483439,True
10.1016/j.conbuildmat.2019.117726::A5::DoR_SCM::dig4bb94ed29,4,10.1016/j.conbuildmat.2019.117726,3.0,slag,selective_dissolution,8.4,16.418866793199722,3.3291320308896686,30.314273113931947,13.11891940044732,14.839544979426773,5.698436873205224,23.700921361920884,537.9446435648387,True
10.1016/j.conbuildmat.2019.117726::A5::DoR_SCM::dig452f744d6,4,10.1016/j.conbuildmat.2019.117726,7.0,slag,selective_dissolution,17.3,22.601800811912657,5.402778682493088,40.19627157360165,20.739533929821167,20.56866243836673,10.046813461220225,30.768742361401365,526.6455318344684,True
10.1016/j.conbuildmat.2019.117726::A6::DoR_SCM::dig411d5b286,4,10.1016/j.conbuildmat.2019.117726,1.0,slag,selective_dissolution,8.9,10.332911278847357,0.0,21.0850370520305,10.997597345982214,9.459422826630389,0.20046979230235903,18.093918285922793,529.6398957214109,True
10.1016/j.conbuildmat.2019.117726::A6::DoR_SCM::dig4dc5b9bd7,4,10.1016/j.conbuildmat.2019.117726,3.0,slag,selective_dissolution,10.5,16.61231390701819,2.470751751915948,30.54839748941623,13.11891940044732,14.609559845936117,5.721505537546606,23.79080472590046,495.2083607731791,True
10.1016/j.conbuildmat.2019.117726::A6::DoR_SCM::dig45482c4a5,4,10.1016/j.conbuildmat.2019.117726,7.0,slag,selective_dissolution,25.8,22.25232552008804,4.84512385260589,40.47199215991951,20.739533929821167,20.411624914839432,11.075979122620398,30.05542030421459,518.4180925280563,True
10.1016/j.conbuildmat.2019.117726::A2::DoR_SCM::dig49354597a,4,10.1016/j.conbuildmat.2019.117726,28.0,slag,selective_dissolution,42.2,34.632051389700806,10.550231499112527,59.0079008692673,32.17460599119924,31.543767036175062,19.512064643513035,44.0194057662432,521.7185797557518,True
10.1016/j.conbuildmat.2019.117726::A3::DoR_SCM::dig4f20bbefc,4,10.1016/j.conbuildmat.2019.117726,28.0,slag,selective_dissolution,42.6,34.36909341059892,10.143584806045803,58.83627362243507,32.17460599119924,31.058069286515188,19.293391892942715,43.53600843005275,540.9524961327517,True
10.1016/j.conbuildmat.2019.117726::A4::DoR_SCM::dig42177b742,4,10.1016/j.conbuildmat.2019.117726,28.0,slag,selective_dissolution,46.6,33.44891013429974,11.136597403740307,57.975577192101,32.17460599119924,30.81788849955675,18.863187544290188,42.57288869522957,547.2380602646025,True
10.1016/j.conbuildmat.2019.117726::A5::DoR_SCM::dig41c4b1213,4,10.1016/j.conbuildmat.2019.117726,28.0,slag,selective_dissolution,57.8,34.38279176166652,11.03477169433833,58.88009022955021,32.17460599119924,31.272806925226213,18.72773261504797,43.89032762444755,525.5999434574857,True
10.1016/j.conbuildmat.2019.117726::A6::DoR_SCM::dig45e1ef77c,4,10.1016/j.conbuildmat.2019.117726,28.0,slag,selective_dissolution,59.6,34.32773736125893,9.90620094487627,57.741655791234926,32.17460599119924,31.20488539692462,19.046979040705402,43.18788552550264,529.8185556423739,True
10.1016/j.conbuildmat.2022.130118::C0.5::DoR_SCM::dig4c2f76d7e,4,10.1016/j.conbuildmat.2022.130118,3.0,slag,XRD_other,10.4,17.006855525060736,0.0,35.89196865664321,13.245687945652993,15.6417866637728,0.8783897541703192,30.369980412905015,523.371522327294,True
10.1016/j.conbuildmat.2022.130118::C0.5::DoR_SCM::dig455c7dd20,4,10.1016/j.conbuildmat.2022.130118,28.0,slag,XRD_other,16.6,30.541503285254766,4.561665340508009,60.32467674808047,31.16174788181704,29.924894963087063,12.663466459796911,46.26866467036944,529.8782062687563,True
10.1016/j.conbuildmat.2022.130118::C0.5-NS1::DoR_SCM::dig4428a3c71,4,10.1016/j.conbuildmat.2022.130118,3.0,slag,XRD_other,9.0,16.127474963110274,0.0,35.877607639709545,13.245687945652993,15.281241814337294,0.3791290671761169,29.247886176531274,534.6490225370726,True
10.1016/j.conbuildmat.2022.130118::C0.5-NS1::DoR_SCM::dig4efea01e5,4,10.1016/j.conbuildmat.2022.130118,28.0,slag,XRD_other,18.3,32.185668193949965,6.246259487888669,60.287460736213205,31.16174788181704,30.831148805346213,15.108471938838557,47.074180328246406,541.3132014392809,True
10.1016/j.conbuildmat.2022.130118::C1::DoR_SCM::dig4f5e1b824,4,10.1016/j.conbuildmat.2022.130118,3.0,slag,XRD_other,12.9,15.964418793941514,0.0,35.61923499893572,13.245687945652993,15.594652566140606,0.24237540585924855,29.89083442571292,534.1969290814168,True
10.1016/j.conbuildmat.2022.130118::C1::DoR_SCM::dig4ca10313d,4,10.1016/j.conbuildmat.2022.130118,28.0,slag,XRD_other,13.8,31.07114195709248,4.20799195486883,60.14492534765468,31.16174788181704,30.800056856235873,13.014772408063829,47.692867294203374,522.0781413132295,True
10.1016/j.conbuildmat.2022.130118::C1-NS1::DoR_SCM::dig413922a90,4,10.1016/j.conbuildmat.2022.130118,3.0,slag,XRD_other,9.9,15.837022564548478,0.0,35.036355431653675,13.245687945652993,15.45126088876259,0.0,30.11755674883986,499.8706058971354,True
10.1016/j.conbuildmat.2022.130118::C1-NS1::DoR_SCM::dig4ea50ee39,4,10.1016/j.conbuildmat.2022.130118,28.0,slag,XRD_other,18.8,31.737757837490765,4.608237882619444,63.029715145279084,31.16174788181704,30.232700866182363,13.565997177498154,46.732527621482895,520.6774664603412,True
10.1016/j.conbuildmat.2022.130118::C3::DoR_SCM::dig4607b4710,4,10.1016/j.conbuildmat.2022.130118,3.0,slag,XRD_other,8.4,16.04979382750676,0.0,34.62163438769033,13.245687945652993,15.599197041022334,0.8199543365681975,29.619184748255908,549.176653903761,True
10.1016/j.conbuildmat.2022.130118::C3::DoR_SCM::dig43866a0f2,4,10.1016/j.conbuildmat.2022.130118,28.0,slag,XRD_other,12.8,31.875183787400214,4.836637291510028,60.66838082483909,31.16174788181704,30.918539496239347,14.521105781684563,48.42346350568096,518.3889375419584,True
10.1016/j.conbuildmat.2022.130118::C3-NS1::DoR_SCM::dig444f3a1c9,4,10.1016/j.conbuildmat.2022.130118,3.0,slag,XRD_other,10.0,16.330824017849686,0.0,35.41494720322108,13.245687945652993,16.160536910721852,1.7684412710214605,30.067953965827094,519.6540070814549,True
10.1016/j.conbuildmat.2022.130118::C3-NS1::DoR_SCM::dig4ddf50d7b,4,10.1016/j.conbuildmat.2022.130118,28.0,slag,XRD_other,14.6,31.073647650897954,6.291822880376355,59.283379223106785,31.16174788181704,30.662846242833428,13.99021051025531,48.060874539822315,529.2397088204093,True
10.1016/j.conbuildmat.2022.130118::C5::DoR_SCM::dig453659f7d,4,10.1016/j.conbuildmat.2022.130118,3.0,slag,XRD_other,8.5,16.113677968796647,0.0,34.42518353503221,13.245687945652993,16.058991306852406,0.46428218086906886,30.966266480243895,550.9244152999335,True
10.1016/j.conbuildmat.2022.130118::C5::DoR_SCM::dig434632740,4,10.1016/j.conbuildmat.2022.130118,28.0,slag,XRD_other,10.7,31.138107628350614,4.288246845198881,61.194327516117696,31.16174788181704,30.60621695715842,13.858695397376525,47.31810341195517,521.0954171190576,True
10.1016/j.conbuildmat.2022.130118::C5-NS1::DoR_SCM::dig495868fb4,4,10.1016/j.conbuildmat.2022.130118,3.0,slag,XRD_other,10.5,16.23361397071325,0.0,36.032825980873916,13.549638461314636,15.633115048360805,1.1823685172560885,29.55955131933046,512.5845162927416,True
10.1016/j.conbuildmat.2022.130118::C5-NS1::DoR_SCM::dig48040f629,4,10.1016/j.conbuildmat.2022.130118,28.0,slag,XRD_other,12.7,32.57998455413911,5.776465700101754,61.21967821539413,31.465698397478686,31.169929214833587,15.42055482129771,47.86032991466271,535.8307259957169,True
