tree
version=v4
num_class=1
num_tree_per_iteration=1
label_index=0
max_feature_idx=11
objective=regression
feature_names=Column_0 Column_1 Column_2 Column_3 Column_4 Column_5 Column_6 Column_7 Column_8 Column_9 Column_10 Column_11
feature_infos=[-1.3767507096020994:2.7958800173440754] [0:100] [0.17000000000000001:1] [5:90] [0.0011307953260459855:123.02222222222221] [0.011955065443677214:125.44444444444443] [1.25:98.349999999999994] [0.0031746031746031746:4.13986013986014] [39:100] [119:1891] -1:1:8:3:0:2:7:5:9:6 -1:8:6:7:1:0:3:5:2
tree_sizes=723 742 736 744 738 755 761 747 732 758 740 740 766 756 752 756 745 754 753 752 737 762 740 735 745 749 748 758 736 750 760 757 760 755 756 754 745 765 739 727 756 755 760 746 748 747 748 736 745 757 742 742 737 753 766 745 735 746 759 744 754 759 753 752 754 762 755 736 742 731 741 741 743 752 759 740 751 753 740 748 759 738 758 741 756 760 754 762 768 756 760 762 758 740 730 665 763 749 769 759 758 764 735 741 754 761 734 763 747 745 762 746 761 746 763 728 763 759 773 772 733 763 757 743 759 762 764 737 753 769 760 763 747 764 762 766 748 769 767 763 742 764 743 745 768 759 745 739 769 766 776 766 755 743 745 742 767 742 740 774 766 769 745 769 767 754 569 763 760 727 761 750 740 743 756 772 765 770 754 748 742 690 746 745 757 769 666 752 739 760 748 754 772 754 763 766 758 772 665 751 737 765 757 749 746 758 763 773 751 750 747 767 670 771 769 771 739 765 770 661 771 773 751 771 769 751 767 767 751 762 767 769 765 770 746 771 763 746 755 768 744 752 579 769 764 767 758 753 773 774 744 758 771 745 744 751 747 728 772 746 759 766 753 766 763 752 775 760 769 767 747 755 755 743 773 773 748 777 750 765 773 769 747 772 750 760 729 750 769 760 732 776 755 761 666 766 755 759 765 752 766 771 779 762 766 679 774 767 771 668 772 767 747 669 756 762 760 772 749 729 665 753 776 775 772 746 728 763 760 754 752 757 770 765 668 749 767 766 750 775 768 755 751 666 771 769 748 761 750 757 754 771 770 750 763 771 741 773 750 745 757 762 751 750 767 763 752 751 771 743 771 767 751 771 768 754 763 749 749 746 771 732 768 750 744 767 753 742 749 757 753 774 770 750 761 749 742 665 770 758 758 763 749 754 750 761 737 752 756 769 760 774 774 750 768 772 744 766 772 774 734 745 756 747 748 776 745 747 584 769 774 750 767 776 768 743 744 763 746 755 750 764 750 782 773 774 775 773 773 766 755 769 750 724 772 749 746 775 756 749 775 755 756 742 770 776 768 753 766 779 780 746 748 751 768 771 752 776 674 677 767 780 753 761 749 774 772 773 767 690 770 756 776 759 752 766 756 758 751 753

Tree=0
num_leaves=7
num_cat=1
split_feature=11 6 2 8 5 3
split_gain=46565.7 22846 15809.1 12280.9 7632.5 7290.83
threshold=0 50.420000000000009 0.35500000000000004 96.350000000000009 0.773507600177609 21.000000000000004
decision_type=9 10 10 8 8 10
left_child=1 3 -2 -1 -4 -5
right_child=2 -3 4 5 -6 -7
leaf_value=26.047257425764176 25.599706081163166 25.428270345083622 25.73050831004138 25.719689024940834 26.213628880360694 25.38466394603368
leaf_weight=70 58 435 42 274 170 53
leaf_count=70 58 435 42 274 170 53
internal_value=25.6876 25.5749 26.0089 25.7368 26.1319 25.6525
internal_weight=1102 832 270 397 212 327
internal_count=1102 832 270 397 212 327
cat_boundaries=0 1
cat_threshold=456
is_linear=0
shrinkage=1


Tree=1
num_leaves=7
num_cat=0
split_feature=4 4 1 6 1 3
split_gain=46537.7 29574.7 14747.9 6045.08 15924 4613.48
threshold=0.0047272588907713818 0.93001089766423206 45.70000000000001 94.910000000000011 29.950000000000003 39.000000000000007
decision_type=8 10 10 8 10 10
left_child=-1 3 -3 5 -5 -2
right_child=1 2 -4 4 -6 -7
leaf_value=0.59795044120620278 -0.27989588712957186 0.35421968013672772 -0.024341820770421543 -0.2305602886506789 0.28524908316546471 -0.022186454300369533
leaf_weight=82 410 147 202 122 67 78
leaf_count=82 410 147 202 122 67 78
internal_value=-0.0139279 -0.0733858 0.145504 -0.187249 -0.0376215 -0.241318
internal_weight=1108 1026 349 677 189 488
internal_count=1108 1026 349 677 189 488
is_linear=0
shrinkage=0.03


Tree=2
num_leaves=7
num_cat=0
split_feature=0 9 2 1 1 7
split_gain=89282.6 31271.2 16890.1 10479.7 6820.92 3554.72
threshold=1.1215190243431474 553.00000000000011 0.35500000000000004 57.820000000000007 27.800000000000004 0.8297895480994073
decision_type=2 8 10 10 10 8
left_child=5 -2 4 -4 -3 -1
right_child=1 2 3 -5 -6 -7
leaf_value=-0.32714637347108239 -0.044246780672355698 -0.10717944033082355 0.61258129902844183 0.070728157069534059 0.28950858073234559 -0.10545749786775559
leaf_weight=392 208 65 217 44 55 108
leaf_count=392 208 65 217 44 55 108
internal_value=0.00344466 0.249956 0.404916 0.532984 0.0895921 -0.285275
internal_weight=1089 589 381 261 120 500
internal_count=1089 589 381 261 120 500
is_linear=0
shrinkage=0.03


Tree=3
num_leaves=7
num_cat=2
split_feature=0 10 9 0 10 0
split_gain=75093.9 58104.6 7425.01 6724.85 4053.77 7199.22
threshold=1.1215190243431474 0 541.50000000000011 1.9375219456324897 1 0.53959062302381255
decision_type=2 9 8 2 9 2
left_child=4 3 -3 -2 -1 -6
right_child=1 2 -4 -5 5 -7
leaf_value=-0.35588317822805027 -0.20718009731139647 0.091251436017808454 0.56686477654379042 0.06372903878644387 -0.25480206143841788 0.045409903383452042
leaf_weight=236 156 43 258 141 189 101
leaf_count=236 156 43 258 141 189 101
internal_value=-0.00451926 0.221997 0.493647 -0.079949 -0.26085 -0.149059
internal_weight=1124 598 301 297 526 290
internal_count=1124 598 301 297 526 290
cat_boundaries=0 1 2
cat_threshold=2 2
is_linear=0
shrinkage=0.03


Tree=4
num_leaves=7
num_cat=2
split_feature=10 7 11 8 3 8
split_gain=61436.9 19149.7 12371.2 11218.6 5186.12 3162.49
threshold=0 0.64728258868408073 1 83.52500000000002 26.000000000000004 97.40000000000002
decision_type=9 8 9 10 8 8
left_child=1 2 -1 -2 -3 -4
right_child=3 4 5 -5 -6 -7
leaf_value=-0.14528411904190267 -0.24067205732665231 0.56775495507866136 0.38755584244544689 0.20380938017466027 0.15152225097249211 0.12367942735251938
leaf_weight=110 545 130 58 41 56 158
leaf_count=110 545 130 58 41 56 158
internal_value=0.00461191 0.23746 0.0922096 -0.200466 0.469606 0.212619
internal_weight=1098 512 326 586 186 216
internal_count=1098 512 326 586 186 216
cat_boundaries=0 1 2
cat_threshold=269 200
is_linear=0
shrinkage=0.03


Tree=5
num_leaves=7
num_cat=1
split_feature=10 4 7 2 5 3
split_gain=52608.3 19460.5 6034.1 6060.46 4542.6 2983.17
threshold=0 0.0047272588907713818 0.33567712375275816 0.38000000000000006 1.7400807847831057 39.000000000000007
decision_type=9 8 10 10 10 10
left_child=5 -2 3 -3 -4 -1
right_child=1 2 4 -5 -6 -7
leaf_value=-0.25566772127041726 0.58512227951257956 -0.0045327201028985357 -0.17413371296816094 0.32235008923188307 0.082245449943126478 -0.04504878361216362
leaf_weight=428 76 73 66 143 205 82
leaf_count=428 76 73 66 143 205 82
internal_value=-0.00668905 0.188572 0.109647 0.2206 0.0119235 -0.22073
internal_weight=1073 563 487 216 271 510
internal_count=1073 563 487 216 271 510
cat_boundaries=0 1
cat_threshold=2
is_linear=0
shrinkage=0.03


Tree=6
num_leaves=7
num_cat=1
split_feature=10 1 3 6 2 1
split_gain=60660.3 36390.7 3007.51 3157.72 2463.26 2125.24
threshold=0 41.080000000000005 21.000000000000004 88.540000000000006 0.38000000000000006 66.835000000000022
decision_type=9 8 8 8 10 10
left_child=1 4 -2 -4 -1 -3
right_child=2 5 3 -5 -6 -7
leaf_value=0.19815583025967634 -0.29978075547718708 0.051474080587190295 -0.050817641311071131 -0.23534051259149397 0.52676000310133586 -0.10618858367663163
leaf_weight=61 223 169 189 155 199 110
leaf_count=61 223 169 189 155 199 110
internal_value=0.00227615 0.223893 -0.208999 -0.142488 0.46954 -0.0134312
internal_weight=1106 539 567 344 260 279
internal_count=1106 539 567 344 260 279
cat_boundaries=0 1
cat_threshold=269
is_linear=0
shrinkage=0.03


Tree=7
num_leaves=7
num_cat=2
split_feature=11 6 2 8 3 11
split_gain=30151.8 18797.1 12308.7 11875.8 4935.08 4264.36
threshold=0 51.732500000000009 0.35500000000000004 96.350000000000009 22.500000000000004 1
decision_type=9 10 10 8 10 9
left_child=1 3 -2 -1 -4 -3
right_child=2 5 4 -5 -6 -7
leaf_value=0.37988717509367886 -0.06363328842180116 -0.068405539288663011 0.47287813970123427 -0.014042347857505083 0.089985520503890346 -0.28655415562519665
leaf_weight=65 64 167 146 355 51 259
leaf_count=65 64 167 146 355 51 259
internal_value=0.00901157 -0.0791387 0.273339 0.061283 0.39146 -0.216031
internal_weight=1107 846 261 420 197 426
internal_count=1107 846 261 420 197 426
cat_boundaries=0 1 2
cat_threshold=456 72
is_linear=0
shrinkage=0.03


Tree=8
num_leaves=7
num_cat=0
split_feature=0 9 0 2 7 7
split_gain=79533.9 27351.4 15212.8 6662.01 5524.02 4493.32
threshold=1.320454282340833 553.00000000000011 1.849476316104649 0.38000000000000006 0.53893810991268631 0.75728457986089059
decision_type=2 8 2 10 10 10
left_child=5 -2 4 -4 -3 -1
right_child=1 2 3 -5 -6 -7
leaf_value=-0.27094929631506703 -0.033798753488808869 0.097235704423635411 0.1719752088224604 0.71110414833362612 0.4340560426401055 0.0082654375445685886
leaf_weight=489 196 171 43 120 49 56
leaf_count=489 196 171 43 120 49 56
internal_value=0.0126271 0.253306 0.394767 0.603547 0.202425 -0.242876
internal_weight=1124 579 383 163 220 545
internal_count=1124 579 383 163 220 545
is_linear=0
shrinkage=0.03


Tree=9
num_leaves=7
num_cat=1
split_feature=0 9 6 6 11 5
split_gain=79811.2 31059.4 13857.4 19268.4 6140.68 3231.16
threshold=1.1215190243431474 553.00000000000011 92.955000000000027 70.465000000000018 0 1.668816654837433
decision_type=2 8 10 8 9 10
left_child=4 -2 3 -3 5 -1
right_child=1 2 -4 -5 -6 -7
leaf_value=-0.38506529113884719 -0.061444689431855846 0.51299332836621203 0.76732972807354394 0.063474191299298904 -0.057951206814372137 -0.16454182232916353
leaf_weight=247 195 152 61 185 148 140
leaf_count=247 195 152 61 185 148 140
internal_value=0.00924714 0.245106 0.391198 0.283773 -0.251485 -0.30983
internal_weight=1128 593 398 337 535 387
internal_count=1128 593 398 337 535 387
cat_boundaries=0 1
cat_threshold=456
is_linear=0
shrinkage=0.03


Tree=10
num_leaves=7
num_cat=3
split_feature=10 1 8 11 4 11
split_gain=53387.8 38524.4 6754.33 3509.39 3309.3 3076.07
threshold=0 45.70000000000001 74.620000000000019 1 0.0040938286798763825 2
decision_type=9 8 10 9 10 9
left_child=1 4 3 -2 -1 -3
right_child=2 5 -4 -5 -6 -7
leaf_value=0.60683387879683426 -0.30730639423277695 0.072394972909504252 0.09118707512147152 -0.12178563068310419 0.30210225303454435 -0.11521692894032744
leaf_weight=110 244 112 58 285 159 153
leaf_count=110 244 112 58 285 159 153
internal_value=0.00587928 0.216702 -0.187118 -0.22336 0.460293 -0.0377004
internal_weight=1121 534 587 529 269 265
internal_count=1121 534 587 529 269 265
cat_boundaries=0 1 2 3
cat_threshold=269 384 256
is_linear=0
shrinkage=0.03


Tree=11
num_leaves=7
num_cat=0
split_feature=4 6 1 1 3 8
split_gain=30388.2 20371.9 22313.4 7230.41 6387.03 5182.79
threshold=0.0047272588907713818 70.465000000000018 49.500000000000007 29.950000000000003 21.000000000000004 99.600000000000009
decision_type=8 10 8 10 8 8
left_child=-1 2 3 -2 -3 -4
right_child=1 4 5 -5 -6 -7
leaf_value=0.5220977955864321 0.014109747951680964 -0.3247316940474449 0.13074005801034599 0.3550966866385033 -0.090140370490316965 -0.15419326326467772
leaf_weight=73 79 174 56 191 278 255
leaf_count=73 79 174 56 191 278 255
internal_value=0.00226526 -0.0436319 0.0730705 0.263387 -0.190508 -0.0979061
internal_weight=1106 1033 581 270 452 311
internal_count=1106 1033 581 270 452 311
is_linear=0
shrinkage=0.03


Tree=12
num_leaves=7
num_cat=1
split_feature=10 1 4 6 3 6
split_gain=40262.9 26349.2 5994.97 3206.54 2298.03 4964.92
threshold=0 41.080000000000005 0.0089800527850774792 70.465000000000018 21.000000000000004 76.665000000000006
decision_type=9 8 10 8 8 10
left_child=1 2 -1 -2 -5 -6
right_child=3 -3 -4 4 5 -7
leaf_value=0.55497125110588963 0.057013646394014357 -0.020503841198538198 0.21695561445758729 -0.27548102270470176 -0.27944134704941925 -0.038895079487791424
leaf_weight=108 40 283 147 209 109 214
leaf_count=108 40 283 147 209 109 214
internal_value=-0.00332608 0.177914 0.390283 -0.174209 -0.196294 -0.131806
internal_weight=1110 538 255 572 532 323
internal_count=1110 538 255 572 532 323
cat_boundaries=0 1
cat_threshold=269
is_linear=0
shrinkage=0.03


Tree=13
num_leaves=7
num_cat=1
split_feature=0 10 1 0 0 4
split_gain=71109.7 45319.5 13054.3 6555.64 3886.07 3458.14
threshold=1.1215190243431474 0 45.70000000000001 1.9375219456324897 0.82048902867916607 1.1420135310483051
decision_type=2 9 8 2 2 10
left_child=4 3 -3 -2 -1 -6
right_child=1 2 -4 -5 5 -7
leaf_value=-0.30628659911864137 -0.17474722558158939 0.63872452992945905 0.20651728233598893 0.095917877939343449 -0.18307771221654756 0.08342268067139845
leaf_weight=334 157 172 135 130 155 45
leaf_count=334 157 172 135 130 155 45
internal_value=0.00266649 0.225021 0.459066 -0.0519955 -0.243757 -0.12071
internal_weight=1128 594 307 287 534 200
internal_count=1128 594 307 287 534 200
cat_boundaries=0 1
cat_threshold=2
is_linear=0
shrinkage=0.03


Tree=14
num_leaves=7
num_cat=1
split_feature=10 1 4 7 3 6
split_gain=43006 23131.9 4730 4557.34 4064.7 3202.02
threshold=0 45.70000000000001 0.47732050057094927 0.43738188072273859 21.000000000000004 76.665000000000006
decision_type=9 8 10 8 8 10
left_child=1 3 4 -1 -2 -6
right_child=2 -3 -4 -5 5 -7
leaf_value=0.18002347287432902 -0.28730654308082243 0.0088177515463582386 0.10815021233480485 0.49849464705869473 -0.23981432575220241 -0.045357092006990077
leaf_weight=96 208 270 41 159 100 247
leaf_count=96 208 270 41 159 100 247
internal_value=0.0112828 0.203226 -0.159516 0.40063 -0.185242 -0.111575
internal_weight=1121 525 596 255 555 347
internal_count=1121 525 596 255 555 347
cat_boundaries=0 1
cat_threshold=269
is_linear=0
shrinkage=0.03


Tree=15
num_leaves=7
num_cat=1
split_feature=10 1 3 6 3 2
split_gain=33597.8 22860.3 4483.2 4468.56 4778.83 2846.37
threshold=0 45.70000000000001 12.500000000000002 88.540000000000006 21.000000000000004 0.38000000000000006
decision_type=9 8 10 8 10 10
left_child=3 2 -2 4 -1 -4
right_child=1 -3 5 -5 -6 -7
leaf_value=-0.19594386635646635 0.098254332471153005 -0.024649764591684709 0.14140375556945803 -0.27267762864676959 0.020629724927923896 0.46465876208784063
leaf_weight=161 72 292 55 189 178 171
leaf_count=161 72 292 55 189 178 171
internal_value=0.0108374 0.162522 0.341241 -0.158371 -0.0872456 0.404126
internal_weight=1118 590 298 528 339 226
internal_count=1118 590 298 528 339 226
cat_boundaries=0 1
cat_threshold=2
is_linear=0
shrinkage=0.03


Tree=16
num_leaves=7
num_cat=2
split_feature=0 10 1 0 10 0
split_gain=60703.8 35273.1 15529.2 6194.84 2568.56 5956.88
threshold=1.1215190243431474 0 55.625000000000007 1.849476316104649 1 0.82048902867916607
decision_type=2 9 10 2 9 2
left_child=4 3 -3 -2 -1 -6
right_child=1 2 -4 -5 5 -7
leaf_value=-0.31232022858832192 -0.15112622177835178 0.54280922382451691 0.028623278628175073 0.10648003841293793 -0.23748580971191374 0.037467265079829316
leaf_weight=246 168 221 71 133 183 101
leaf_count=246 168 221 71 133 183 101
internal_value=-0.00739721 0.19798 0.41454 -0.0364359 -0.236139 -0.138905
internal_weight=1123 593 292 301 530 284
internal_count=1123 593 292 301 530 284
cat_boundaries=0 1 2
cat_threshold=2 2
is_linear=0
shrinkage=0.03


Tree=17
num_leaves=7
num_cat=1
split_feature=0 10 3 0 0 0
split_gain=59707.5 34503.5 6116.03 6053.39 5732.37 3718.3
threshold=1.1215190243431474 0 39.000000000000007 1.9375219456324897 1.849476316104649 0.53959062302381255
decision_type=2 9 10 2 2 2
left_child=2 3 5 -2 -3 -1
right_child=1 4 -4 -5 -6 -7
leaf_value=-0.33440502928773946 -0.14708901045072142 0.26291771103608974 0.043951755673797041 0.10823650000473627 0.58047311871655682 -0.13606250620004043
leaf_weight=263 161 176 61 136 132 186
leaf_count=263 161 176 61 136 132 186
internal_value=0.00962129 0.208137 -0.224727 -0.029597 0.41368 -0.261675
internal_weight=1115 605 510 297 308 449
internal_count=1115 605 510 297 308 449
cat_boundaries=0 1
cat_threshold=2
is_linear=0
shrinkage=0.03


Tree=18
num_leaves=7
num_cat=2
split_feature=4 6 1 11 11 1
split_gain=27590.6 11364.4 19834.7 4856.09 3947.97 2705.39
threshold=0.0047272588907713818 70.465000000000018 49.500000000000007 0 1 29.950000000000003
decision_type=8 10 8 9 9 10
left_child=-1 2 5 -4 -3 -2
right_child=1 4 3 -5 -6 -7
leaf_value=0.50717077572922131 0.05593709448026013 -0.2167897609855598 0.048600083781934492 -0.19099483366012573 -0.036490909377357876 0.28153117251667109
leaf_weight=71 77 253 104 195 221 200
leaf_count=71 77 253 104 195 221 200
internal_value=0.00573457 -0.036962 0.0519485 -0.114111 -0.142856 0.227013
internal_weight=1121 1050 576 299 474 277
internal_count=1121 1050 576 299 474 277
cat_boundaries=0 1 2
cat_threshold=256 384
is_linear=0
shrinkage=0.03


Tree=19
num_leaves=7
num_cat=1
split_feature=0 10 0 0 4 4
split_gain=64656.3 35207.2 7240.37 6102.06 3346.56 2057.38
threshold=1.1215190243431474 0 1.4560472302319762 1.9375219456324897 0.10317474384508371 1.060399351792656
decision_type=2 9 2 2 10 8
left_child=-1 3 5 -2 -5 -3
right_child=1 2 -4 4 -6 -7
leaf_value=-0.23588079883223631 -0.14747783783276605 0.36848895732419834 0.56441391350304493 -0.0035375432277630482 0.28163694612071161 0.11749318045785739
leaf_weight=522 164 50 163 92 41 106
leaf_count=522 164 50 163 92 41 106
internal_value=0.00491058 0.210053 0.412625 -0.0316583 0.109305 0.231013
internal_weight=1138 616 319 297 133 156
internal_count=1138 616 319 297 133 156
cat_boundaries=0 1
cat_threshold=2
is_linear=0
shrinkage=0.03


Tree=20
num_leaves=7
num_cat=3
split_feature=10 11 8 6 2 11
split_gain=33770.3 16358.2 5392.92 5271.72 3573.99 3405.47
threshold=0 1 74.620000000000019 53.815000000000005 0.38000000000000006 2
decision_type=9 9 10 8 10 9
left_child=1 -1 5 -3 -5 -2
right_child=2 3 -4 4 -6 -7
leaf_value=-0.12578940716066531 -0.25641953468977752 0.16705556667957108 0.088686011419739835 0.11360041832981201 0.4967642872719491 -0.086418462949907154
leaf_weight=110 243 271 66 45 102 289
leaf_count=110 243 271 66 45 102 289
internal_value=0.00789607 0.177512 -0.143221 0.260541 0.407481 -0.176866
internal_weight=1126 528 598 418 147 532
internal_count=1126 528 598 418 147 532
cat_boundaries=0 1 2 3
cat_threshold=269 136 384
is_linear=0
shrinkage=0.03


Tree=21
num_leaves=7
num_cat=1
split_feature=10 1 3 4 1 3
split_gain=19728.6 15953.1 6655.93 5706.89 2739.13 2386.74
threshold=0 45.70000000000001 12.500000000000002 0.11246828732001236 49.500000000000007 47.500000000000007
decision_type=9 8 10 10 10 8
left_child=3 2 -2 5 -5 -1
right_child=1 -3 -4 4 -6 -7
leaf_value=-0.26579624623923598 0.010293888255169517 -0.048700150555834681 0.33694315367511335 0.09995352173801017 -0.099275670932686841 -0.075084400309715416
leaf_weight=213 75 270 225 93 118 108
leaf_count=213 75 270 225 93 118 108
internal_value=-0.00404695 0.115677 0.261216 -0.131684 -0.0101528 -0.209975
internal_weight=1102 570 300 532 211 321
internal_count=1102 570 300 532 211 321
cat_boundaries=0 1
cat_threshold=2
is_linear=0
shrinkage=0.03


Tree=22
num_leaves=7
num_cat=0
split_feature=0 5 0 0 3 0
split_gain=57554.1 14792.4 7595.66 4755.09 3166.2 2256.15
threshold=1.1215190243431474 0.75201216330740639 1.9375219456324897 1.849476316104649 39.000000000000007 0.82048902867916607
decision_type=2 10 2 2 10 2
left_child=4 3 -3 -2 5 -1
right_child=1 2 -4 -5 -6 -7
leaf_value=-0.32112859482196243 -0.062535375630144371 0.18951409584992834 0.54135691833952737 0.16133095282157495 -0.033522034870399224 -0.15076965479068458
leaf_weight=255 156 166 104 149 71 180
leaf_count=255 156 166 104 149 71 180
internal_value=-0.00261418 0.19949 0.353234 0.0498422 -0.231245 -0.260493
internal_weight=1081 575 270 305 506 435
internal_count=1081 575 270 305 506 435
is_linear=0
shrinkage=0.03


Tree=23
num_leaves=7
num_cat=0
split_feature=0 9 1 0 0 4
split_gain=51999.8 15798.4 9520.61 4987.32 4560.82 4437.45
threshold=1.320454282340833 553.00000000000011 57.820000000000007 0.82048902867916607 1.849476316104649 1.1420135310483051
decision_type=2 8 8 2 2 10
left_child=3 -2 4 -1 -3 -5
right_child=1 2 -4 5 -6 -7
leaf_value=-0.28391027871867486 -0.01126419715776846 0.2311381275188632 0.056646673036739231 -0.15975918911251938 0.53680691019638427 0.11691921463012694
leaf_weight=301 211 144 108 172 123 55
leaf_count=301 211 144 108 172 123 55
internal_value=0.00553683 0.196995 0.308964 -0.206277 0.399756 -0.0884406
internal_weight=1114 586 375 528 267 227
internal_count=1114 586 375 528 267 227
is_linear=0
shrinkage=0.03


Tree=24
num_leaves=7
num_cat=2
split_feature=0 11 4 11 0 0
split_gain=47753.3 12465.9 10720.6 4476.17 4110.48 2713.68
threshold=1.320454282340833 0 1.0490954459805726 1 1.9375219456324897 1.4560472302319762
decision_type=2 9 10 9 2 2
left_child=3 5 4 -1 -3 -2
right_child=1 2 -4 -5 -6 -7
leaf_value=-0.2567989431441618 0.16412656696513295 -0.083810935476443388 0.3164888503892081 -0.043889470367451729 0.11420418197332936 0.57319202738390729
leaf_weight=386 44 192 120 148 150 68
leaf_count=386 44 192 120 148 150 68
internal_value=-0.00675572 0.180169 0.0934049 -0.207041 0.00438341 0.429613
internal_weight=1108 574 462 534 342 112
internal_count=1108 574 462 534 342 112
cat_boundaries=0 1 2
cat_threshold=39 456
is_linear=0
shrinkage=0.03


Tree=25
num_leaves=7
num_cat=2
split_feature=10 11 4 4 6 8
split_gain=21554.6 11319.3 5143.81 4162.57 2687.23 1988.48
threshold=0 1 1.060399351792656 0.11246828732001236 47.560000000000009 71.430000000000021
decision_type=9 9 10 10 10 10
left_child=3 -2 -3 -1 -4 -5
right_child=1 2 4 5 -6 -7
leaf_value=-0.20841291423955158 -0.12652941537138493 0.27749028339426018 0.1330875953245029 -0.081229672842338424 -0.079099025991227895 0.11280234901263164
leaf_weight=308 113 248 158 163 61 45
leaf_count=308 113 248 158 163 61 45
internal_value=-0.00209324 0.120486 0.184406 -0.138997 0.072061 -0.0327758
internal_weight=1096 580 467 516 219 208
internal_count=1096 580 467 516 219 208
cat_boundaries=0 1 2
cat_threshold=2 136
is_linear=0
shrinkage=0.03


Tree=26
num_leaves=7
num_cat=2
split_feature=10 4 11 3 9 2
split_gain=29173.2 10435.3 3151.89 3287.41 3212.46 2688.24
threshold=0 0.0089800527850774792 1 21.000000000000004 367.00000000000006 0.38000000000000006
decision_type=9 10 9 10 10 10
left_child=1 5 3 -2 -5 -1
right_child=2 -3 -4 4 -6 -7
leaf_value=0.1022719322796911 -0.26485307687617876 0.076952638659707223 -0.050136813827279962 -0.17973057666132525 0.12897682252898812 0.43808729715365213
leaf_weight=44 203 348 293 42 40 113
leaf_count=44 203 348 293 42 40 113
internal_value=0.0131174 0.174298 -0.129476 -0.198308 -0.032791 0.366503
internal_weight=1083 505 578 285 82 157
internal_count=1083 505 578 285 82 157
cat_boundaries=0 1 2
cat_threshold=269 384
is_linear=0
shrinkage=0.03


Tree=27
num_leaves=7
num_cat=1
split_feature=11 2 6 1 7 1
split_gain=14899 7658.77 6900.54 9472.72 4076.49 3613.58
threshold=0 0.35500000000000004 51.732500000000009 49.500000000000007 0.33392556775576476 29.950000000000003
decision_type=9 10 10 8 8 10
left_child=2 -2 3 5 -3 -1
right_child=1 4 -4 -5 -6 -7
leaf_value=-0.046482893405925658 -0.066069810852922239 0.056808722542553411 -0.14631541895944633 -0.094916990154555875 0.36815430337745769 0.24366472191922367
leaf_weight=43 67 62 399 246 133 140
leaf_count=43 67 62 399 246 133 140
internal_value=0.0041637 0.189171 -0.0589232 0.0238085 0.283935 0.17733
internal_weight=1090 262 828 429 195 183
internal_count=1090 262 828 429 195 183
cat_boundaries=0 1
cat_threshold=456
is_linear=0
shrinkage=0.03


Tree=28
num_leaves=7
num_cat=0
split_feature=0 0 9 3 4 4
split_gain=43464.5 12443.6 8231.45 5167.89 4616.11 2953.4
threshold=1.849476316104649 1.1215190243431474 408.00000000000006 39.000000000000007 0.47732050057094927 0.023500873199108204
decision_type=2 2 8 10 10 8
left_child=1 3 -2 -1 5 -3
right_child=2 4 -4 -5 -6 -7
leaf_value=-0.23442837765831856 0.068093900700184423 0.13506891561672091 0.43597430320366976 0.028862463168559532 0.17636367493409377 -0.10131140978748981
leaf_weight=451 90 44 167 73 110 175
leaf_count=451 90 44 167 73 110 175
internal_value=-0.0058921 -0.109731 0.32158 -0.197926 0.0338566 -0.0462398
internal_weight=1110 853 257 524 329 219
internal_count=1110 853 257 524 329 219
is_linear=0
shrinkage=0.03


Tree=29
num_leaves=7
num_cat=2
split_feature=10 11 6 6 6 3
split_gain=20180.3 10967.3 5478.72 3574.67 3245.38 2714.21
threshold=0 1 53.815000000000005 87.445000000000007 49.395000000000003 21.000000000000004
decision_type=9 9 8 8 10 8
left_child=1 -1 4 5 -3 -2
right_child=3 2 -4 -5 -6 -7
leaf_value=-0.12205215205790268 -0.14335640119026172 0.16053236549847746 0.3344658760777835 -0.19683806087198763 -0.064899136178633743 0.026008995017669734
leaf_weight=105 129 199 154 279 65 186
leaf_count=105 129 199 154 279 65 186
internal_value=-0.00307533 0.128933 0.196065 -0.119963 0.104155 -0.0475888
internal_weight=1117 523 418 594 264 315
internal_count=1117 523 418 594 264 315
cat_boundaries=0 1 2
cat_threshold=269 136
is_linear=0
shrinkage=0.03


Tree=30
num_leaves=7
num_cat=1
split_feature=10 6 6 9 7 3
split_gain=18412 6397.42 3878.03 3370.18 4728.49 2424.24
threshold=0 46.395000000000003 87.445000000000007 541.50000000000011 0.46086390488601386 21.000000000000004
decision_type=9 8 8 8 10 10
left_child=2 -2 5 -3 -5 -1
right_child=1 3 -4 4 -6 -7
leaf_value=-0.13861893844377521 -0.043339738138020036 -0.047443338158860135 -0.21829267931271748 0.10540522330707731 0.33531227551448728 0.025841514309302219
leaf_weight=131 160 47 229 231 135 161
leaf_count=131 160 47 229 231 135 161
internal_value=-0.00283552 0.111758 -0.128147 0.173791 0.203342 -0.0519043
internal_weight=1094 573 521 413 366 292
internal_count=1094 573 521 413 366 292
cat_boundaries=0 1
cat_threshold=2
is_linear=0
shrinkage=0.03


Tree=31
num_leaves=7
num_cat=1
split_feature=0 10 0 0 3 0
split_gain=44972.1 17310.5 4616.66 4561.92 4090.19 3924.57
threshold=1.320454282340833 0 1.4560472302319762 1.849476316104649 39.000000000000007 0.82048902867916607
decision_type=2 9 2 2 10 2
left_child=4 3 -3 -2 5 -1
right_child=1 2 -4 -5 -6 -7
leaf_value=-0.30517134515347177 -0.1055216839313507 0.16414374348707497 0.44868080091887502 0.12269121143358702 0.0026666885732235957 -0.11625290283034073
leaf_weight=266 150 124 154 127 78 212
leaf_count=266 150 124 154 127 78 212
internal_value=-0.0106669 0.177155 0.330413 0.000120266 -0.197896 -0.229538
internal_weight=1111 555 278 277 556 478
internal_count=1111 555 278 277 556 478
cat_boundaries=0 1
cat_threshold=2
is_linear=0
shrinkage=0.03


Tree=32
num_leaves=7
num_cat=1
split_feature=0 10 1 4 3 0
split_gain=40864.4 21081.3 9633.17 4955.05 3909.29 3973.31
threshold=1.1215190243431474 0 57.820000000000007 0.16642738394522519 39.000000000000007 0.53959062302381255
decision_type=2 9 8 10 10 2
left_child=4 3 -3 -2 5 -1
right_child=1 2 -4 -5 -6 -7
leaf_value=-0.28908184710680179 -0.089702747044583808 0.44851544903801832 0.071077553625987916 0.14962202316920817 0.0094512583450837573 -0.097512941234333558
leaf_weight=264 217 210 95 96 79 195
leaf_count=264 217 210 95 96 79 195
internal_value=0.00450699 0.168478 0.332515 -0.0112052 -0.183027 -0.215291
internal_weight=1156 618 305 313 538 459
internal_count=1156 618 305 313 538 459
cat_boundaries=0 1
cat_threshold=2
is_linear=0
shrinkage=0.03


Tree=33
num_leaves=7
num_cat=1
split_feature=0 10 1 3 0 0
split_gain=39948.3 18563.3 9005.26 3476.5 3960.31 3453.45
threshold=1.320454282340833 0 55.625000000000007 39.000000000000007 0.82048902867916607 1.849476316104649
decision_type=2 9 10 10 2 2
left_child=3 5 -3 4 -1 -2
right_child=1 2 -4 -5 -6 -7
leaf_value=-0.28131856907619518 -0.086194600006721536 0.43693225382760975 0.0357215427933784 0.0090775537468267206 -0.092188537542798862 0.10895204384922981
leaf_weight=247 159 219 69 79 206 130
leaf_count=247 159 219 69 79 206 130
internal_value=0.0119327 0.181876 0.338572 -0.172188 -0.202974 0.00267703
internal_weight=1109 577 288 532 453 289
internal_count=1109 577 288 532 453 289
cat_boundaries=0 1
cat_threshold=2
is_linear=0
shrinkage=0.03


Tree=34
num_leaves=7
num_cat=1
split_feature=10 6 2 9 5 9
split_gain=22908.3 9170.07 4883.12 4047.33 2342.5 2257.54
threshold=0 46.395000000000003 0.35500000000000004 447.50000000000006 2.7090013766811398 395.00000000000006
decision_type=9 8 10 10 10 10
left_child=5 4 -3 -4 -2 -1
right_child=1 2 3 -5 -6 -7
leaf_value=-0.16211029662285001 -0.11676827915898569 0.021159609433379956 0.29685101853582901 -0.011293009524383852 0.1027401985239524 0.010502214158186689
leaf_weight=460 123 108 276 42 45 76
leaf_count=460 123 108 276 42 45 76
internal_value=0.00265364 0.127975 0.201516 0.257715 -0.0529774 -0.135591
internal_weight=1130 594 426 318 168 536
internal_count=1130 594 426 318 168 536
cat_boundaries=0 1
cat_threshold=2
is_linear=0
shrinkage=0.03


Tree=35
num_leaves=7
num_cat=1
split_feature=0 10 1 0 3 5
split_gain=40249.3 18634.3 5869.76 4310.75 3115.15 2042.58
threshold=1.1215190243431474 0 57.820000000000007 1.849476316104649 39.000000000000007 1.7214879011031492
decision_type=2 9 8 2 10 8
left_child=4 3 -3 -2 5 -1
right_child=1 2 -4 -5 -6 -7
leaf_value=-0.26868189238860984 -0.10541704126219184 0.41583950434153782 0.10621418560021802 0.11393855055535076 0.0092191321253776541 -0.12050779417645735
leaf_weight=218 153 225 94 131 70 224
leaf_count=218 153 225 94 131 70 224
internal_value=0.0180055 0.181407 0.326788 -0.0030969 -0.173911 -0.202187
internal_weight=1115 603 319 284 512 442
internal_count=1115 603 319 284 512 442
cat_boundaries=0 1
cat_threshold=2
is_linear=0
shrinkage=0.03


Tree=36
num_leaves=7
num_cat=2
split_feature=0 10 10 0 0 5
split_gain=33348.6 9976.03 6638.2 4565.16 4349.31 3717.3
threshold=1.4560472302319762 0 1 0.82048902867916607 0.82048902867916607 1.668816654837433
decision_type=2 9 9 2 2 10
left_child=1 3 -2 -1 -3 -6
right_child=2 4 -4 -5 5 -7
leaf_value=-0.065722129019823938 0.075859329839710318 -0.23619683811653847 0.37721385434025623 0.28307124713099147 -0.13259561630221556 0.062481530974077625
leaf_weight=46 153 282 153 63 286 109
leaf_count=46 153 282 153 63 286 109
internal_value=-0.00148916 -0.105072 0.254517 0.13739 -0.146882 -0.0782027
internal_weight=1092 786 306 109 677 395
internal_count=1092 786 306 109 677 395
cat_boundaries=0 1 2
cat_threshold=13 2
is_linear=0
shrinkage=0.03


Tree=37
num_leaves=7
num_cat=1
split_feature=10 6 4 6 6 3
split_gain=14322.4 7456.98 3827.95 3320.24 5830.92 1770.02
threshold=0 92.000000000000014 0.11246828732001236 49.395000000000003 45.750000000000007 47.500000000000007
decision_type=9 8 10 10 10 8
left_child=1 3 5 4 -1 -2
right_child=2 -3 -4 -5 -6 -7
leaf_value=-0.059115310451791928 -0.20388290440560655 0.2817403303247622 0.0042319695688324208 -0.10781845887979635 0.20173087468540127 -0.058270662839456297
leaf_weight=124 215 156 223 84 156 144
leaf_count=124 215 156 223 84 156 144
internal_value=0.00784733 0.118737 -0.092223 0.0407784 0.0897734 -0.151791
internal_weight=1102 520 582 364 280 359
internal_count=1102 520 582 364 280 359
cat_boundaries=0 1
cat_threshold=269
is_linear=0
shrinkage=0.03


Tree=38
num_leaves=7
num_cat=0
split_feature=0 4 4 1 3 0
split_gain=34356.8 9468.83 7266.94 4215.65 3439.26 2905.86
threshold=1.320454282340833 0.0089800527850774792 0.47732050057094927 57.820000000000007 39.000000000000007 1.849476316104649
decision_type=2 8 10 10 10 2
left_child=4 -2 5 -4 -1 -3
right_child=1 2 3 -5 -6 -7
leaf_value=-0.19434494972512692 0.48001007122695444 -0.059686584577641699 0.33301071423812195 0.025030257806181906 0.023322068164745965 0.11064782537250634
leaf_weight=479 55 178 129 60 70 146
leaf_count=479 55 178 129 60 70 146
internal_value=-0.000411413 0.160359 0.109251 0.247278 -0.166642 0.0188651
internal_weight=1117 568 513 189 549 324
internal_count=1117 568 513 189 549 324
is_linear=0
shrinkage=0.03


Tree=39
num_leaves=7
num_cat=2
split_feature=10 10 1 5 2 3
split_gain=14302.8 5555.72 4842.86 3116.99 2940.19 1772.8
threshold=0 1 49.500000000000007 0.98207408486454961 0.38000000000000006 42.500000000000007
decision_type=9 9 8 10 10 10
left_child=4 3 -3 5 -1 -2
right_child=1 2 -4 -5 -6 -7
leaf_value=0.048211479072387396 -0.15653626035856494 0.13807148577461781 -0.05611366949887836 0.085619525710741676 0.36534310957703447 0
leaf_weight=45 419 193 235 52 84 77
leaf_count=45 419 193 235 52 84 77
internal_value=-0.00549471 -0.0471481 0.032839 -0.108185 0.259053 -0.133248
internal_weight=1105 976 428 548 129 496
internal_count=1105 976 428 548 129 496
cat_boundaries=0 1 2
cat_threshold=13 34
is_linear=0
shrinkage=0.03


Tree=40
num_leaves=7
num_cat=1
split_feature=11 5 5 3 1 7
split_gain=11798.6 6967.02 6178.09 5620.21 4253.86 2677.95
threshold=0 1.668816654837433 1.6272729315368084 42.500000000000007 49.500000000000007 0.49094479065313906
decision_type=9 10 10 8 10 10
left_child=1 -1 3 -2 -3 -6
right_child=2 4 -4 -5 5 -7
leaf_value=-0.10375533618396951 0.3510742716159031 0.20257449197836896 -0.06682604868051617 0.041296228839238301 0.065598180242206747 -0.16628158616254457
leaf_weight=571 137 112 66 89 95 54
leaf_count=571 137 112 66 89 95 54
internal_value=0.0127031 -0.0455692 0.167307 0.242601 0.0782163 -0.0278168
internal_weight=1124 832 292 226 261 149
internal_count=1124 832 292 226 261 149
cat_boundaries=0 1
cat_threshold=456
is_linear=0
shrinkage=0.03


Tree=41
num_leaves=7
num_cat=1
split_feature=0 10 0 3 9 0
split_gain=31944.4 15651.1 3842.3 2953.25 2874.55 2696.38
threshold=1.320454282340833 0 1.849476316104649 39.000000000000007 590.75000000000011 0.82048902867916607
decision_type=2 9 2 10 8 2
left_child=3 2 -2 5 -3 -1
right_child=1 4 -4 -5 -6 -7
leaf_value=-0.24640374650103553 -0.10092798103166874 0.05112804503958733 0.10572314056695675 0.022938879506532533 0.35196380048642317 -0.086962091608771247
leaf_weight=258 152 41 133 66 245 197
leaf_count=258 152 41 133 66 245 197
internal_value=0.00881922 0.161193 -0.00356817 -0.157853 0.305219 -0.184065
internal_weight=1092 571 285 521 286 455
internal_count=1092 571 285 521 286 455
cat_boundaries=0 1
cat_threshold=2
is_linear=0
shrinkage=0.03


Tree=42
num_leaves=7
num_cat=1
split_feature=0 10 0 4 0 2
split_gain=29950.3 13125.1 4814.26 2898.37 2388.45 1560.02
threshold=1.1215190243431474 0 1.4560472302319762 0.16642738394522519 0.82048902867916607 0.30250000000000005
decision_type=2 9 2 10 2 8
left_child=4 3 -3 -2 -1 -6
right_child=1 2 -4 -5 5 -7
leaf_value=-0.21492566777002847 -0.063774181574327238 0.13493581580924136 0.3957798944732972 0.12248770602651544 -0.19957404449337818 -0.016817466317253664
leaf_weight=314 213 155 148 91 41 152
leaf_count=314 213 155 148 91 41 152
internal_value=0.00164881 0.141789 0.270765 -0.00360254 -0.165032 -0.071017
internal_weight=1114 607 303 304 507 193
internal_count=1114 607 303 304 507 193
cat_boundaries=0 1
cat_threshold=2
is_linear=0
shrinkage=0.03


Tree=43
num_leaves=7
num_cat=1
split_feature=11 5 5 8 2 2
split_gain=9747.5 6456.75 4166.97 4156.87 4076.18 2376.7
threshold=0 1.668816654837433 1.6272729315368084 96.350000000000009 0.29000000000000009 0.38000000000000006
decision_type=9 10 10 8 10 10
left_child=1 -1 5 -3 -5 -2
right_child=2 3 -4 4 -6 -7
leaf_value=-0.10039320092660461 0.0042525223092954659 0.2515620264267347 -0.042889115914355881 0.20571749099297448 -0.072831496528416709 0.25949092280119657
leaf_weight=591 41 63 66 44 161 172
leaf_count=591 41 63 66 44 161 172
internal_value=0.00510882 -0.0454636 0.15014 0.0724412 0 0.2152
internal_weight=1138 859 279 268 205 213
internal_count=1138 859 279 268 205 213
cat_boundaries=0 1
cat_threshold=456
is_linear=0
shrinkage=0.03


Tree=44
num_leaves=7
num_cat=2
split_feature=10 11 7 3 9 3
split_gain=13334.2 6696.85 3377.47 2511.04 2311.49 1848.11
threshold=0 1 0.46387796686712485 39.000000000000007 461.00000000000006 26.000000000000004
decision_type=9 9 8 10 10 8
left_child=3 -2 5 -1 -4 -3
right_child=1 2 4 -5 -6 -7
leaf_value=-0.12583294401766068 -0.095182522382340665 -0.014497685993418974 0.25887237981719485 0.047718809276588794 0.0088293923266598417 0.15542777872423535
leaf_weight=477 106 133 216 77 41 77
leaf_count=477 106 133 216 77 41 77
internal_value=0.00316979 0.102066 0.150002 -0.0990586 0.222717 0.055645
internal_weight=1127 573 467 554 257 210
internal_count=1127 573 467 554 257 210
cat_boundaries=0 1 2
cat_threshold=34 136
is_linear=0
shrinkage=0.03


Tree=45
num_leaves=7
num_cat=2
split_feature=0 10 1 0 0 10
split_gain=27869.4 10222.3 7936.16 3133.32 2824.22 2645.62
threshold=1.320454282340833 0 55.625000000000007 1.849476316104649 0.82048902867916607 1
decision_type=2 9 10 2 2 9
left_child=4 3 -3 -2 -1 -6
right_child=1 2 -4 -5 5 -7
leaf_value=-0.22247556971580337 -0.080954834518141172 0.35040251833173724 -0.014796288922767747 0.10346119658911929 -0.15639059224937643 0.03627700740761227
leaf_weight=306 161 203 68 133 110 105
leaf_count=306 161 203 68 133 110 105
internal_value=-0.0104068 0.133255 0.255075 0.00344672 -0.165479 -0.0720736
internal_weight=1086 565 271 294 521 215
internal_count=1086 565 271 294 521 215
cat_boundaries=0 1 2
cat_threshold=2 2
is_linear=0
shrinkage=0.03


Tree=46
num_leaves=7
num_cat=2
split_feature=11 10 1 7 9 9
split_gain=10841.1 4624.46 5785.04 4426.25 3070.02 2612.16
threshold=0 1 45.70000000000001 0.46086390488601386 395.00000000000006 164.50000000000003
decision_type=9 9 10 10 10 8
left_child=1 4 -3 -2 5 -1
right_child=3 2 -4 -5 -6 -7
leaf_value=0.035591255337386933 0.044034235521816137 0.16958574815253086 -0.064633440322698424 0.2801279866573762 0.059927432207244169 -0.17092956086272387
leaf_weight=57 158 140 215 127 69 349
leaf_count=57 158 140 215 127 69 349
internal_value=0.00535932 -0.0499233 0.0308698 0.1558 -0.108671 -0.141485
internal_weight=1115 830 355 285 475 406
internal_count=1115 830 355 285 475 406
cat_boundaries=0 1 2
cat_threshold=456 34
is_linear=0
shrinkage=0.03


Tree=47
num_leaves=7
num_cat=0
split_feature=0 0 4 6 3 0
split_gain=31552 8245.02 4726.41 4606.61 3056.29 1590.58
threshold=1.1215190243431474 2.0191113191843595 0.015399037623036229 49.395000000000003 39.000000000000007 0.82048902867916607
decision_type=2 2 8 8 10 2
left_child=4 2 -2 -4 5 -1
right_child=1 -3 3 -5 -6 -7
leaf_value=-0.2313696965157464 0.32657481551170348 0.36273513704538346 0.20521575662517741 -0.010278303642782559 0.023724902129986066 -0.10063712429887843
leaf_weight=273 47 118 104 311 68 192
leaf_count=273 47 118 104 311 68 192
internal_value=0.00612886 0.156738 0.091131 0.0505394 -0.157393 -0.183889
internal_weight=1113 580 462 415 533 465
internal_count=1113 580 462 415 533 465
is_linear=0
shrinkage=0.03


Tree=48
num_leaves=7
num_cat=2
split_feature=10 11 5 3 3 9
split_gain=11050.7 8293.75 2550.57 4487.68 3151.67 2166.86
threshold=0 1 1.6272729315368084 39.000000000000007 21.000000000000004 395.00000000000006
decision_type=9 9 10 8 8 10
left_child=5 -2 3 -3 -4 -1
right_child=1 2 4 -5 -6 -7
leaf_value=-0.11626345657729903 -0.11731203419241037 0.32038394067801684 -0.0018372245866339653 0.037597857549786569 0.20808899241554388 0.052936539588303404
leaf_weight=459 113 133 172 85 82 67
leaf_count=459 113 133 172 85 82 67
internal_value=0.00528604 0.0927857 0.147209 0.2228 0.0759574 -0.0917711
internal_weight=1111 585 472 218 254 526
internal_count=1111 585 472 218 254 526
cat_boundaries=0 1 2
cat_threshold=2 136
is_linear=0
shrinkage=0.03


Tree=49
num_leaves=7
num_cat=1
split_feature=11 5 2 7 1 7
split_gain=7373.78 5140.78 3817.21 3549.85 3220.5 2364.35
threshold=0 1.668816654837433 0.35500000000000004 0.33392556775576476 45.70000000000001 0.49094479065313906
decision_type=9 10 10 8 10 10
left_child=1 -1 -2 -4 -3 -6
right_child=2 4 3 -5 5 -7
leaf_value=-0.08200070266332786 -0.03802081419092216 0.19748150210865006 0.019046125689457204 0.28851610337760275 0.061148394677479553 -0.14549259313981827
leaf_weight=584 69 92 67 131 137 53
leaf_count=584 69 92 67 131 137 53
internal_value=0.0116287 -0.0316642 0.140872 0.20772 0.0698585 -0.00457458
internal_weight=1133 866 267 198 282 190
internal_count=1133 866 267 198 282 190
cat_boundaries=0 1
cat_threshold=456
is_linear=0
shrinkage=0.03


Tree=50
num_leaves=7
num_cat=0
split_feature=0 2 0 0 3 7
split_gain=25001.3 6859.97 4724.55 2052.35 2119.05 2319.27
threshold=1.320454282340833 0.35500000000000004 1.849476316104649 0.82048902867916607 32.500000000000007 0.31894387102045269
decision_type=2 10 2 2 8 10
left_child=3 -2 -3 4 -1 -6
right_child=1 2 -4 -5 5 -7
leaf_value=-0.24797904306599361 0.022485742531465115 0.096920987442135814 0.34487241253896728 -0.063092815150037285 -0.19936910762786864 0.026642529979348184
leaf_weight=200 276 160 143 222 55 80
leaf_count=200 276 160 143 222 55 80
internal_value=-0.00145028 0.134283 0.228235 -0.142413 -0.188292 -0.0788931
internal_weight=1136 579 303 557 335 135
internal_count=1136 579 303 557 335 135
is_linear=0
shrinkage=0.03


Tree=51
num_leaves=7
num_cat=3
split_feature=10 10 1 2 7 11
split_gain=11138.7 3648.41 2796.37 3583.72 2621.64 2235.19
threshold=0 1 49.500000000000007 0.47500000000000003 0.63831563505562794 2
decision_type=9 9 10 8 8 9
left_child=-1 2 -2 -4 5 -3
right_child=1 4 3 -5 -6 -7
leaf_value=0.22507817306063688 0.115973261306311 0.028784690451199614 -0.14580857998196037 0.094135929027807361 -0.17361266392937047 -0.10073885942891805
leaf_weight=146 186 224 105 83 168 207
leaf_count=146 186 224 105 83 168 207
internal_value=0.0050669 -0.0336815 0.0380208 -0.0407215 -0.0782241 -0.0365938
internal_weight=1119 973 374 188 599 431
internal_count=1119 973 374 188 599 431
cat_boundaries=0 1 2 3
cat_threshold=13 256 98
is_linear=0
shrinkage=0.03


Tree=52
num_leaves=7
num_cat=0
split_feature=0 0 4 1 0 4
split_gain=24907.7 9936.16 2794.47 2373.86 2354.41 3461.99
threshold=1.320454282340833 2.0191113191843595 0.16642738394522519 59.410000000000004 0.82048902867916607 1.1505486461802947
decision_type=2 2 10 10 2 10
left_child=4 2 -2 -4 -1 -6
right_child=1 -3 3 -5 5 -7
leaf_value=-0.1940279271815552 -0.0071834926145328652 0.36254697249481715 0.2097594103676659 0.010068609761161225 -0.11834838182880328 0.13830657705548219
leaf_weight=314 232 117 132 87 175 44
leaf_count=314 232 117 132 87 175 44
internal_value=0.00159485 0.13755 0.066137 0.138162 -0.142914 -0.0592733
internal_weight=1101 568 451 219 533 219
internal_count=1101 568 451 219 533 219
is_linear=0
shrinkage=0.03


Tree=53
num_leaves=7
num_cat=2
split_feature=0 0 2 10 0 10
split_gain=23516 6542.89 4551.43 2628.44 2176.24 2567.38
threshold=1.849476316104649 1.320454282340833 0.35500000000000004 0 0.23244339915132542 1
decision_type=2 2 10 9 2 9
left_child=1 4 -2 -3 -1 -6
right_child=2 3 -4 -5 5 -7
leaf_value=-0.24503476638264127 0.083338781749467836 -0.050390247631422629 0.34669197664119117 0.11230642102578202 -0.0016249909170943757 -0.15203295250071419
leaf_weight=115 119 149 144 155 177 240
leaf_count=115 119 149 144 155 177 240
internal_value=0.00501648 -0.0733973 0.242055 0.0361013 -0.135118 -0.0948404
internal_weight=1099 836 263 304 532 417
internal_count=1099 836 263 304 532 417
cat_boundaries=0 1 2
cat_threshold=2 261
is_linear=0
shrinkage=0.03


Tree=54
num_leaves=7
num_cat=1
split_feature=4 4 1 7 11 1
split_gain=7785.83 3943.08 4948.36 3040.99 2678.92 3578.51
threshold=0.0047272588907713818 0.64259698634698648 45.70000000000001 0.43738188072273859 0 64.760000000000005
decision_type=8 10 10 10 9 8
left_child=-1 4 3 -3 -2 -6
right_child=1 2 -4 -5 5 -7
leaf_value=0.2712320127170913 -0.11248529272819204 0.059361919945672803 -0.024304476525973187 0.33048885916396009 0.075719917793815233 -0.11398471172185654
leaf_weight=78 306 95 222 57 225 121
leaf_count=78 306 95 222 57 225 121
internal_value=0.0157098 -0.00847318 0.0669862 0.18799 -0.0525529 0.00643493
internal_weight=1104 1026 374 152 652 346
internal_count=1104 1026 374 152 652 346
cat_boundaries=0 1
cat_threshold=384
is_linear=0
shrinkage=0.03


Tree=55
num_leaves=7
num_cat=2
split_feature=0 10 1 4 10 0
split_gain=25956.8 9097.68 6210.91 2406.44 2174.01 2976.86
threshold=1.320454282340833 0 52.500000000000007 0.16642738394522519 1 0.82048902867916607
decision_type=2 9 8 10 9 2
left_child=4 3 -3 -2 5 -1
right_child=1 2 -4 -5 -6 -7
leaf_value=-0.13376109913824233 -0.044933542370205172 0.34260231741575586 0.033403913514954704 0.12972361730618609 -0.19209029177664999 0.068625796286897217
leaf_weight=150 188 212 85 88 285 90
leaf_count=150 188 212 85 88 285 90
internal_value=0.0106942 0.147918 0.253979 0.0150457 -0.138897 -0.0560391
internal_weight=1098 573 297 276 525 240
internal_count=1098 573 297 276 525 240
cat_boundaries=0 1 2
cat_threshold=2 389
is_linear=0
shrinkage=0.03


Tree=56
num_leaves=7
num_cat=1
split_feature=0 10 1 3 6 1
split_gain=18909.8 6184.46 6501.05 2935.99 2703.07 2499.41
threshold=1.1215190243431474 0 57.820000000000007 32.500000000000007 86.915000000000006 25.250000000000004
decision_type=2 9 8 8 8 8
left_child=3 4 -3 -1 -2 -5
right_child=1 2 -4 5 -6 -7
leaf_value=-0.16968844497324503 0.10665897575517495 0.30026201244333162 0 -0.15987690107645214 -0.063326963599750097 0.05386557872627383
leaf_weight=335 142 216 90 54 156 128
leaf_count=335 142 216 90 54 156 128
internal_value=0.0112971 0.123475 0.211056 -0.119363 0.0185159 -0.0188059
internal_weight=1121 604 306 517 298 182
internal_count=1121 604 306 517 298 182
cat_boundaries=0 1
cat_threshold=2
is_linear=0
shrinkage=0.03


Tree=57
num_leaves=7
num_cat=2
split_feature=0 10 1 0 10 1
split_gain=17558.3 7299.25 4901.63 2484.78 4026.6 1844.33
threshold=1.320454282340833 0 55.625000000000007 0.23244339915132542 1 45.70000000000001
decision_type=2 9 10 2 9 10
left_child=3 -2 -3 -1 5 -5
right_child=1 2 -4 4 -6 -7
leaf_value=-0.22062276080040863 0.0091128144084819049 0.29486810479219222 -0.0027734560919244113 0.13262974184114953 -0.13758546887626572 -0.048699994054487314
leaf_weight=122 274 218 62 83 249 83
leaf_count=122 274 218 62 83 249 83
internal_value=0.0103794 0.126692 0.225455 -0.109749 -0.0683715 0.0437998
internal_weight=1091 554 280 537 415 166
internal_count=1091 554 280 537 415 166
cat_boundaries=0 1 2
cat_threshold=2 261
is_linear=0
shrinkage=0.03


Tree=58
num_leaves=7
num_cat=2
split_feature=10 3 4 1 4 11
split_gain=10893.3 4456.73 2492.83 3506.45 2107.95 2009.12
threshold=0 32.500000000000007 0.47732050057094927 49.500000000000007 0.11246828732001236 1
decision_type=9 10 10 10 10 9
left_child=-1 2 5 -4 -3 -2
right_child=1 4 3 -5 -6 -7
leaf_value=0.22749518041390665 -0.014442542406502477 -0.00071964456754572252 0.10494128761907755 -0.078177960626224965 0.22880149759823765 -0.13815665173936975
leaf_weight=142 205 65 157 181 59 322
leaf_count=142 205 65 157 181 59 322
internal_value=0.00682799 -0.0306282 -0.0556207 0.00782357 0.124682 -0.0952196
internal_weight=1131 989 865 338 124 527
internal_count=1131 989 865 338 124 527
cat_boundaries=0 1 2
cat_threshold=13 64
is_linear=0
shrinkage=0.03


Tree=59
num_leaves=7
num_cat=0
split_feature=4 8 4 3 6 7
split_gain=7783.26 2724.98 4954.94 819.927 2135.85 2032.55
threshold=0.0047272588907713818 97.40000000000002 0.2376554870639182 32.500000000000007 39.310000000000009 0.51423744976039387
decision_type=8 8 8 8 10 8
left_child=-1 2 -2 4 -3 -5
right_child=1 3 -4 5 -6 -7
leaf_value=0.23815804081658523 -0.077705154705722382 0.048154049519020893 0.21818673301269026 0.065238081520320443 -0.10114596436330049 -0.083716838438353841
leaf_weight=88 86 93 82 143 437 147
leaf_count=88 86 93 82 143 437 147
internal_value=-0.00389583 -0.0298124 0.0742463 -0.0524633 -0.0740405 -0.0106029
internal_weight=1076 988 168 820 530 290
internal_count=1076 988 168 820 530 290
is_linear=0
shrinkage=0.03


Tree=60
num_leaves=7
num_cat=1
split_feature=0 11 3 1 4 7
split_gain=17183.2 4841.33 3306.99 3271.65 2730.78 2020.63
threshold=1.1215190243431474 0 39.000000000000007 41.080000000000005 1.1420135310483051 0.52235555352162732
decision_type=2 9 10 8 10 8
left_child=2 4 -1 -3 -2 -5
right_child=1 3 -4 5 -6 -7
leaf_value=-0.14427762032510377 -0.044270598117794303 0.28767407256240646 0.06522835513641094 0.15617689512871408 0.13990716623897489 -0.050428688938386347
leaf_weight=448 190 160 67 91 91 56
leaf_count=448 190 160 67 91 91 56
internal_value=0.00861104 0.117627 -0.11549 0.193722 0.0198485 0.0804973
internal_weight=1103 588 515 307 281 147
internal_count=1103 588 515 307 281 147
cat_boundaries=0 1
cat_threshold=392
is_linear=0
shrinkage=0.03


Tree=61
num_leaves=7
num_cat=1
split_feature=0 0 10 9 4 6
split_gain=17521.8 5417.34 3791.78 3715.87 2230.66 1778.64
threshold=1.4560472302319762 0.82048902867916607 0 541.50000000000011 1.3106148416865515 80.430000000000021
decision_type=2 2 9 8 8 8
left_child=1 -1 5 -2 -5 -3
right_child=3 2 -4 4 -6 -7
leaf_value=-0.17358505545679581 0.033402818565242992 0.02342127981655141 0.068728738054030999 0.32134718851060479 0.083093472945780206 -0.14388549686365182
leaf_weight=307 114 74 231 128 71 169
leaf_count=307 114 74 231 128 71 169
internal_value=-0.00357271 -0.0795966 -0.0140376 0.17933 0.251968 -0.0913288
internal_weight=1094 781 474 313 199 243
internal_count=1094 781 474 313 199 243
cat_boundaries=0 1
cat_threshold=34
is_linear=0
shrinkage=0.03


Tree=62
num_leaves=7
num_cat=1
split_feature=0 10 0 6 9 0
split_gain=18815 5143.54 3132.93 2613.91 2586.21 1927.45
threshold=1.849476316104649 0 1.3846886630380695 49.395000000000003 395.00000000000006 0.82048902867916607
decision_type=2 9 2 8 8 2
left_child=1 5 -3 -4 -2 -1
right_child=4 2 3 -5 -6 -7
leaf_value=-0.039425760410152944 0.052090800500177226 -0.13695636908012923 0.12467283913204746 -0.065973829515803023 0.27282685075096469 0.18127835792553898
leaf_weight=45 77 475 73 193 191 81
leaf_count=45 77 475 73 193 191 81
internal_value=0.00702551 -0.0614485 -0.0911171 -0.0083841 0.217636 0.100554
internal_weight=1135 867 741 266 268 126
internal_count=1135 867 741 266 268 126
cat_boundaries=0 1
cat_threshold=13
is_linear=0
shrinkage=0.03


Tree=63
num_leaves=7
num_cat=1
split_feature=0 10 3 5 8 0
split_gain=14774.7 6143.02 2843.53 2537.7 2101.71 2383.63
threshold=1.320454282340833 0 39.000000000000007 2.079249323115731 74.620000000000019 1.9375219456324897
decision_type=2 9 10 10 10 2
left_child=2 4 -1 -3 5 -2
right_child=1 3 -4 -5 -6 -7
leaf_value=-0.13140977375973292 -0.10105665291349093 0.25470420232081314 0.058660563453213202 0.022374439787168007 0.16967606115536613 0.07032568474036098
leaf_weight=453 142 221 71 57 41 114
leaf_count=453 142 221 71 57 41 114
internal_value=0.00876724 0.111982 -0.104336 0.205086 0.0104058 -0.0249548
internal_weight=1099 575 524 278 297 256
internal_count=1099 575 524 278 297 256
cat_boundaries=0 1
cat_threshold=2
is_linear=0
shrinkage=0.03


Tree=64
num_leaves=7
num_cat=1
split_feature=0 11 4 4 0 4
split_gain=19205.9 7755.96 2280.2 2297.83 2155.59 2739.24
threshold=1.320454282340833 0 1.1420135310483051 1.3106148416865515 0.82048902867916607 1.1420135310483051
decision_type=2 9 10 10 2 10
left_child=4 2 -2 -4 -1 -6
right_child=1 -3 3 -5 5 -7
leaf_value=-0.15918795718119069 0.021950958792925686 0.31675175488379692 0.28991978428286053 0.024406413251086126 -0.08845963670135433 0.13517244799570602
leaf_weight=323 350 125 49 59 181 46
leaf_count=323 350 125 49 59 181 46
internal_value=0.0137125 0.13156 0.0618328 0.171817 -0.111334 -0.0356235
internal_weight=1133 583 458 108 550 227
internal_count=1133 583 458 108 550 227
cat_boundaries=0 1
cat_threshold=456
is_linear=0
shrinkage=0.03


Tree=65
num_leaves=7
num_cat=1
split_feature=0 10 2 0 0 2
split_gain=16570 4688.66 3968.21 3062.21 1932.58 1279.11
threshold=1.849476316104649 0 0.35500000000000004 0.82048902867916607 1.3846886630380695 0.47500000000000003
decision_type=2 9 10 2 2 8
left_child=1 4 -2 -3 -1 -6
right_child=2 3 -4 -5 5 -7
leaf_value=-0.1268496685574064 0.062600236636309217 -0.077326766890050344 0.31470678468328595 0.19141352085110086 -0.073337847201093542 0.050618420555366306
leaf_weight=460 111 46 129 84 166 107
leaf_count=460 111 46 129 84 166 107
internal_value=0.00159861 -0.0603587 0.212123 0.0921465 -0.0892531 -0.0244106
internal_weight=1103 863 240 130 733 273
internal_count=1103 863 240 130 733 273
cat_boundaries=0 1
cat_threshold=418
is_linear=0
shrinkage=0.03


Tree=66
num_leaves=7
num_cat=2
split_feature=10 3 10 1 3 2
split_gain=7590.13 4017.93 2920.99 2548.66 2462.37 2066.59
threshold=0 32.500000000000007 1 64.760000000000005 21.000000000000004 0.32750000000000007
decision_type=9 8 9 8 8 10
left_child=4 3 -3 5 -1 -2
right_child=1 2 -4 -5 -6 -7
leaf_value=0.26362446354702113 -0.12177150412820852 0.16142785524871819 -0.015054389622650646 -0.16279656736927237 0.0010734658688306808 0.0086169699270357471
leaf_weight=106 136 114 198 167 44 356
leaf_count=106 136 114 198 167 44 356
internal_value=0.00604668 -0.0263598 0.0594976 -0.0680403 0.185252 -0.030657
internal_weight=1121 971 312 659 150 492
internal_count=1121 971 312 659 150 492
cat_boundaries=0 1 2
cat_threshold=13 256
is_linear=0
shrinkage=0.03


Tree=67
num_leaves=7
num_cat=0
split_feature=7 3 2 8 5 6
split_gain=4151.49 3097.23 2758.59 3864.91 2469.05 2021.37
threshold=0.67114841774255052 32.500000000000007 0.32750000000000007 97.40000000000002 1.6056135811976957 93.77500000000002
decision_type=10 8 10 8 10 8
left_child=1 2 -1 -4 -3 -2
right_child=5 4 3 -5 -6 -7
leaf_value=-0.14934762306989513 0.01204008387724081 0.0083448201987180812 0.16067649068957879 -0.0510772473336953 0.18865548762492834 0.24421590265582552
leaf_weight=167 58 247 75 404 76 71
leaf_count=167 58 247 75 404 76 71
internal_value=0.00831957 -0.0140157 -0.0515323 -0.0126904 0.0594723 0.155858
internal_weight=1098 969 646 479 323 129
internal_count=1098 969 646 479 323 129
is_linear=0
shrinkage=0.03


Tree=68
num_leaves=7
num_cat=0
split_feature=4 8 4 2 2 4
split_gain=5578.78 3686.87 5780.71 1956.29 1482.99 195.384
threshold=0.0040938286798763825 97.40000000000002 0.2376554870639182 0.22000000000000003 0.32750000000000007 0.043963746133934604
decision_type=8 8 8 8 8 10
left_child=-1 2 5 -3 -5 -2
right_child=1 3 -4 4 -6 -7
leaf_value=0.22923797536422222 -0.0031523445004322491 0.12668484598059546 0.25371424040512031 -0.12837023969958808 -0.022940776327405279 -0.089291289194541823
leaf_weight=82 41 46 94 133 633 48
leaf_count=82 41 46 94 133 633 48
internal_value=0.0179233 -0.00360636 0.111031 -0.0315622 -0.0441234 -0.0580193
internal_weight=1077 995 183 812 766 89
internal_count=1077 995 183 812 766 89
is_linear=0
shrinkage=0.03


Tree=69
num_leaves=7
num_cat=0
split_feature=0 0 6 2 3 6
split_gain=12167.8 4484.79 3256.34 3105.74 1828.8 1653.49
threshold=1.849476316104649 0.82048902867916607 49.395000000000003 0.35500000000000004 32.500000000000007 44.75500000000001
decision_type=2 2 8 10 8 10
left_child=1 4 5 -2 -1 -3
right_child=3 2 -4 -5 -6 -7
leaf_value=-0.19978411364136264 0.047754061165114131 -0.007543784854588685 -0.042357626570744461 0.26803785565953986 -0.043180239384304986 0.1855708169426237
leaf_weight=172 109 61 425 136 126 85
leaf_count=172 109 61 425 136 126 85
internal_value=0.00283603 -0.0503466 0 0.181261 -0.140638 0.113337
internal_weight=1114 869 571 245 298 146
internal_count=1114 869 571 245 298 146
is_linear=0
shrinkage=0.03


Tree=70
num_leaves=7
num_cat=0
split_feature=0 4 0 0 4 3
split_gain=15091.6 7451.96 3240.07 1592.57 1846.54 1523.75
threshold=1.320454282340833 0.0040938286798763825 2.0191113191843595 0.82048902867916607 1.1420135310483051 39.000000000000007
decision_type=2 8 2 2 10 10
left_child=3 -2 -3 5 -5 -1
right_child=1 2 -4 4 -6 -7
leaf_value=-0.17300050320678484 0.41522888256155926 0.034714953056954101 0.21164307425916193 -0.077989238452804935 0.11447981389819599 -0.00087249327402610282
leaf_weight=249 49 415 105 155 41 57
leaf_count=249 49 415 105 155 41 57
internal_value=0.0155252 0.119401 0.0770674 -0.102163 -0.030578 -0.143142
internal_weight=1071 569 520 502 196 306
internal_count=1071 569 520 502 196 306
is_linear=0
shrinkage=0.03


Tree=71
num_leaves=7
num_cat=0
split_feature=4 8 8 5 6 9
split_gain=5440.81 2943.59 2349.19 1768.38 2247.41 1156.73
threshold=0.0040938286798763825 74.620000000000019 97.40000000000002 1.668816654837433 44.75500000000001 554.50000000000011
decision_type=8 10 10 8 10 8
left_child=-1 3 5 -2 -5 -3
right_child=1 2 -4 4 -6 -7
leaf_value=0.23105448103101733 -0.076701013510156971 0.012473526537418365 -0.046170041345316784 -0.038491024598104245 0.10654646304134333 0.21093705313876995
leaf_weight=69 451 40 67 278 122 83
leaf_count=69 451 40 67 278 122 83
internal_value=0.00580095 -0.0131468 0.0878959 -0.0372754 0.0085697 0.157587
internal_weight=1110 1041 190 851 400 123
internal_count=1110 1041 190 851 400 123
is_linear=0
shrinkage=0.03


Tree=72
num_leaves=7
num_cat=0
split_feature=0 0 2 6 2 6
split_gain=16048 4365.49 3017.49 2435.43 2031.23 1375.23
threshold=1.849476316104649 0.82048902867916607 0.35500000000000004 49.395000000000003 0.35500000000000004 44.75500000000001
decision_type=2 2 10 8 10 10
left_child=1 -1 -2 5 -5 -3
right_child=2 3 -4 4 -6 -7
leaf_value=-0.14384546459054146 0.06541801147975114 -0.020856112008159226 0.28703103075612268 -0.10395336609417334 0.028577927464676883 0.15870025480494782
leaf_weight=338 109 54 139 214 174 82
leaf_count=338 109 54 139 214 174 82
internal_value=-0.00127143 -0.0630766 0.202003 -0.00749429 -0.0458847 0.0934877
internal_weight=1110 862 248 524 388 136
internal_count=1110 862 248 524 388 136
is_linear=0
shrinkage=0.03


Tree=73
num_leaves=7
num_cat=2
split_feature=10 5 5 11 9 5
split_gain=4738.44 1997.34 2616.04 2082.87 1551.44 1410.3
threshold=0 1.668816654837433 2.079249323115731 1 447.50000000000006 1.6272729315368084
decision_type=9 10 10 9 10 8
left_child=-1 3 4 -2 -3 -5
right_child=1 2 -4 5 -6 -7
leaf_value=0.1343049736057009 -0.11368370594850309 0.15223698945914174 -0.069304399492318883 0.044595414768904447 -0.038101516837875049 -0.065655816298049799
leaf_weight=145 325 121 120 190 43 188
leaf_count=145 325 121 120 190 43 188
internal_value=-0.0102286 -0.0347558 0.0304026 -0.0617553 0.103288 -0.010371
internal_weight=1132 987 284 703 164 378
internal_count=1132 987 284 703 164 378
cat_boundaries=0 1 2
cat_threshold=13 384
is_linear=0
shrinkage=0.03


Tree=74
num_leaves=7
num_cat=1
split_feature=10 3 6 6 1 6
split_gain=6433.28 3214.84 2650.39 2553.73 2009.07 1452.87
threshold=0 32.500000000000007 80.430000000000021 51.732500000000009 65.835000000000022 46.660000000000004
decision_type=9 8 8 8 10 10
left_child=-1 2 4 5 -2 -3
right_child=1 3 -4 -5 -6 -7
leaf_value=0.17813029804229735 0.032105333165518037 0.018379671258851888 -0.12858507573922925 -0.00049300811659544702 -0.11266269916384401 0.25630292939468169
leaf_weight=145 301 40 255 230 98 51
leaf_count=145 301 40 255 230 98 51
internal_value=0.0105268 -0.0190172 -0.056898 0.0562376 -0.00698899 0.174417
internal_weight=1120 975 654 321 399 91
internal_count=1120 975 654 321 399 91
cat_boundaries=0 1
cat_threshold=13
is_linear=0
shrinkage=0.03


Tree=75
num_leaves=7
num_cat=1
split_feature=10 4 1 2 2 6
split_gain=4284.36 1854.2 2890.24 4324.1 1422.84 912.142
threshold=0 0.16642738394522519 49.500000000000007 0.38000000000000006 0.35500000000000004 46.395000000000003
decision_type=9 10 10 10 10 10
left_child=4 -2 5 -4 -1 -3
right_child=1 2 3 -5 -6 -7
leaf_value=0 -0.063708881322818336 -0.01605764006380923 0.10543219600505649 -0.12324750126335038 0.20771862771294333 0.12869976845533487
leaf_weight=40 508 44 97 189 90 159
leaf_count=40 508 44 97 189 90 159
internal_value=-0.00191091 -0.0243933 0.0167513 -0.0436705 0.1425 0.0984286
internal_weight=1127 997 489 286 130 203
internal_count=1127 997 489 286 130 203
cat_boundaries=0 1
cat_threshold=13
is_linear=0
shrinkage=0.03


Tree=76
num_leaves=7
num_cat=0
split_feature=4 8 1 3 7 6
split_gain=3556.28 2641.55 2966.47 2336.84 2004.04 1499.35
threshold=0.0047272588907713818 74.620000000000019 45.70000000000001 32.500000000000007 0.43142313358752082 36.505000000000003
decision_type=8 10 8 8 10 10
left_child=-1 3 -3 5 -5 -2
right_child=1 2 -4 4 -6 -7
leaf_value=0.17647624392243264 0.030256914342524571 0.20151031323923516 -0.020597222585678102 -0.033110682366187777 0.11164376217155501 -0.091715914531887238
leaf_weight=83 102 84 105 176 136 435
leaf_count=83 102 84 105 176 136 435
internal_value=0.00827941 -0.00819494 0.0876671 -0.0311308 0.0327311 -0.0681856
internal_weight=1121 1038 189 849 312 537
internal_count=1121 1038 189 849 312 537
is_linear=0
shrinkage=0.03


Tree=77
num_leaves=7
num_cat=2
split_feature=10 3 3 8 10 7
split_gain=5475.78 3019.91 2946.36 2674.81 1620.25 1677.72
threshold=0 32.500000000000007 21.000000000000004 74.245000000000019 1 0.44360641966275777
decision_type=9 8 8 10 9 10
left_child=2 3 -1 -2 -3 -6
right_child=1 4 -4 -5 5 -7
leaf_value=0.2419700383406419 -0.088437632513232528 0.12719621363507172 -0.029059477932751179 0.047470570653676984 -0.070095466538199355 0.090317181435847049
leaf_weight=110 491 124 44 160 120 81
leaf_count=110 491 124 44 160 120 81
internal_value=0.0103011 -0.0175249 0.160523 -0.054526 0.0547736 -0.00273303
internal_weight=1130 976 154 651 325 201
internal_count=1130 976 154 651 325 201
cat_boundaries=0 1 2
cat_threshold=13 256
is_linear=0
shrinkage=0.03


Tree=78
num_leaves=7
num_cat=0
split_feature=0 5 3 0 6 7
split_gain=14749.8 3433.88 3190.15 3226.35 1951.62 1105.43
threshold=1.4560472302319762 0.60171382839206278 32.500000000000007 0.82048902867916607 49.395000000000003 0.46610780924278666
decision_type=2 8 10 2 8 8
left_child=2 -2 3 -1 -5 -4
right_child=1 -3 5 4 -6 -7
leaf_value=-0.17263529822546264 -0.0041891043296655509 0.21797968261680284 0.158956395572246 0.0616212869229225 -0.075708948871648377 -0.021141841586898351
leaf_weight=263 81 238 47 110 326 48
leaf_count=263 81 238 47 110 326 48
internal_value=-0.00177602 0.164471 -0.0710416 -0.0932411 -0.0397468 0.0795864
internal_weight=1113 319 794 699 436 95
internal_count=1113 319 794 699 436 95
is_linear=0
shrinkage=0.03


Tree=79
num_leaves=7
num_cat=2
split_feature=10 3 8 10 9 1
split_gain=6051.83 3176 3902.59 2865.53 2551.04 2377.59
threshold=0 32.500000000000007 74.620000000000019 1 541.50000000000011 30.950000000000003
decision_type=9 8 10 9 8 8
left_child=5 2 -2 -3 -4 -1
right_child=1 3 4 -5 -6 -7
leaf_value=0.25297380471188574 -0.087488616875285405 0.16299625555334024 -0.09119319032849027 -0.010218283888659901 0.14142621466930766 -0.0044596260401510417
leaf_weight=105 534 116 45 207 117 42
leaf_count=105 534 116 45 207 117 42
internal_value=0.014823 -0.0130078 -0.0489118 0.062145 0.0735595 0.176753
internal_weight=1166 1019 696 323 162 147
internal_count=1166 1019 696 323 162 147
cat_boundaries=0 1 2
cat_threshold=13 256
is_linear=0
shrinkage=0.03


Tree=80
num_leaves=7
num_cat=1
split_feature=0 4 0 0 6 10
split_gain=11084.5 3831.56 3034.65 2252.89 1860.22 1496.8
threshold=1.3846886630380695 0.015399037623036229 2.0191113191843595 0.82048902867916607 49.395000000000003 0
decision_type=2 8 2 2 8 9
left_child=3 -2 4 -1 -3 -5
right_child=1 2 -4 5 -6 -7
leaf_value=-0.13739974525910528 0.29757263399087464 0.12227966463177645 0.19763105916313262 -0.082268763283254026 -0.017927958294856484 0.056471495876709618
leaf_weight=320 58 99 99 107 284 114
leaf_count=320 58 99 99 107 284 114
internal_value=0.00542698 0.0998035 0.0649786 -0.0888678 0.0224347 -0.0127756
internal_weight=1081 540 482 541 383 221
internal_count=1081 540 482 541 383 221
cat_boundaries=0 1
cat_threshold=2
is_linear=0
shrinkage=0.03


Tree=81
num_leaves=7
num_cat=0
split_feature=0 4 4 0 0 4
split_gain=12979.3 3841.76 2136.95 1852.71 1562.67 1195.6
threshold=1.3846886630380695 0.015399037623036229 0.16642738394522519 0.82048902867916607 2.0191113191843595 1.1420135310483051
decision_type=2 8 8 2 2 10
left_child=3 -2 -3 -1 -4 -5
right_child=1 2 4 5 -6 -7
leaf_value=-0.14034049930657536 0.30509600589149877 -0.023668402796943804 0.069009423511085813 -0.062762105115822378 0.22182250558492841 0.081197377656187328
leaf_weight=327 56 148 309 190 69 50
leaf_count=327 56 148 309 190 69 50
internal_value=0.00467316 0.10252 0.0704579 -0.0957315 0.1068 -0.0286009
internal_weight=1149 582 526 567 378 240
internal_count=1149 582 526 567 378 240
is_linear=0
shrinkage=0.03


Tree=82
num_leaves=7
num_cat=1
split_feature=8 11 6 1 6 6
split_gain=2892.63 2982.16 2528.59 1877.3 1255.52 972.337
threshold=97.40000000000002 0 82.27000000000001 59.410000000000004 45.300000000000004 87.740000000000023
decision_type=8 9 10 8 10 10
left_child=2 -2 -1 4 -3 -4
right_child=1 3 5 -5 -6 -7
leaf_value=0.19319088287012914 -0.093770199128856618 0.14085564918917687 -0.068375192558036202 -0.05626401917121121 0.015691383126009983 0.084699937422429358
leaf_weight=85 388 90 74 194 231 42
leaf_count=85 388 90 74 194 231 42
internal_value=-0.0111874 -0.034392 0.0864668 0.0135636 0.0571632 -0.00820494
internal_weight=1104 903 201 515 321 116
internal_count=1104 903 201 515 321 116
cat_boundaries=0 1
cat_threshold=392
is_linear=0
shrinkage=0.03


Tree=83
num_leaves=7
num_cat=0
split_feature=0 0 6 6 3 5
split_gain=10204.7 4256.31 2597.83 2170.66 1659.56 1975.73
threshold=2.1505584229378152 0.82048902867916607 49.395000000000003 44.75500000000001 32.500000000000007 0.7664336390328802
decision_type=2 2 8 10 8 10
left_child=1 4 3 -3 -1 -6
right_child=-2 2 -4 -5 5 -7
leaf_value=-0.16309317099124326 0.25052781036040234 -0.023135710127394772 -0.019460446327799856 0.18048765216282633 -0.1252107521909547 0.080366203466127092
leaf_weight=201 114 67 517 109 63 66
leaf_count=201 114 67 517 109 63 66
internal_value=0.00410197 -0.0275789 0.0150068 0.108215 -0.112927 -0.0229597
internal_weight=1137 1023 693 176 330 129
internal_count=1137 1023 693 176 330 129
is_linear=0
shrinkage=0.03


Tree=84
num_leaves=7
num_cat=2
split_feature=11 7 10 6 6 6
split_gain=4703.69 4265.47 1886.42 1875.08 2319.44 1703.21
threshold=0 0.33392556775576476 1 44.75500000000001 47.870000000000005 94.050000000000011
decision_type=9 10 9 8 10 8
left_child=2 -2 3 -1 -5 -4
right_child=1 -3 5 4 -6 -7
leaf_value=-0.067226443883115633 -0.012751325119238396 0.21723856234628905 -0.037531858100358785 0.12942393258512019 -0.077418197173004341 -0.16705679918969829
leaf_weight=113 134 132 429 155 52 104
leaf_count=113 134 132 429 155 52 104
internal_value=0.00121481 0.104718 -0.0334687 0.022897 0.0749563 -0.0668328
internal_weight=1119 266 853 320 207 533
internal_count=1119 266 853 320 207 533
cat_boundaries=0 1 2
cat_threshold=456 388
is_linear=0
shrinkage=0.03


Tree=85
num_leaves=7
num_cat=1
split_feature=0 10 4 4 3 0
split_gain=7518.19 2745.19 3142.3 2990.09 1580.64 1573.91
threshold=1.849476316104649 0 1.060399351792656 1.1505486461802947 47.500000000000007 1.320454282340833
decision_type=2 9 10 10 10 2
left_child=1 2 -1 -4 5 -3
right_child=-2 4 3 -5 -6 -7
leaf_value=0.12114476589672266 0.13808033746675141 -0.15487689851208283 -0.21748619655066209 0.013706599009899317 0.039583996800054984 -0.034227065304198216
leaf_weight=140 244 257 49 177 63 174
leaf_count=140 244 257 49 177 63 174
internal_value=-0.00231802 -0.044453 0.0178707 -0.0497819 -0.0882738 -0.10998
internal_weight=1104 860 366 226 494 431
internal_count=1104 860 366 226 494 431
cat_boundaries=0 1
cat_threshold=261
is_linear=0
shrinkage=0.03


Tree=86
num_leaves=7
num_cat=2
split_feature=10 1 7 8 11 7
split_gain=4631.83 2810.97 2489.89 1986.53 1338.03 1480.16
threshold=0 57.820000000000007 0.46387796686712485 74.245000000000019 1 0.44969992257673935
decision_type=9 8 8 10 9 10
left_child=1 2 -1 4 -2 -6
right_child=3 -3 -4 -5 5 -7
leaf_value=0.032934694423411903 -0.1200538968981968 -0.033114355974670107 0.19112317716934443 0.078493979815789983 -0.10199396901677887 0.034062416881484828
leaf_weight=188 240 154 173 74 99 164
leaf_count=188 240 154 173 74 99 164
internal_value=0.00635735 0.0696794 0.114953 -0.050817 -0.0732014 -0.0198287
internal_weight=1092 515 361 577 503 263
internal_count=1092 515 361 577 503 263
cat_boundaries=0 1 2
cat_threshold=269 384
is_linear=0
shrinkage=0.03


Tree=87
num_leaves=7
num_cat=1
split_feature=10 9 2 5 5 2
split_gain=5332.31 1710.72 1460.78 1173.05 872.83 692.637
threshold=0 553.00000000000011 0.18000000000000002 0.60171382839206278 0.73803938495525068 0.41000000000000009
decision_type=9 10 10 10 8 8
left_child=5 2 4 -4 -2 -1
right_child=1 -3 3 -5 -6 -7
leaf_value=0.24125011553455677 -0.024929263578219844 0.1208594750955298 -0.10802493967074416 -0.023659142105633184 0.087698539652263943 0.07674137985900692
leaf_weight=64 101 54 199 520 114 72
leaf_count=64 101 54 199 520 114 72
internal_value=0.00749177 -0.018423 -0.0290967 -0.0493821 0.0369156 0.164971
internal_weight=1124 988 934 719 215 136
internal_count=1124 988 934 719 215 136
cat_boundaries=0 1
cat_threshold=13
is_linear=0
shrinkage=0.03


Tree=88
num_leaves=7
num_cat=1
split_feature=4 10 4 6 4 4
split_gain=4800.92 2234.96 2566.46 2524.01 2282.89 1862.67
threshold=0.0040938286798763825 0 1.060399351792656 91.070000000000007 1.1505486461802947 0.99544267415142296
decision_type=8 9 10 8 10 8
left_child=-1 2 5 -3 -4 -2
right_child=1 3 4 -5 -6 -7
leaf_value=0.21704380092057551 -0.018331194985657929 -0.0098722273369308035 -0.15993771531283857 -0.14589174555483109 0.029262029132465037 0.18556653411696766
leaf_weight=71 52 458 55 150 226 115
leaf_count=71 52 458 55 150 226 115
internal_value=0.00788599 -0.00989382 0.039487 -0.0463645 -0.0157371 0.126586
internal_weight=1127 1056 448 608 281 167
internal_count=1127 1056 448 608 281 167
cat_boundaries=0 1
cat_threshold=261
is_linear=0
shrinkage=0.03


Tree=89
num_leaves=7
num_cat=1
split_feature=0 10 4 4 1 9
split_gain=10082.1 2569.37 3539.31 2256.56 2188.72 2084.2
threshold=1.849476316104649 0 1.060399351792656 1.1505486461802947 61.555000000000007 403.50000000000006
decision_type=2 9 10 8 8 8
left_child=1 2 -1 -4 5 -2
right_child=4 -3 3 -5 -6 -7
leaf_value=0.11951650620653079 0.035568302856317083 -0.087734322581179025 -0.2025409942886659 -0.0025357159505192744 0.0011388647044077516 0.26515520887221061
leaf_weight=149 56 512 50 189 60 135
leaf_count=149 56 512 50 189 60 135
internal_value=0.00156431 -0.0457843 0.012848 -0.0570187 0.162411 0.207878
internal_weight=1151 900 388 239 251 191
internal_count=1151 900 388 239 251 191
cat_boundaries=0 1
cat_threshold=261
is_linear=0
shrinkage=0.03


Tree=90
num_leaves=7
num_cat=1
split_feature=10 3 8 3 1 1
split_gain=3381.55 2989.83 2344.04 2066.25 1741.97 1574.82
threshold=0 32.500000000000007 74.245000000000019 21.000000000000004 25.250000000000004 41.080000000000005
decision_type=9 8 10 8 8 8
left_child=3 2 -2 -1 -3 -6
right_child=1 4 -4 -5 5 -7
leaf_value=0.19220227611591903 -0.092965567585181541 -0.055908317699466109 0.033018779545164231 -0.034573160296394713 0.20779056395292284 0.038095963450477402
leaf_weight=103 461 86 171 43 55 184
leaf_count=103 461 86 171 43 55 184
internal_value=0.000429659 -0.021135 -0.0588188 0.121607 0.0505205 0.0904088
internal_weight=1103 957 632 146 325 239
internal_count=1103 957 632 146 325 239
cat_boundaries=0 1
cat_threshold=13
is_linear=0
shrinkage=0.03


Tree=91
num_leaves=7
num_cat=1
split_feature=0 0 1 2 1 11
split_gain=9548.63 3134.54 2398.44 2127.26 1969.2 2276.38
threshold=1.655009790242896 0.82048902867916607 64.760000000000005 0.32750000000000007 49.500000000000007 0
decision_type=2 2 8 10 8 9
left_child=1 -1 3 -2 5 -3
right_child=2 4 -4 -5 -6 -7
leaf_value=-0.11802377779635467 0.027174607753045692 -0.032448614683002232 -0.0025026273631462543 0.23431540830259395 -0.060433163200071464 0.13237300136601135
leaf_weight=316 66 130 79 177 227 127
leaf_count=316 66 130 79 177 227 127
internal_value=0.00800105 -0.0476246 0.14108 0.184628 0.00107895 0.0560678
internal_weight=1122 800 322 243 484 257
internal_count=1122 800 322 243 484 257
cat_boundaries=0 1
cat_threshold=384
is_linear=0
shrinkage=0.03


Tree=92
num_leaves=7
num_cat=1
split_feature=0 10 0 6 6 6
split_gain=8498.37 4313.87 3226.74 2150.16 478.331 936.19
threshold=0.82048902867916607 0 2.0191113191843595 49.395000000000003 87.195000000000007 89.40000000000002
decision_type=2 9 2 8 10 10
left_child=4 2 3 -2 -1 -6
right_child=1 -3 -4 -5 5 -7
leaf_value=-0.1413378324843943 0.085575673974342847 0.20891085397554177 0.16985140992549516 -0.037703212644448696 0.048664630592846481 -0.12002765257827569
leaf_weight=230 159 116 98 421 41 41
leaf_count=230 159 116 98 421 41 41
internal_value=0.00847849 0.0605582 0.0264596 -0.00208179 -0.119541 -0.0420897
internal_weight=1106 794 678 580 312 82
internal_count=1106 794 678 580 312 82
cat_boundaries=0 1
cat_threshold=418
is_linear=0
shrinkage=0.03


Tree=93
num_leaves=7
num_cat=0
split_feature=0 0 6 5 4 2
split_gain=10269.6 3520.43 2677.75 2392.25 2037.69 1748.12
threshold=1.849476316104649 0.82048902867916607 49.395000000000003 0.52600443247456574 0.0047272588907713818 0.35500000000000004
decision_type=2 2 8 8 8 8
left_child=1 -1 -3 -2 -4 -5
right_child=3 2 4 5 -6 -7
leaf_value=-0.10939872577786446 -0.0097789674900148234 0.11693039997993036 0.13633358819013247 0.062131082633629348 -0.05046283972167382 0.27151979243426194
leaf_weight=324 49 140 41 66 376 141
leaf_count=324 49 140 41 66 376 141
internal_value=0.0153777 -0.0338859 0.0122044 0.175301 -0.0265605 0.216379
internal_weight=1137 881 557 256 417 207
internal_count=1137 881 557 256 417 207
is_linear=0
shrinkage=0.03


Tree=94
num_leaves=7
num_cat=2
split_feature=11 8 11 1 4 8
split_gain=3569.17 2055.54 1344.63 1311.14 1043.79 870.133
threshold=0 96.350000000000009 1 52.500000000000007 0.2376554870639182 97.40000000000002
decision_type=9 8 9 8 10 10
left_child=1 4 5 -2 -1 -3
right_child=3 2 -4 -5 -6 -7
leaf_value=-0.0053759351219529305 0.12998218825135541 0 -0.10673363024567036 -0.038013433330371729 0.13854346799850464 -0.10851151973197731
leaf_weight=87 210 422 205 41 70 59
leaf_count=87 210 422 205 41 70 59
internal_value=0.00504855 -0.0250092 -0.0477715 0.0979256 0.066857 -0.016799
internal_weight=1094 843 686 251 157 481
internal_count=1094 843 686 251 157 481
cat_boundaries=0 1 2
cat_threshold=456 320
is_linear=0
shrinkage=0.03


Tree=95
num_leaves=6
num_cat=0
split_feature=4 9 3 9 6
split_gain=2254.15 1664.15 1718.9 1557.73 1142.94
threshold=0.0040938286798763825 553.00000000000011 32.500000000000007 354.50000000000006 44.75500000000001
decision_type=8 10 8 10 10
left_child=-1 2 3 -2 -4
right_child=1 -3 4 -5 -6
leaf_value=0.13925712768947707 -0.022965218516461876 0.10804597978993337 -0.036758081031606549 -0.13427374541106354 0.072936718933020547
leaf_weight=80 479 78 121 134 206
leaf_count=80 479 78 121 134 206
internal_value=0.00323544 -0.0098733 -0.0217677 -0.0508654 0.0323943
internal_weight=1098 1018 940 613 327
internal_count=1098 1018 940 613 327
is_linear=0
shrinkage=0.03


Tree=96
num_leaves=7
num_cat=1
split_feature=0 10 3 2 2 0
split_gain=8862.57 2840.04 2237.42 1450.43 1234.94 932.391
threshold=1.849476316104649 0 32.500000000000007 0.35500000000000004 0.41000000000000009 0.82048902867916607
decision_type=2 9 10 10 8 2
left_child=1 4 5 -2 -1 -3
right_child=3 2 -4 -5 -6 -7
leaf_value=0.16733140947818756 0.055602268219756126 -0.13513804211870445 0.066663923923251697 0.21149577959051616 -0.011626844062835356 -0.055896296291695242
leaf_weight=55 112 225 83 138 59 428
leaf_count=55 112 225 83 138 59 428
internal_value=0.000984992 -0.0455777 -0.0669504 0.15117 0.0803565 -0.0864939
internal_weight=1100 850 736 250 114 653
internal_count=1100 850 736 250 114 653
cat_boundaries=0 1
cat_threshold=13
is_linear=0
shrinkage=0.03


Tree=97
num_leaves=7
num_cat=2
split_feature=11 8 3 10 3 9
split_gain=3519.27 1950.78 1903.25 1411.6 1792 1061
threshold=0 1.0000000180025095e-35 39.000000000000007 1 32.500000000000007 553.00000000000011
decision_type=9 10 10 9 8 8
left_child=2 3 5 4 -2 -1
right_child=1 -3 -4 -5 -6 -7
leaf_value=-0.11931972170368718 -0.048822652065881794 0.20128199440014513 0.11407754591887904 0.1189106370096511 0.074082887963964963 -0.02776208962667023
leaf_weight=170 216 59 43 111 175 334
leaf_count=170 216 59 43 111 175 334
internal_value=0.00911352 0.0603244 -0.0438677 0.0377211 0.00680289 -0.0621346
internal_weight=1108 561 547 502 391 504
internal_count=1108 561 547 502 391 504
cat_boundaries=0 1 2
cat_threshold=392 386
is_linear=0
shrinkage=0.03


Tree=98
num_leaves=7
num_cat=1
split_feature=0 0 10 2 3 3
split_gain=7908.61 2709.04 2507.87 1653.46 1281.34 965.667
threshold=1.849476316104649 0.82048902867916607 0 0.35500000000000004 12.500000000000002 21.000000000000004
decision_type=2 2 9 10 10 10
left_child=1 -1 5 -2 -4 -3
right_child=3 2 4 -5 -6 -7
leaf_value=-0.11709884322556953 0.044664301129856282 -0.10746623948411479 -0.038237771746817598 0.20486854930252035 0.1033672376285176 0.00030993765973030254
leaf_weight=309 120 171 69 129 172 121
leaf_count=309 120 171 69 129 172 121
internal_value=-0.00510001 -0.0493788 -0.0071953 0.136946 0.0604552 -0.0634234
internal_weight=1091 842 533 249 241 292
internal_count=1091 842 533 249 241 292
cat_boundaries=0 1
cat_threshold=162
is_linear=0
shrinkage=0.03


Tree=99
num_leaves=7
num_cat=1
split_feature=0 11 1 5 0 3
split_gain=8214.75 3419.78 2148.63 2116.19 1256.24 1143.93
threshold=1.3846886630380695 0 64.760000000000005 0.5336329296957113 1.655009790242896 39.000000000000007
decision_type=2 9 10 10 2 10
left_child=5 2 3 -2 -3 -1
right_child=1 4 -4 -5 -6 -7
leaf_value=-0.096465380597412581 -0.017348617494839135 0.069485936698038139 -0.098850330476249956 0.12104209483245985 0.2962328683208017 0.029811386678900036
leaf_weight=480 163 52 71 216 65 64
leaf_count=480 163 52 71 216 65 64
internal_value=0.000751551 0.0793502 0.0339078 0.0634866 0.205733 -0.0809726
internal_weight=1111 567 450 379 117 544
internal_count=1111 567 450 379 117 544
cat_boundaries=0 1
cat_threshold=456
is_linear=0
shrinkage=0.03


Tree=100
num_leaves=7
num_cat=1
split_feature=10 6 4 1 1 6
split_gain=1924.57 1926.19 2510.4 1881.75 538.75 313.549
threshold=0 45.750000000000007 1.202513823263488 69.750000000000014 29.425000000000004 44.75500000000001
decision_type=9 10 10 10 8 8
left_child=4 5 3 -3 -1 -2
right_child=1 2 -4 -5 -6 -7
leaf_value=0.15485683894157409 -0.12098633112318272 0.012550171483405767 0.17959775303660983 -0.13036517147858118 0.033376659811700432 -0.04631662167409524
leaf_weight=60 104 552 51 77 83 167
leaf_count=60 104 552 51 77 83 167
internal_value=-0.000388199 -0.016696 0.0104067 -0.00833085 0.0918286 -0.0815241
internal_weight=1094 951 680 629 143 271
internal_count=1094 951 680 629 143 271
cat_boundaries=0 1
cat_threshold=13
is_linear=0
shrinkage=0.03


Tree=101
num_leaves=7
num_cat=1
split_feature=10 8 1 2 2 1
split_gain=3165.24 1558.17 1028.36 956.459 903.283 737.392
threshold=0 74.620000000000019 45.70000000000001 0.18000000000000002 0.35500000000000004 64.760000000000005
decision_type=9 10 8 10 10 8
left_child=4 3 -3 -2 -1 -5
right_child=1 2 -4 5 -6 -7
leaf_value=0.004075235508141979 0.025656448708194765 0.13229109825272309 -0.0053128553130503357 -0.031870017049104631 0.16760195836997949 -0.11387925094322246
leaf_weight=42 177 75 96 483 110 116
leaf_count=42 177 75 96 483 110 116
internal_value=0.0067278 -0.0148542 0.0622584 -0.0332461 0.121434 -0.0510149
internal_weight=1099 947 171 776 152 599
internal_count=1099 947 171 776 152 599
cat_boundaries=0 1
cat_threshold=13
is_linear=0
shrinkage=0.03


Tree=102
num_leaves=7
num_cat=0
split_feature=0 3 0 5 2 7
split_gain=7918.48 2577 2257.83 1861.89 1743.14 1371.27
threshold=1.4560472302319762 32.500000000000007 0.82048902867916607 0.58943873753804243 0.35500000000000004 0.46610780924278666
decision_type=2 10 2 8 8 10
left_child=1 2 -1 -2 -5 -6
right_child=3 -3 -4 4 5 -7
leaf_value=-0.13839881934614767 -0.011095498798658017 0.08942755402376254 -0.026557786745120531 0.029099063117802144 0.091601753516422052 0.28348541090700113
leaf_weight=248 72 88 449 80 92 87
leaf_count=248 72 88 449 80 92 87
internal_value=0.0022827 -0.0495507 -0.0691862 0.121201 0.156352 0.204283
internal_weight=1116 785 697 331 259 179
internal_count=1116 785 697 331 259 179
is_linear=0
shrinkage=0.03


Tree=103
num_leaves=7
num_cat=0
split_feature=0 1 6 4 2 4
split_gain=6753.36 2924.16 3405.32 3685.02 2016.16 1513.26
threshold=0.82048902867916607 59.410000000000004 82.27000000000001 0.0040938286798763825 0.47500000000000003 0.47732050057094927
decision_type=2 8 8 8 8 8
left_child=-1 2 -2 -4 -3 -6
right_child=1 4 3 -5 5 -7
leaf_value=-0.10013957291265879 0.18225192104981949 -0.09506260443338245 0.22824330336249926 -0.017490408258633815 -0.053244941025762486 0.13450253359492748
leaf_weight=323 222 139 48 272 51 73
leaf_count=323 222 139 48 272 51 73
internal_value=0.0119023 0.0582687 0.0970077 0.030451 -0.0225675 0.0601968
internal_weight=1128 805 542 320 263 124
internal_count=1128 805 542 320 263 124
is_linear=0
shrinkage=0.03


Tree=104
num_leaves=7
num_cat=2
split_feature=11 7 1 8 3 11
split_gain=2935.16 3500.23 1155.32 958.618 1561.72 818.005
threshold=0 0.33392556775576476 30.950000000000003 96.350000000000009 21.000000000000004 1
decision_type=9 10 8 8 10 9
left_child=3 2 -2 4 -1 -5
right_child=1 -3 -4 5 -6 -7
leaf_value=-0.02887900476729063 0.048234445077757676 0.18492592815090628 -0.11183987317428197 0.00088161000725656949 0.14500005949033448 -0.066066087420397615
leaf_weight=113 73 133 53 268 53 409
leaf_count=113 73 133 53 268 53 409
internal_value=0.00233419 0.0851736 -0.0247843 -0.0251274 0.035936 -0.0411482
internal_weight=1102 259 126 843 166 677
internal_count=1102 259 126 843 166 677
cat_boundaries=0 1 2
cat_threshold=456 64
is_linear=0
shrinkage=0.03


Tree=105
num_leaves=7
num_cat=1
split_feature=0 1 0 10 9 4
split_gain=8042.31 2179.76 2166.28 2153.33 1723.29 1571.77
threshold=1.655009790242896 45.70000000000001 0.82048902867916607 0 390.00000000000006 1.060399351792656
decision_type=2 8 2 9 8 10
left_child=2 4 -1 5 -2 -4
right_child=1 -3 3 -5 -6 -7
leaf_value=-0.10912714023861876 0.0061806362183367616 0.027730144227909693 0.1592077724127979 -0.060405487975890231 0.22909882064224987 -0.0053872462208180323
leaf_weight=335 41 150 71 281 138 118
leaf_count=335 41 150 71 281 138 118
internal_value=-0.00205634 0.11865 -0.0531415 -0.0102891 0.184094 0.0624862
internal_weight=1134 329 805 470 179 189
internal_count=1134 329 805 470 179 189
cat_boundaries=0 1
cat_threshold=261
is_linear=0
shrinkage=0.03


Tree=106
num_leaves=7
num_cat=0
split_feature=0 3 9 7 9 6
split_gain=6270.65 1822.82 1996.52 1563.88 1407.4 976.523
threshold=1.9375219456324897 32.500000000000007 553.00000000000011 0.32222463538099139 395.00000000000006 45.300000000000004
decision_type=2 10 10 8 8 10
left_child=1 2 3 -1 -2 -6
right_child=4 -3 -4 -5 5 -7
leaf_value=-0.16336658880114555 0.0176768937412689 0.082842926367145506 0.10129196479486731 -0.039559346143718269 0.058352862806881171 0.22720389960148862
leaf_weight=94 74 95 58 623 65 111
leaf_count=94 74 95 58 623 65 111
internal_value=0.00866017 -0.029857 -0.0454839 -0.0598649 0.135205 0.177468
internal_weight=1120 870 775 717 250 176
internal_count=1120 870 775 717 250 176
is_linear=0
shrinkage=0.03


Tree=107
num_leaves=7
num_cat=1
split_feature=0 1 0 10 1 5
split_gain=5006.75 2558.01 1853.53 2027.02 2314.45 1108.59
threshold=1.655009790242896 45.70000000000001 0.82048902867916607 0 49.500000000000007 0.773507600177609
decision_type=2 8 2 9 10 10
left_child=2 5 -1 4 -4 -2
right_child=1 -3 3 -5 -6 -7
leaf_value=-0.09487740555356515 0.079583054675518169 6.6192827549329985e-05 0.1560091482509266 -0.051647646493976934 -0.038759787587655914 0.25846177591809205
leaf_weight=329 95 137 101 290 88 64
leaf_count=329 95 137 101 290 88 64
internal_value=-0.00351884 0.0980799 -0.0422807 -0.00367975 0.0668084 0.172753
internal_weight=1104 296 808 479 189 159
internal_count=1104 296 808 479 189 159
cat_boundaries=0 1
cat_threshold=261
is_linear=0
shrinkage=0.03


Tree=108
num_leaves=7
num_cat=0
split_feature=0 9 9 4 0 2
split_gain=6591.93 1979.98 1813.79 1242.71 934.348 947.618
threshold=1.4560472302319762 590.75000000000011 553.00000000000011 0.0012478300954554256 0.23244339915132542 0.30250000000000005
decision_type=2 8 10 10 2 8
left_child=2 -2 4 -3 -1 -6
right_child=1 3 -4 -5 5 -7
leaf_value=-0.13265029499967265 0.0020996070234104991 0.028230418584309518 0.08995634331606156 0.19715052123225871 -0.11382808354284081 -0.020284152061132519
leaf_weight=107 104 60 66 169 106 502
leaf_count=107 104 60 66 169 106 502
internal_value=0.00506105 0.113032 -0.042573 0.158955 -0.0570031 -0.0397941
internal_weight=1114 333 781 229 715 608
internal_count=1114 333 781 229 715 608
is_linear=0
shrinkage=0.03


Tree=109
num_leaves=7
num_cat=0
split_feature=0 0 9 1 5 0
split_gain=5639.25 2264.4 2446.9 1481.61 1083.84 442.426
threshold=2.0191113191843595 0.82048902867916607 553.00000000000011 59.410000000000004 0.52600443247456574 0.23244339915132542
decision_type=2 2 10 10 10 2
left_child=1 5 3 -3 -2 -1
right_child=4 2 -4 -5 -6 -7
leaf_value=-0.130928010144404 0.050639262752154385 0.014111605900323995 0.18182153750549662 -0.09214176770961402 0.24877073974803435 -0.050109382682597972
leaf_weight=120 54 511 46 132 66 193
leaf_count=120 54 511 46 132 66 193
internal_value=0.00142408 -0.0230091 0.00774039 -0.00973195 0.180011 -0.0872769
internal_weight=1122 1002 689 643 120 313
internal_count=1122 1002 689 643 120 313
is_linear=0
shrinkage=0.03


Tree=110
num_leaves=7
num_cat=1
split_feature=11 4 3 4 3 9
split_gain=2569.06 1382.05 1196.55 1551.56 1108.27 1067.59
threshold=0 1.1137109379807753 32.500000000000007 1.1137109379807753 42.500000000000007 354.50000000000006
decision_type=9 10 8 8 10 8
left_child=2 -2 5 4 -4 -1
right_child=1 -3 3 -5 -6 -7
leaf_value=0.029802385425294627 0.11024451094667116 -0.054436448151245709 -0.13926065784271643 0.081271787514920868 0.036883476259770676 -0.067888758530766882
leaf_weight=111 205 44 49 153 47 513
leaf_count=111 205 44 49 153 47 513
internal_value=-0.0034302 0.0762046 -0.0279495 0.0257332 -0.0610155 -0.050032
internal_weight=1122 249 873 249 96 624
internal_count=1122 249 873 249 96 624
cat_boundaries=0 1
cat_threshold=456
is_linear=0
shrinkage=0.03


Tree=111
num_leaves=7
num_cat=0
split_feature=0 0 1 6 1 7
split_gain=5113.65 1962.12 1714.92 1375.95 1469.28 1161.19
threshold=1.4560472302319762 0.82048902867916607 30.950000000000003 49.395000000000003 66.835000000000022 0.41050907993485297
decision_type=2 2 8 8 10 8
left_child=1 -1 -2 4 -3 -5
right_child=2 3 -4 5 -6 -7
leaf_value=-0.097585595217519583 0.18792016840917747 0.13956658041652509 0.040965239032147785 -0.12451538101155707 -0.051030926789556223 -0.0022549966782331463
leaf_weight=317 102 82 214 74 43 280
leaf_count=317 102 82 214 74 43 280
internal_value=-0.00153209 -0.0421157 0.0969409 -0.0028459 0.075592 -0.0332646
internal_weight=1112 796 316 479 125 354
internal_count=1112 796 316 479 125 354
is_linear=0
shrinkage=0.03


Tree=112
num_leaves=7
num_cat=1
split_feature=10 3 8 6 6 5
split_gain=2614.39 2049.09 1668.62 1232.78 1052.3 888.817
threshold=0 32.500000000000007 74.620000000000019 51.732500000000009 48.605000000000004 0.5336329296957113
decision_type=9 8 10 8 8 10
left_child=-1 2 5 -3 -4 -2
right_child=1 3 4 -5 -6 -7
leaf_value=0.11309879352191561 -0.13723623415783923 0.13225311095799719 -0.025580205736975919 0.0075056216445582823 0.11596136281266807 -0.043420058418128446
leaf_weight=141 116 85 94 234 64 393
leaf_count=141 116 85 94 234 64 393
internal_value=0.00467384 -0.0136998 -0.0434236 0.046764 0.0380034 -0.0692942
internal_weight=1127 986 667 319 158 509
internal_count=1127 986 667 319 158 509
cat_boundaries=0 1
cat_threshold=13
is_linear=0
shrinkage=0.03


Tree=113
num_leaves=7
num_cat=0
split_feature=0 5 1 0 2 0
split_gain=5313.72 1952.84 1949.2 1130.38 1084.87 894.071
threshold=1.3846886630380695 0.52600443247456574 59.410000000000004 1.9375219456324897 0.38000000000000006 0.23244339915132542
decision_type=2 10 10 2 10 2
left_child=5 -2 3 -3 -4 -1
right_child=1 2 4 -5 -6 -7
leaf_value=-0.12830915828277148 -0.0071786357078395067 0.074985345484594165 0.076259363946737713 0.20866491985963334 -0.093872285315127507 -0.03641679261447342
leaf_weight=114 199 157 48 125 47 446
leaf_count=114 199 157 48 125 47 446
internal_value=0.00568273 0.0685451 0.107015 0.144334 -0.00907658 -0.0590063
internal_weight=1136 576 377 282 95 560
internal_count=1136 576 377 282 95 560
is_linear=0
shrinkage=0.03


Tree=114
num_leaves=7
num_cat=1
split_feature=0 11 3 3 7 5
split_gain=4303.47 1497.14 1664.79 1412.3 1366.29 1264.62
threshold=1.3846886630380695 0 24.000000000000004 39.000000000000007 0.33392556775576476 1.7867865342948983
decision_type=2 9 10 10 10 10
left_child=3 -2 4 5 -3 -1
right_child=1 2 -4 -5 -6 -7
leaf_value=-0.10227375181934495 0.0076117924835707521 0.060267195386612515 0.0075132910087704662 0.052163375858217481 0.2404321468055248 0.011233450074701808
leaf_weight=361 290 92 100 76 80 109
leaf_count=361 290 92 100 76 80 109
internal_value=0.00164983 0.0589528 0.105347 -0.0572253 0.160693 -0.0764432
internal_weight=1108 562 272 546 172 470
internal_count=1108 562 272 546 172 470
cat_boundaries=0 1
cat_threshold=392
is_linear=0
shrinkage=0.03


Tree=115
num_leaves=7
num_cat=0
split_feature=3 5 5 2 9 7
split_gain=1923.25 1346.24 1338.49 1795.91 1098.52 1447.85
threshold=32.500000000000007 0.62036914635268381 1.7169829547076796 0.38000000000000006 395.00000000000006 0.51902745694843289
decision_type=10 10 10 10 10 8
left_child=2 -2 4 -4 5 -1
right_child=1 -3 3 -5 -6 -7
leaf_value=-0.095880872036246859 0 0.1863534707799554 0.14685562327028992 -0.010829312376239719 0.059476970613879312 -0.0062158282024888543
leaf_weight=281 62 60 78 184 82 361
leaf_count=281 62 60 78 184 82 361
internal_value=0.00166304 0.105035 -0.0129016 0.0429882 -0.0338195 -0.0472634
internal_weight=1108 122 986 262 724 642
internal_count=1108 122 986 262 724 642
is_linear=0
shrinkage=0.03


Tree=116
num_leaves=7
num_cat=1
split_feature=0 3 10 9 0 9
split_gain=6226.21 2172.71 1986.63 1915.71 1185.18 1130.93
threshold=1.9375219456324897 32.500000000000007 0 354.50000000000006 0.82048902867916607 553.00000000000011
decision_type=2 10 9 10 2 10
left_child=1 2 4 -2 -1 -4
right_child=3 -3 5 -5 -6 -7
leaf_value=-0.054310488939285279 0.18051953033909163 0.094719098837824034 -0.080066463886981923 -0.00085729040205478673 0.12016263249330222 0.060806630606778329
leaf_weight=40 179 89 610 70 76 41
leaf_count=40 179 89 610 70 76 41
internal_value=0.00685771 -0.0319764 -0.0487874 0.133034 0.0562807 -0.0685355
internal_weight=1105 856 767 249 116 651
internal_count=1105 856 767 249 116 651
cat_boundaries=0 1
cat_threshold=13
is_linear=0
shrinkage=0.03


Tree=117
num_leaves=7
num_cat=1
split_feature=0 0 9 9 7 11
split_gain=5594.21 2129.14 1612.77 1130.77 1398.7 994.453
threshold=1.9375219456324897 0.82048902867916607 553.00000000000011 541.50000000000011 0.46610780924278666 0
decision_type=2 2 10 8 10 9
left_child=1 -1 5 -2 -5 -3
right_child=3 2 -4 4 -6 -7
leaf_value=-0.094285440171720247 0.031390581617838351 -0.049274891781421325 0.1484997621716046 0.073556901743414532 0.26935471971120156 0.031429884716673122
leaf_weight=306 96 283 41 98 57 218
leaf_count=306 96 283 41 98 57 218
internal_value=0.00346232 -0.0336947 0.00254458 0.12244 0.168457 -0.0145267
internal_weight=1099 848 542 251 155 501
internal_count=1099 848 542 251 155 501
cat_boundaries=0 1
cat_threshold=394
is_linear=0
shrinkage=0.03


Tree=118
num_leaves=7
num_cat=1
split_feature=0 0 1 10 2 3
split_gain=3645.58 2048.52 2104.36 3000.95 1565.86 1137.03
threshold=2.1505584229378152 0.82048902867916607 64.760000000000005 0 0.41000000000000009 32.500000000000007
decision_type=2 2 8 9 8 8
left_child=1 5 3 -3 -4 -1
right_child=-2 2 4 -5 -6 -7
leaf_value=-0.11741160446292033 0.15177835379801963 -0.018515541438613361 -0.13095121800899506 0.12517709955271439 0.020401085190474986 -0.0036763983729638547
leaf_weight=187 117 268 106 217 110 132
leaf_count=187 117 268 106 217 110 132
internal_value=0.00636475 -0.0128554 0.0159409 0.0501804 -0.0584225 -0.0735192
internal_weight=1137 1020 701 485 216 319
internal_count=1137 1020 701 485 216 319
cat_boundaries=0 1
cat_threshold=162
is_linear=0
shrinkage=0.03


Tree=119
num_leaves=7
num_cat=1
split_feature=0 0 7 1 10 7
split_gain=4400.05 1616.17 1469.41 1437.14 649.372 221.875
threshold=2.0191113191843595 0.23244339915132542 0.31894387102045269 22.500000000000004 0 0.37341423196935669
decision_type=2 2 10 10 9 10
left_child=1 5 4 -4 -3 -1
right_child=-2 2 3 -5 -6 -7
leaf_value=-0.042059910414924087 0.155533677096127 -0.11441321146144316 0.10811163005389972 -0.0029939871437187596 -0.011527255979868081 -0.14915976175388623
leaf_weight=51 127 100 108 567 126 66
leaf_count=51 127 100 108 567 126 66
internal_value=0.00190413 -0.0198315 -0.00505011 0.0172961 -0.0680161 -0.115869
internal_weight=1145 1018 901 675 226 117
internal_count=1145 1018 901 675 226 117
cat_boundaries=0 1
cat_threshold=34
is_linear=0
shrinkage=0.03


Tree=120
num_leaves=7
num_cat=1
split_feature=0 10 0 6 4 9
split_gain=4033.86 2075.06 1663.95 1595.13 1338.26 1019.04
threshold=1.9375219456324897 0 0.23244339915132542 91.070000000000007 1.060399351792656 395.00000000000006
decision_type=2 9 2 8 10 8
left_child=1 2 -1 -3 -4 -2
right_child=5 3 4 -5 -6 -7
leaf_value=-0.11025842629373073 0.003573474979826382 -0.031101172273528987 0.1217472946117906 -0.14759753348206625 0 0.13841855674837306
leaf_weight=52 71 328 116 149 204 173
leaf_count=52 71 328 116 149 204 173
internal_value=0 -0.0312499 0.0214205 -0.0706651 0.0488519 0.102651
internal_weight=1093 849 372 477 320 244
internal_count=1093 849 372 477 320 244
cat_boundaries=0 1
cat_threshold=261
is_linear=0
shrinkage=0.03


Tree=121
num_leaves=7
num_cat=1
split_feature=0 11 2 5 1 6
split_gain=3242.05 2811.85 781.29 933.922 747.419 1171.32
threshold=1.3846886630380695 0 0.35500000000000004 0.73803938495525068 66.835000000000022 78.515000000000015
decision_type=2 9 8 8 10 8
left_child=-1 4 -3 -4 5 -2
right_child=1 2 3 -5 -6 -7
leaf_value=-0.039365477027626543 0.084914868892101217 0.049517528263577179 0.025651176156567746 0.20411468379045355 -0.10144453028125353 -0.038767226293497943
leaf_weight=557 101 102 41 125 41 141
leaf_count=557 101 102 41 125 41 141
internal_value=0.0109341 0.0614843 0.125243 0.167857 -0.00688479 0.0151648
internal_weight=1108 551 268 166 283 242
internal_count=1108 551 268 166 283 242
cat_boundaries=0 1
cat_threshold=392
is_linear=0
shrinkage=0.03


Tree=122
num_leaves=7
num_cat=1
split_feature=0 11 6 6 4 0
split_gain=4642.35 2441.33 1162.05 2344.57 1134.37 879.271
threshold=1.320454282340833 0 51.287500000000009 45.750000000000007 1.0490954459805726 0.82048902867916607
decision_type=2 9 8 10 8 2
left_child=5 4 3 -3 -2 -1
right_child=1 2 -4 -5 -6 -7
leaf_value=-0.079421536297842099 0.25315575520088385 -0.046986508671666531 0.001841350581186513 0.18701427515061331 0.039551706965411867 -0.0021870547665070882
leaf_weight=333 71 51 340 81 42 217
leaf_count=333 71 51 340 81 42 217
internal_value=0.0113857 0.0691317 0.0323014 0.101924 0.178667 -0.0502002
internal_weight=1135 585 472 132 113 550
internal_count=1135 585 472 132 113 550
cat_boundaries=0 1
cat_threshold=39
is_linear=0
shrinkage=0.03


Tree=123
num_leaves=7
num_cat=0
split_feature=8 5 7 1 6 6
split_gain=1603.96 1561.29 657.795 2687.01 2193.57 763.013
threshold=97.40000000000002 0.54421942221589747 0.43142313358752082 22.500000000000004 90.27500000000002 49.395000000000003
decision_type=8 8 10 10 10 10
left_child=1 -1 5 -4 -5 -2
right_child=2 -3 3 4 -6 -7
leaf_value=-0.0254129630084271 -0.0074669033141419438 0.1376952328626683 0.15107450321103844 0.017577694891036135 -0.14013796349658686 -0.096854372731461302
leaf_weight=72 283 131 85 341 82 107
leaf_count=72 283 131 85 341 82 107
internal_value=0.010424 0.0824842 -0.00724257 0.0149892 -0.0178071 -0.0356658
internal_weight=1101 203 898 508 423 390
internal_count=1101 203 898 508 423 390
is_linear=0
shrinkage=0.03


Tree=124
num_leaves=7
num_cat=1
split_feature=0 9 10 7 5 5
split_gain=2925.6 1509.97 974.606 917.904 759.108 93.328
threshold=2.0191113191843595 553.00000000000011 0 0.31894387102045269 0.773507600177609 0.52600443247456574
decision_type=2 10 9 10 10 10
left_child=1 2 4 -4 -1 -2
right_child=5 -3 3 -5 -6 -7
leaf_value=0.11780964066152987 0.05902348047024325 0.10073330884062966 -0.091078074450657187 -0.021063381524349663 -0.022963684828250439 0.15602206435320631
leaf_weight=49 56 66 228 594 57 64
leaf_count=49 56 66 228 594 57 64
internal_value=-0.00245583 -0.0202136 -0.0308224 -0.0417609 0.0463284 0.126083
internal_weight=1114 994 928 822 106 120
internal_count=1114 994 928 822 106 120
cat_boundaries=0 1
cat_threshold=13
is_linear=0
shrinkage=0.03


Tree=125
num_leaves=7
num_cat=1
split_feature=0 5 1 7 0 10
split_gain=5582.53 1227.64 1414.92 1222.14 1094.05 1322.26
threshold=1.3846886630380695 0.52600443247456574 59.410000000000004 0.50011913586783874 0.23244339915132542 0
decision_type=2 8 8 8 2 9
left_child=4 -2 -3 -4 -1 -6
right_child=1 2 3 -5 5 -7
leaf_value=-0.13737638709286962 -0.028621384085526745 0.12202329116969277 0.10119438352994621 -0.051307914254480391 0.02626341771209639 -0.074968637741428423
leaf_weight=109 83 342 60 96 179 252
leaf_count=109 83 342 60 96 179 252
internal_value=0.00865434 0.0720603 0.0894136 0.01184 -0.0595958 -0.0345723
internal_weight=1121 581 498 156 540 431
internal_count=1121 581 498 156 540 431
cat_boundaries=0 1
cat_threshold=261
is_linear=0
shrinkage=0.03


Tree=126
num_leaves=7
num_cat=1
split_feature=0 0 11 1 2 1
split_gain=3023.26 2243.79 1163.46 1162.95 983.766 529.998
threshold=2.0191113191843595 0.23244339915132542 0 59.410000000000004 0.41000000000000009 41.080000000000005
decision_type=2 2 9 8 8 8
left_child=1 -1 4 -4 -3 -2
right_child=5 2 3 -5 -6 -7
leaf_value=-0.12045768857632476 0.18941156053480662 -0.071104265811831449 0.078223146076958905 -0.014115641214445513 0.019752992154609361 0.034217160843312736
leaf_weight=113 71 195 292 192 199 40
leaf_count=113 71 195 292 192 199 40
internal_value=0.0122283 -0.00550868 0.0115719 0.041543 -0.0257111 0.147706
internal_weight=1102 991 878 484 394 111
internal_count=1102 991 878 484 394 111
cat_boundaries=0 1
cat_threshold=384
is_linear=0
shrinkage=0.03


Tree=127
num_leaves=7
num_cat=0
split_feature=0 1 3 5 5 5
split_gain=2751.02 1304.19 1193.02 1084.52 1075.2 1065.11
threshold=1.3846886630380695 30.950000000000003 32.500000000000007 1.6056135811976957 2.1987320185225978 1.668816654837433
decision_type=2 8 8 8 8 10
left_child=5 -2 4 -4 -3 -1
right_child=1 2 3 -5 -6 -7
leaf_value=-0.065552964261099508 0.11511363894787384 0.01737027811322361 -0.018471893106327682 0.16172187499701976 -0.11096550600482272 0.023257676655991693
leaf_weight=399 177 230 41 61 57 158
leaf_count=399 177 230 41 61 57 158
internal_value=0.00623051 0.0519596 0.0188531 0.097645 -0.0134911 -0.0403238
internal_weight=1123 566 389 102 287 557
internal_count=1123 566 389 102 287 557
is_linear=0
shrinkage=0.03


Tree=128
num_leaves=7
num_cat=0
split_feature=4 1 2 7 1 7
split_gain=1602.81 950.089 900.894 1013.88 1680.89 714.39
threshold=0.0040938286798763825 28.700000000000006 0.32750000000000007 0.43142313358752082 65.835000000000022 0.37585703297895939
decision_type=8 8 8 10 10 10
left_child=1 -1 -2 5 -5 -4
right_child=2 -3 3 4 -6 -7
leaf_value=0.17475492857183728 -0.06769341104968464 -0.0048025220632553099 -0.0076859044114067016 0.076204108117442382 -0.056338959251131332 -0.098739705497727676
leaf_weight=50 191 40 348 265 106 82
leaf_count=50 191 40 348 265 106 82
internal_value=-0.000670614 0.108043 -0.0125333 0.00187527 0.0372365 -0.0287997
internal_weight=1082 90 992 801 371 430
internal_count=1082 90 992 801 371 430
is_linear=0
shrinkage=0.03


Tree=129
num_leaves=7
num_cat=1
split_feature=0 10 7 6 7 1
split_gain=2834.25 2131.09 1825.49 1767.5 1894.69 1348.53
threshold=1.4560472302319762 0 0.67114841774255052 45.750000000000007 0.46086390488601386 30.950000000000003
decision_type=2 9 8 8 8 8
left_child=1 3 -3 -1 -5 -2
right_child=5 2 -4 4 -6 -7
leaf_value=-0.064527445359285493 0.15742502488195895 -0.025644690557154865 -0.15250186503123325 -0.014126662346468845 0.14281788664201162 0.027882997845604562
leaf_weight=109 102 327 137 122 129 209
leaf_count=109 102 327 137 122 129 209
internal_value=0.00309905 -0.0260802 -0.0666022 0.0277688 0.0708999 0.0774956
internal_weight=1135 824 464 360 251 311
internal_count=1135 824 464 360 251 311
cat_boundaries=0 1
cat_threshold=261
is_linear=0
shrinkage=0.03


Tree=130
num_leaves=7
num_cat=1
split_feature=10 7 7 5 6 5
split_gain=1859.44 2880.53 1721.65 1030.36 1524.58 888.685
threshold=0 0.81352573832784925 0.8297895480994073 1.668816654837433 44.75500000000001 1.0978296939156404
decision_type=9 8 8 10 10 8
left_child=1 3 5 -1 -5 -2
right_child=2 -3 -4 4 -6 -7
leaf_value=-0.071440125191357076 -0.023277349199648873 0.16372012771003774 -0.12134049264639617 -0.056355799650517076 0.088301299284486212 0.074001374661343766
leaf_weight=103 451 115 130 89 150 83
leaf_count=103 451 115 130 89 150 83
internal_value=0.000456579 0.0454282 -0.0310412 0 0.0340094 -0.00592327
internal_weight=1121 457 664 342 239 534
internal_count=1121 457 664 342 239 534
cat_boundaries=0 1
cat_threshold=261
is_linear=0
shrinkage=0.03


Tree=131
num_leaves=7
num_cat=1
split_feature=0 1 9 1 11 7
split_gain=3027.08 1233.05 984.001 951.987 917.688 652.05
threshold=1.9375219456324897 29.425000000000004 553.00000000000011 25.250000000000004 0 0.46781315527692507
decision_type=2 8 10 8 9 10
left_child=2 -2 3 -1 -5 -3
right_child=1 5 -4 4 -6 -7
leaf_value=-0.094816165046766404 0.20844343649304431 0.00068983507447672955 0.077918527992658831 0.028583064122704435 -0.04098674136076999 0.10444292855552501
leaf_weight=140 49 113 66 266 378 88
leaf_count=140 49 113 66 266 378 88
internal_value=0.00816302 0.0958303 -0.0191628 -0.029145 -0.0123524 0.0517266
internal_weight=1100 250 850 784 644 201
internal_count=1100 250 850 784 644 201
cat_boundaries=0 1
cat_threshold=98
is_linear=0
shrinkage=0.03


Tree=132
num_leaves=7
num_cat=0
split_feature=0 3 5 3 7 3
split_gain=2438.45 1557.94 1246.4 1575.03 1057.35 854.203
threshold=0.82048902867916607 32.500000000000007 0.5336329296957113 32.500000000000007 0.31894387102045269 21.000000000000004
decision_type=2 8 10 8 10 10
left_child=1 -1 3 -2 -3 -4
right_child=2 4 5 -5 -6 -7
leaf_value=-0.11201260112960573 -0.071263677385825827 -0.076340979337692252 0.035215411599173588 0.056865433461115333 0.076647949047824904 0.12431427102368967
leaf_weight=193 171 48 385 138 82 125
leaf_count=193 171 48 385 138 82 125
internal_value=0.00553305 -0.0619002 0.0330407 -0.0138803 0.0171127 0.0610336
internal_weight=1142 323 819 309 130 510
internal_count=1142 323 819 309 130 510
is_linear=0
shrinkage=0.03


Tree=133
num_leaves=7
num_cat=1
split_feature=2 3 5 11 4 4
split_gain=1600.21 1151.91 1466.46 1156.96 1153.12 1079.34
threshold=0.32750000000000007 32.500000000000007 1.7305269470080595 0 1.3545969446957955 0.11246828732001236
decision_type=8 10 8 9 10 10
left_child=-1 2 3 -2 -4 -3
right_child=1 5 4 -5 -6 -7
leaf_value=-0.066622314465087679 -0.066961150417524956 0.010112728767278718 0.083523008642599664 0.02522233529996715 -0.035149712240863065 0.18841787821321343
leaf_weight=212 249 62 255 198 87 47
leaf_count=212 249 62 255 198 87 47
internal_value=0.0037816 0.0215573 0.00768398 -0.027562 0.0528945 0.104754
internal_weight=1110 898 789 447 342 109
internal_count=1110 898 789 447 342 109
cat_boundaries=0 1
cat_threshold=424
is_linear=0
shrinkage=0.03


Tree=134
num_leaves=7
num_cat=1
split_feature=3 10 3 5 5 6
split_gain=1934.28 1464.14 2279.47 1354.89 1060.78 1365.73
threshold=32.500000000000007 0 12.500000000000002 0.62036914635268381 1.7169829547076796 44.75500000000001
decision_type=10 9 10 10 10 10
left_child=1 2 -1 -2 -3 -6
right_child=3 4 -4 -5 5 -7
leaf_value=-0.083023773099888454 0.0010057317456567145 -0.046211425171493833 0.13769027732484615 0.1872992769974034 -0.053586274501350187 0.088688450964613696
leaf_weight=46 63 620 110 62 88 122
leaf_count=46 63 620 110 62 88 122
internal_value=0.00450337 -0.010287 0.0664525 0.10691 -0.0264754 0.0293324
internal_weight=1111 986 156 125 830 210
internal_count=1111 986 156 125 830 210
cat_boundaries=0 1
cat_threshold=141
is_linear=0
shrinkage=0.03


Tree=135
num_leaves=7
num_cat=1
split_feature=8 5 10 3 3 4
split_gain=1382.78 1244.16 712.1 1273.87 1110.74 731.655
threshold=97.40000000000002 0.54421942221589747 0 32.500000000000007 12.500000000000002 1.1093381130440878
decision_type=8 8 9 8 10 8
left_child=1 -1 4 5 -2 -4
right_child=2 -3 3 -5 -6 -7
leaf_value=-0.027151679819155679 -0.067453187601640818 0.11757589817522687 -0.022298277366481371 0.021877839922419061 0.088806673673189368 -0.095274192602996979
leaf_weight=75 44 121 278 256 101 234
leaf_count=75 44 121 278 256 101 234
internal_value=-0.00387852 0.0645314 -0.0196974 -0.0310855 0.036392 -0.0580912
internal_weight=1109 196 913 768 145 512
internal_count=1109 196 913 768 145 512
cat_boundaries=0 1
cat_threshold=141
is_linear=0
shrinkage=0.03


Tree=136
num_leaves=7
num_cat=0
split_feature=0 0 6 9 7 6
split_gain=2711.05 1018.35 1699.31 814.125 602.986 588.569
threshold=1.9375219456324897 0.82048902867916607 49.395000000000003 354.50000000000006 0.49531790072656312 44.75500000000001
decision_type=2 2 8 10 8 10
left_child=1 -1 5 -2 -4 -3
right_child=3 2 4 -5 -6 -7
leaf_value=-0.073288192589471057 0.10613551425822079 -0.0020235943556385669 -0.085395595319862946 -0.01093402148320757 -0.010196943099368107 0.11805315079007829
leaf_weight=329 180 54 136 67 272 85
leaf_count=329 180 54 136 67 272 85
internal_value=-0.0082897 -0.0332042 -0.00725465 0.0757148 -0.0382225 0.0766405
internal_weight=1123 876 547 247 408 139
internal_count=1123 876 547 247 408 139
is_linear=0
shrinkage=0.03


Tree=137
num_leaves=7
num_cat=1
split_feature=6 6 1 9 5 10
split_gain=859.018 1249.03 1616.83 1322.28 1188.26 964.34
threshold=44.75500000000001 49.395000000000003 22.500000000000004 164.50000000000003 0.60171382839206278 0
decision_type=10 10 10 8 8 9
left_child=5 -2 4 -4 -3 -1
right_child=1 2 3 -5 -6 -7
leaf_value=-0.10661268153156225 0.079812498639089666 -0.0088552906352185445 0.085196553174938475 -0.057299183664350384 0.13020334618241602 -0.002198301685657426
leaf_weight=100 179 104 50 388 91 223
leaf_count=100 179 104 50 388 91 223
internal_value=-0.00224496 0.0142102 -0.00612526 -0.0378915 0.061835 -0.0422036
internal_weight=1135 812 633 438 195 323
internal_count=1135 812 633 438 195 323
cat_boundaries=0 1
cat_threshold=42
is_linear=0
shrinkage=0.03


Tree=138
num_leaves=7
num_cat=1
split_feature=11 7 2 4 7 8
split_gain=1929.21 2061.74 1352.29 1252.77 1091.99 1504.76
threshold=0 0.33392556775576476 0.35500000000000004 0.93001089766423206 0.49094479065313906 97.40000000000002
decision_type=9 10 8 8 10 10
left_child=4 -2 -3 -4 5 -1
right_child=1 2 3 -5 -6 -7
leaf_value=0.02997737871021686 -0.022648277858441524 0.012681451669027064 0.074923719958003079 0.2455953112325153 -0.083870659614322884 -0.12185209085543949
leaf_weight=299 211 125 148 54 193 52
leaf_count=299 211 125 148 54 193 52
internal_value=0.00934054 0.0482893 0.0942941 0.138834 -0.0297474 0.00196613
internal_weight=1082 538 327 202 544 351
internal_count=1082 538 327 202 544 351
cat_boundaries=0 1
cat_threshold=392
is_linear=0
shrinkage=0.03


Tree=139
num_leaves=7
num_cat=1
split_feature=10 6 4 1 1 2
split_gain=1739.69 1625.54 2277.57 1345.78 574.112 277.112
threshold=0 44.75500000000001 1.1420135310483051 22.500000000000004 45.70000000000001 0.26000000000000006
decision_type=9 10 8 8 8 10
left_child=-1 5 3 -3 -4 -2
right_child=1 2 4 -5 -6 -7
leaf_value=0.10371923495362054 -0.021194798348205431 0.083880704801927497 0.044714859220219533 -0.034724021117826735 0.16988279588803459 -0.093733707395589727
leaf_weight=104 85 83 95 513 59 173
leaf_count=104 85 83 95 513 59 173
internal_value=0.00201155 -0.0111381 0.0113698 -0.0159224 0.107028 -0.0732952
internal_weight=1112 1008 750 596 154 258
internal_count=1112 1008 750 596 154 258
cat_boundaries=0 1
cat_threshold=133
is_linear=0
shrinkage=0.03


Tree=140
num_leaves=7
num_cat=0
split_feature=0 0 8 3 1 3
split_gain=3098.95 1574.7 1100.42 949.945 590.353 643.527
threshold=0.82048902867916607 2.2576719465441908 97.40000000000002 32.500000000000007 69.750000000000014 39.000000000000007
decision_type=2 2 10 8 10 10
left_child=4 2 3 -2 5 -1
right_child=1 -3 -4 -5 -6 -7
leaf_value=-0.11626016607941414 0.00085750714142432828 0.1503105469739863 -0.09700418128967285 0.077204378985786595 0.015343613438308238 -0.002989974870131566
leaf_weight=225 488 64 55 191 44 58
leaf_count=225 488 64 55 191 44 58
internal_value=-0.00483708 0.0270617 0.0125337 0.0240139 -0.0799279 -0.0949735
internal_weight=1125 798 734 679 327 283
internal_count=1125 798 734 679 327 283
is_linear=0
shrinkage=0.03


Tree=141
num_leaves=7
num_cat=1
split_feature=0 11 2 6 6 3
split_gain=2894.99 1493.96 1086.4 766.381 2213.44 962.721
threshold=1.3846886630380695 0 0.35500000000000004 47.120000000000012 45.750000000000007 21.000000000000004
decision_type=2 9 8 8 10 10
left_child=-1 3 -3 4 -2 -5
right_child=1 2 -4 5 -6 -7
leaf_value=-0.053205832757296102 -0.072724050516667582 0.013135407434473204 0.13585707598340674 -0.076957926244898278 0.17220809527297518 0.057707795045205519
leaf_weight=538 49 109 165 145 47 50
leaf_count=538 49 109 165 145 47 50
internal_value=-0.00434493 0.0423068 0.0884475 -0.00647517 0.0556895 -0.0399931
internal_weight=1103 565 274 291 96 195
internal_count=1103 565 274 291 96 195
cat_boundaries=0 1
cat_threshold=392
is_linear=0
shrinkage=0.03


Tree=142
num_leaves=7
num_cat=0
split_feature=0 0 9 3 3 1
split_gain=3338.24 1545.5 1315.73 1378.36 622.4 642.223
threshold=2.2576719465441908 0.82048902867916607 553.00000000000011 32.500000000000007 32.500000000000007 35.250000000000007
decision_type=2 2 10 8 8 8
left_child=1 4 3 -3 -1 -6
right_child=-2 2 -4 -5 5 -7
leaf_value=-0.099010959810310564 0.18087824762544849 -0.028353412667403415 0.13452189944684506 0.062321038973440809 -0.081753630611826389 0.037860645387321708
leaf_weight=179 68 470 52 198 48 80
leaf_count=179 68 470 52 198 48 80
internal_value=0.00342539 -0.0114976 0.0126735 -0.000359282 -0.065677 -0.0115756
internal_weight=1095 1027 720 668 307 128
internal_count=1095 1027 720 668 307 128
is_linear=0
shrinkage=0.03


Tree=143
num_leaves=7
num_cat=0
split_feature=0 9 7 2 0 0
split_gain=2535.24 1188.6 798.66 1096.36 719.751 343.491
threshold=2.0191113191843595 553.00000000000011 0.43142313358752082 0.52500000000000013 0.39380107309116885 2.2805506918245286
decision_type=2 10 8 8 2 2
left_child=1 2 3 -1 -4 -2
right_child=5 -3 4 -5 -6 -7
leaf_value=-0.10734550034000002 0.050940003302590596 0.092103361646676887 -0.084805619066411791 0.0084625079118667689 0.0070591686671599742 0.17195371784575997
leaf_weight=173 67 67 68 113 580 53
leaf_count=173 67 67 68 113 580 53
internal_value=0.00201388 -0.0143845 -0.023857 -0.0638306 -0.00474161 0.121746
internal_weight=1121 1001 934 286 648 120
internal_count=1121 1001 934 286 648 120
is_linear=0
shrinkage=0.03


Tree=144
num_leaves=7
num_cat=1
split_feature=0 3 7 11 1 7
split_gain=2133.32 1371.73 1229.01 1603.91 1179.45 886.678
threshold=1.9375219456324897 32.500000000000007 0.36046024130167514 0 41.080000000000005 0.63669144552489076
decision_type=2 10 8 9 8 8
left_child=1 2 -1 -4 -2 -3
right_child=4 5 3 -5 -6 -7
leaf_value=-0.11958705458537976 0.13295071066038069 0.14853923351031084 -0.053045283634149065 0.038832601734037908 0.0058382284557636907 -0.013013776322485694
leaf_weight=113 123 45 418 250 127 51
leaf_count=113 123 45 418 250 127 51
internal_value=-6.53824e-05 -0.0223692 -0.0359504 -0.0186499 0.0738154 0.0747506
internal_weight=1127 877 781 668 250 96
internal_count=1127 877 781 668 250 96
cat_boundaries=0 1
cat_threshold=393
is_linear=0
shrinkage=0.03


Tree=145
num_leaves=7
num_cat=1
split_feature=0 10 3 6 5 8
split_gain=3367.92 1326.23 1236.96 943.967 879.771 1149.86
threshold=1.655009790242896 0 32.500000000000007 82.27000000000001 1.7214879011031492 86.945000000000007
decision_type=2 9 10 8 8 8
left_child=2 3 4 -2 5 -1
right_child=1 -3 -4 -5 -6 -7
leaf_value=0.04014730400659821 0.11058803204160469 0.1381302535288097 0.063096188314450088 -0.026810808873238244 -0.0067000655784867089 -0.093611691506482617
leaf_weight=57 45 153 97 128 346 326
leaf_count=57 45 153 97 128 346 326
internal_value=0.00352371 0.0823643 -0.0287332 0.0155676 -0.0423906 -0.0725516
internal_weight=1152 326 826 173 729 383
internal_count=1152 326 826 173 729 383
cat_boundaries=0 1
cat_threshold=2
is_linear=0
shrinkage=0.03


Tree=146
num_leaves=7
num_cat=1
split_feature=0 9 6 10 6 2
split_gain=2222.24 857.21 883.614 795.845 1266.5 971.869
threshold=1.655009790242896 164.50000000000003 43.440000000000005 0 88.540000000000006 0.29000000000000009
decision_type=2 10 10 9 8 10
left_child=3 2 -2 -1 5 -5
right_child=1 -3 -4 4 -6 -7
leaf_value=-0.051306362021049212 0 -0.0036943249496792954 0.13467379252305803 0.076592905497550962 0.10857429474592209 -0.046149195816621864
leaf_weight=418 59 101 150 55 68 244
leaf_count=418 59 101 150 55 68 244
internal_value=0.00225432 0.0678279 0.0999572 -0.0246082 0.0078479 -0.0199966
internal_weight=1095 310 209 785 367 299
internal_count=1095 310 209 785 367 299
cat_boundaries=0 1
cat_threshold=170
is_linear=0
shrinkage=0.03


Tree=147
num_leaves=7
num_cat=0
split_feature=0 9 3 9 2 4
split_gain=1883.53 2114.26 1522.25 741.541 664.466 464.785
threshold=2.0191113191843595 553.00000000000011 39.000000000000007 164.50000000000003 0.38000000000000006 0.11246828732001236
decision_type=2 10 10 8 10 10
left_child=1 2 3 -1 -2 -4
right_child=4 -3 5 -5 -6 -7
leaf_value=0.049747135933016384 0.0025338218680449895 0.11594062011649735 -0.002744724186403411 -0.054346765626617922 0.14907966711304405 0.12036165390325627
leaf_weight=51 43 75 43 749 68 49
leaf_count=51 43 75 43 749 68 49
internal_value=-0.00509616 -0.0192444 -0.0329699 -0.0465861 0.101822 0.0720718
internal_weight=1078 967 892 800 111 92
internal_count=1078 967 892 800 111 92
is_linear=0
shrinkage=0.03


Tree=148
num_leaves=7
num_cat=1
split_feature=10 6 8 6 1 6
split_gain=1320.98 1190.37 1054.54 1010.23 3168.64 897.682
threshold=0 45.750000000000007 74.620000000000019 47.120000000000012 36.500000000000007 78.515000000000015
decision_type=9 8 10 10 10 10
left_child=1 -1 5 -3 -5 -2
right_child=2 3 -4 4 -6 -7
leaf_value=-0.039208255071433322 -0.10017162547970657 0.10817465643686149 0.070211116776422208 0.15172805139863932 -0.089146697309911246 -0.020283213428209001
leaf_weight=135 172 171 61 61 105 422
leaf_count=135 172 171 61 61 105 422
internal_value=-0.00591135 0.0312166 -0.0328628 0.0610868 0.00584212 -0.046023
internal_weight=1127 472 655 337 166 594
internal_count=1127 472 655 337 166 594
cat_boundaries=0 1
cat_threshold=261
is_linear=0
shrinkage=0.03


Tree=149
num_leaves=7
num_cat=1
split_feature=11 7 9 5 3 5
split_gain=1698.4 1570.46 968.359 1081.26 950.129 1217.21
threshold=0 0.33392556775576476 390.00000000000006 0.82968523542309269 21.000000000000004 1.9711401003805678
decision_type=9 10 8 8 10 8
left_child=4 -2 -3 -4 5 -1
right_child=1 2 3 -5 -6 -7
leaf_value=-0.082924419481547607 -0.015665095091015765 0.010608238197387532 0.028709264267603622 0.16617014407240724 0.041158643107240399 0.014668605650336012
leaf_weight=290 232 121 94 134 124 173
leaf_count=290 232 121 94 134 124 173
internal_value=0.0080661 0.0433244 0.0825984 0.116625 -0.027275 -0.0472371
internal_weight=1168 581 349 228 587 463
internal_count=1168 581 349 228 587 463
cat_boundaries=0 1
cat_threshold=392
is_linear=0
shrinkage=0.03


Tree=150
num_leaves=7
num_cat=1
split_feature=10 7 7 1 1 4
split_gain=1122.18 1770.79 1478.63 1373.14 801.355 935.18
threshold=0 0.46387796686712485 0.77403486575004621 66.835000000000022 22.500000000000004 0.16642738394522519
decision_type=9 8 8 10 10 10
left_child=1 -1 4 -3 -2 -6
right_child=2 3 -4 -5 5 -7
leaf_value=-0.024623659075237812 0.047321041388945148 0.13674291277240064 -0.10632935316315228 -0.012411632820731029 -0.063176191704884421 0.036046385073313751
leaf_weight=220 178 154 137 76 216 117
leaf_count=220 178 154 137 76 216 117
internal_value=-0.000539622 0.0345251 -0.0254209 0.090167 -0.000907082 -0.0280771
internal_weight=1098 450 648 230 511 333
internal_count=1098 450 648 230 511 333
cat_boundaries=0 1
cat_threshold=261
is_linear=0
shrinkage=0.03


Tree=151
num_leaves=7
num_cat=1
split_feature=0 4 6 1 3 10
split_gain=2046.17 1156.05 1525.77 1858.88 764.056 684.104
threshold=1.3846886630380695 0.0040938286798763825 82.27000000000001 59.410000000000004 39.000000000000007 0
decision_type=2 8 8 10 10 9
left_child=4 -2 3 -3 5 -1
right_child=1 2 -4 -5 -6 -7
leaf_value=-0.080441457481172526 0.1677808442269452 0.13512486716218897 -0.018879710023157113 -0.023841223014812719 0.046843551860210747 -0.0076964261238410894
leaf_weight=236 44 165 273 94 74 237
leaf_count=236 44 165 273 94 74 237
internal_value=0.00727676 0.0460175 0.030124 0.0796423 -0.0335963 -0.0476924
internal_weight=1123 576 532 259 547 473
internal_count=1123 576 532 259 547 473
cat_boundaries=0 1
cat_threshold=170
is_linear=0
shrinkage=0.03


Tree=152
num_leaves=7
num_cat=1
split_feature=0 10 6 0 3 8
split_gain=2505.5 1397.4 1570.89 1048.28 831.799 812.428
threshold=0.82048902867916607 0 91.070000000000007 1.9566419508802095 39.000000000000007 97.40000000000002
decision_type=2 9 8 2 10 10
left_child=4 2 -2 5 -1 -3
right_child=1 3 -4 -5 -6 -7
leaf_value=-0.090566283990984611 0.018140411847577909 0.05901179694495088 -0.12186861465756708 0.1555235280278994 0.025066500730812551 -0.056497979173702847
leaf_weight=255 329 276 71 78 60 50
leaf_count=255 329 276 71 78 60 50
internal_value=0.000960923 0.02912 -0.010928 0.0662533 -0.0681803 0.0388804
internal_weight=1119 804 400 404 315 326
internal_count=1119 804 400 404 315 326
cat_boundaries=0 1
cat_threshold=34
is_linear=0
shrinkage=0.03


Tree=153
num_leaves=7
num_cat=0
split_feature=0 3 6 2 7 2
split_gain=1614.35 1232.44 1145.3 1034.69 1005.51 986.406
threshold=1.320454282340833 32.500000000000007 45.300000000000004 0.52500000000000013 0.31894387102045269 0.47500000000000003
decision_type=2 8 8 10 10 10
left_child=1 -1 -2 5 -3 -4
right_child=2 4 3 -5 -6 -7
leaf_value=-0.060381832140113181 -0.070504651073668462 -0.041128160664263891 0.047737690230185925 -0.063677890079636729 0.087076305052445777 0.1653312777277342
leaf_weight=348 54 82 409 42 104 66
leaf_count=348 54 82 409 42 104 66
internal_value=0.00870619 -0.0281916 0.0431008 0.0572624 0.0317592 0.0702181
internal_weight=1105 534 571 517 186 475
internal_count=1105 534 571 517 186 475
is_linear=0
shrinkage=0.03


Tree=154
num_leaves=7
num_cat=0
split_feature=0 0 2 6 3 4
split_gain=2871.83 1441.35 912.811 900.997 574.812 577.961
threshold=1.3846886630380695 2.2805506918245286 0.47500000000000003 41.480000000000011 39.000000000000007 1.2235967714368938
decision_type=2 2 8 10 10 8
left_child=4 2 -2 -4 5 -1
right_child=1 -3 3 -5 -6 -7
leaf_value=-0.082720051930565378 -0.0044969174253404335 0.17117843027584828 -0.035967153656867243 0.1031890228016204 0.029399212551387874 -0.014010419381231489
leaf_weight=280 294 58 42 170 68 193
leaf_count=280 294 58 42 170 68 193
internal_value=0.00354021 0.0500956 0.0301215 0.0746377 -0.0449431 -0.0565116
internal_weight=1105 564 506 212 541 473
internal_count=1105 564 506 212 541 473
is_linear=0
shrinkage=0.03


Tree=155
num_leaves=7
num_cat=0
split_feature=0 0 6 1 7 6
split_gain=1967.99 1127.17 1991.93 973.54 825.063 624.567
threshold=1.9375219456324897 0.23244339915132542 49.395000000000003 30.950000000000003 0.31894387102045269 82.27000000000001
decision_type=2 2 8 8 8 10
left_child=1 -1 -3 -2 -4 -5
right_child=3 2 4 5 -6 -7
leaf_value=-0.093550930767139398 0.159853353727123 0.077428423809564925 -0.12509487764516347 0.069027480441246097 -0.014456254926416471 -0.039032663544277091
leaf_weight=114 72 200 51 119 487 57
leaf_count=114 72 200 51 119 487 57
internal_value=0.00844927 -0.0135007 0.000927699 0.079462 -0.0291596 0.0333128
internal_weight=1100 852 738 248 538 176
internal_count=1100 852 738 248 538 176
is_linear=0
shrinkage=0.03


Tree=156
num_leaves=7
num_cat=1
split_feature=0 5 6 5 10 7
split_gain=1939.69 1131.23 1721.87 908.096 688.192 1186.54
threshold=1.3846886630380695 0.52600443247456574 45.300000000000004 1.7169829547076796 0 0.46387796686712485
decision_type=2 8 10 8 9 8
left_child=4 -2 -3 -4 -1 -6
right_child=1 2 3 -5 5 -7
leaf_value=-0.058565416334774988 -0.041588669938815603 -0.017636371925250138 0.063737959234641928 0.17975559810563077 -0.055140242967488512 0.066706537355580742
leaf_weight=289 91 147 251 86 120 128
leaf_count=289 91 147 251 86 120 128
internal_value=0.0107032 0.0482445 0.0662337 0.101925 -0.0296758 0.00752854
internal_weight=1112 575 484 337 537 248
internal_count=1112 575 484 337 537 248
cat_boundaries=0 1
cat_threshold=170
is_linear=0
shrinkage=0.03


Tree=157
num_leaves=7
num_cat=0
split_feature=0 0 5 8 8 1
split_gain=1843.13 967.94 1330.4 1085.72 792.703 740.527
threshold=1.9375219456324897 0.23244339915132542 1.668816654837433 99.600000000000009 95.550000000000011 28.700000000000006
decision_type=2 2 10 8 10 8
left_child=1 -1 3 -3 -4 -2
right_child=5 2 4 -5 -6 -7
leaf_value=-0.094409093466058053 0.15384529189978324 0.062176514123566451 0.079297772709840009 -0.04872298119212766 -0.04945330890640616 0.033972137758705744
leaf_weight=119 50 76 173 489 40 197
leaf_count=119 50 76 173 489 40 197
internal_value=-0.00116454 -0.0213922 -0.00806238 -0.0320873 0.0526922 0.068169
internal_weight=1144 897 778 565 213 247
internal_count=1144 897 778 565 213 247
is_linear=0
shrinkage=0.03


Tree=158
num_leaves=7
num_cat=0
split_feature=0 9 3 7 0 5
split_gain=1227 1367.42 1206.08 1067.74 546.976 444.415
threshold=2.2386040524656559 553.00000000000011 32.500000000000007 0.32222463538099139 0.82048902867916607 0.60171382839206278
decision_type=2 10 10 8 2 10
left_child=1 2 3 -1 -4 -2
right_child=5 -3 4 -5 -6 -7
leaf_value=-0.11432690859641419 0.016377514824271203 0.10248717653227375 0.0022194488516336752 -0.017287423603145367 0.13117239996790886 0.1318754756009137
leaf_weight=101 60 71 59 745 43 61
leaf_count=101 60 71 59 745 43 61
internal_value=0.00243035 -0.00882859 -0.0191728 -0.0313146 0.0696656 0.085476
internal_weight=1140 1019 948 846 102 121
internal_count=1140 1019 948 846 102 121
is_linear=0
shrinkage=0.03


Tree=159
num_leaves=7
num_cat=1
split_feature=0 11 7 1 7 7
split_gain=1730.84 1213.32 1952.69 1571.89 1315.78 1613.29
threshold=2.0191113191843595 0 0.33392556775576476 61.555000000000007 0.47533726146846972 0.46387796686712485
decision_type=2 9 10 10 10 8
left_child=1 4 -3 -4 5 -1
right_child=-2 2 3 -5 -6 -7
leaf_value=-0.039810397888400725 0.10721531199489502 -0.0552026484588004 0.105179303359617 -0.042359872527660859 -0.093168882151827379 0.089451867313612071
leaf_weight=260 121 146 247 73 195 106
leaf_count=260 121 146 247 73 195 106
internal_value=0.00862144 -0.00476363 0.0299592 0.0708335 -0.0336841 0.000165865
internal_weight=1148 1027 466 320 561 366
internal_count=1148 1027 466 320 561 366
cat_boundaries=0 1
cat_threshold=424
is_linear=0
shrinkage=0.03


Tree=160
num_leaves=7
num_cat=1
split_feature=3 10 2 7 1 3
split_gain=1205.01 1560.33 735.708 702.027 1944.67 539.413
threshold=32.500000000000007 0 0.32750000000000007 0.46610780924278666 19.700000000000003 21.000000000000004
decision_type=10 9 10 10 10 8
left_child=1 3 -2 -1 -5 -3
right_child=2 5 -4 4 -6 -7
leaf_value=-0.050433928661761759 0.0065957698945341434 0.13567909936050335 0.14605108403845837 0.15202174724482775 -0.02212419694261071 0.0029354919609613714
leaf_weight=450 67 63 56 47 396 44
leaf_count=450 67 63 56 47 396 44
internal_value=0.000455639 -0.0109342 0.0820539 -0.0246177 0.00199091 0.084009
internal_weight=1123 1000 123 893 443 107
internal_count=1123 1000 123 893 443 107
cat_boundaries=0 1
cat_threshold=298
is_linear=0
shrinkage=0.03


Tree=161
num_leaves=7
num_cat=1
split_feature=0 0 10 4 3 7
split_gain=1952.83 903.384 743.413 778.046 1000.01 740.772
threshold=1.3846886630380695 2.2805506918245286 0 0.029412885282127481 21.000000000000004 0.46086390488601386
decision_type=2 2 9 10 10 8
left_child=2 -2 5 -4 -5 -1
right_child=1 -3 3 4 -6 -7
leaf_value=-0.050775949828934089 0.027024279772490976 0.13798351832292974 -0.12198925132842058 -0.078193321638520205 0.045974763862997571 0.050145838451326676
leaf_weight=95 503 60 112 111 87 132
leaf_count=95 503 60 112 111 87 132
internal_value=0.00493635 0.0432802 -0.0352669 -0.0630194 -0.0241469 0.00670402
internal_weight=1100 563 537 310 198 227
internal_count=1100 563 537 310 198 227
cat_boundaries=0 1
cat_threshold=261
is_linear=0
shrinkage=0.03


Tree=162
num_leaves=7
num_cat=0
split_feature=3 1 2 4 9 9
split_gain=859.883 1120.75 1262.56 637.407 605.361 734.231
threshold=32.500000000000007 28.700000000000006 0.32750000000000007 0.074102836068707309 260.45000000000005 553.00000000000011
decision_type=8 8 10 8 8 8
left_child=1 2 -1 -2 -3 -6
right_child=3 4 -4 -5 5 -7
leaf_value=-0.060529083664600664 -0.024982812257634626 0.030243009850703953 0.10666155829379136 0.061635235650300352 -0.10360057118684053 -0.023390543380544745
leaf_weight=45 91 96 101 263 130 393
leaf_count=45 91 96 101 263 130 393
internal_value=0.00160592 -0.0162045 0.0536847 0.0390633 -0.0339471 -0.04652
internal_weight=1119 765 146 354 619 523
internal_count=1119 765 146 354 619 523
is_linear=0
shrinkage=0.03


Tree=163
num_leaves=7
num_cat=1
split_feature=0 9 2 10 7 7
split_gain=1946.49 909.488 810.164 629.987 1329.27 1203.64
threshold=1.9375219456324897 354.50000000000006 0.35500000000000004 0 0.69460723488885046 0.31894387102045269
decision_type=2 10 8 9 8 8
left_child=3 2 -2 5 -5 -1
right_child=1 -3 -4 4 -6 -7
leaf_value=-0.11461816478948124 0.0088481616168830761 -0.019753510203589213 0.14067643069990085 -0.009000808776615828 -0.11089284105826232 0.030324841736352994
leaf_weight=41 65 69 122 346 157 314
leaf_count=41 65 69 122 346 157 314
internal_value=-0.000719096 0.0687322 0.100426 -0.0226031 -0.0431188 0.00799166
internal_weight=1114 256 187 858 503 355
internal_count=1114 256 187 858 503 355
cat_boundaries=0 1
cat_threshold=261
is_linear=0
shrinkage=0.03


Tree=164
num_leaves=7
num_cat=1
split_feature=0 11 6 3 6 1
split_gain=1873.38 1982.66 1000.58 872.297 853.941 1390.19
threshold=1.3846886630380695 0 46.660000000000004 39.000000000000007 1.0000000180025095e-35 59.410000000000004
decision_type=2 9 8 10 10 10
left_child=3 4 -3 -1 -2 -6
right_child=1 2 -4 -5 5 -7
leaf_value=-0.046210616659343819 0.0069969632876135642 0.082878586826501066 -0.037755147591551956 0.052925068355944689 0.17105001160874961 0.0065606741287723876
leaf_weight=458 73 61 243 78 156 66
leaf_count=458 73 61 243 78 156 66
internal_value=0.00980198 0.045595 -0.00945041 -0.0302914 0.0967377 0.126979
internal_weight=1135 599 304 536 295 222
internal_count=1135 599 304 536 295 222
cat_boundaries=0 1
cat_threshold=99
is_linear=0
shrinkage=0.03


Tree=165
num_leaves=7
num_cat=2
split_feature=0 10 4 4 9 11
split_gain=1383.98 913.217 1214.62 1374.5 981.977 791.979
threshold=1.655009790242896 0 1.060399351792656 1.1505486461802947 390.00000000000006 1
decision_type=2 9 10 10 10 9
left_child=1 2 -1 -4 -3 -2
right_child=5 4 3 -5 -6 -7
leaf_value=0.080778136364434192 0.00017635403499418858 -0.062628005303332374 -0.14484843974816614 0.01720793218594854 0.052729910152728654 0.093494488010834903
leaf_weight=144 151 386 44 164 63 170
leaf_count=144 151 386 44 164 63 170
internal_value=0.00432925 -0.0167927 0.0187005 -0.026509 -0.0438213 0.055105
internal_weight=1122 801 352 208 449 321
internal_count=1122 801 352 208 449 321
cat_boundaries=0 1 2
cat_threshold=261 384
is_linear=0
shrinkage=0.03


Tree=166
num_leaves=5
num_cat=0
split_feature=7 4 4 9
split_gain=1026.67 653.764 814.675 663.967
threshold=0.8297895480994073 1.3806974728088537 1.2235967714368938 553.00000000000011
decision_type=10 10 10 10
left_child=1 2 3 -1
right_child=-2 -3 -4 -5
leaf_value=-0.0064829635471147472 0.11409101600830371 -0.06955618775678131 0.092366451452437201 0.096626971565186973
leaf_weight=869 58 86 75 40
leaf_count=869 58 86 75 40
internal_value=0.0090028 0.0012625 0.00877398 0
internal_weight=1128 1070 984 909
internal_count=1128 1070 984 909
is_linear=0
shrinkage=0.03


Tree=167
num_leaves=7
num_cat=1
split_feature=0 3 7 11 7 7
split_gain=1614.63 1267.56 1147.14 1500.98 1038.5 404.592
threshold=1.9375219456324897 32.500000000000007 0.32222463538099139 0 0.46610780924278666 0.4626627407553256
decision_type=2 10 8 9 10 8
left_child=1 2 -1 -4 -2 -3
right_child=4 5 3 -5 -6 -7
leaf_value=-0.12509268972803564 0.0083771498023339046 0.12789186527351698 -0.049933275764480867 0.037161062979516948 0.12886498174329442 0.010907868014550523
leaf_weight=82 139 42 424 266 107 56
leaf_count=82 139 42 424 266 107 56
internal_value=0.00188964 -0.0174733 -0.0308453 -0.0163522 0.0667587 0.0747313
internal_weight=1116 870 772 690 246 98
internal_count=1116 870 772 690 246 98
cat_boundaries=0 1
cat_threshold=393
is_linear=0
shrinkage=0.03


Tree=168
num_leaves=7
num_cat=1
split_feature=10 2 3 1 2 1
split_gain=1116.3 731.347 1221.45 1165.93 629.677 414.976
threshold=0 0.32750000000000007 21.000000000000004 64.760000000000005 0.41000000000000009 41.080000000000005
decision_type=9 8 8 10 8 8
left_child=4 5 -3 -4 -1 -2
right_child=1 2 3 -5 -6 -7
leaf_value=0.12662412350006561 -0.020654535350821367 -0.03600682187632278 0.063506007821479832 -0.049445110494603532 0.005642126670905522 -0.11858145249577669
leaf_weight=74 103 385 315 92 71 58
leaf_count=74 103 385 315 92 71 58
internal_value=0.00148492 -0.010942 0.00127327 0.0367135 0.071292 -0.0654688
internal_weight=1098 953 792 407 145 161
internal_count=1098 953 792 407 145 161
cat_boundaries=0 1
cat_threshold=13
is_linear=0
shrinkage=0.03


Tree=169
num_leaves=7
num_cat=0
split_feature=1 7 6 1 4 8
split_gain=1064.14 1276.15 1697.73 1807.46 1059.71 470.892
threshold=64.760000000000005 0.43142313358752082 82.27000000000001 19.700000000000003 1.552345016260831 74.245000000000019
decision_type=10 10 8 10 10 10
left_child=1 5 4 -4 -3 -1
right_child=-2 2 3 -5 -6 -7
leaf_value=-0.042522461019571488 -0.069741811706542464 0.16599076808452606 0.14769810995087027 -0.028008335288113993 0 0.020177018746452512
leaf_weight=336 157 105 44 278 48 139
leaf_count=336 157 105 44 278 48 139
internal_value=-0.00208642 0.0102401 0.0441672 0.00305905 0.11998 -0.0239795
internal_weight=1107 950 475 322 153 475
internal_count=1107 950 475 322 153 475
is_linear=0
shrinkage=0.03


Tree=170
num_leaves=7
num_cat=2
split_feature=0 10 4 11 4 4
split_gain=1417.17 924.77 1261.01 807.415 894.343 558.182
threshold=0.39380107309116885 0 0.11246828732001236 1 1.2235967714368938 0.0012478300954554256
decision_type=2 9 10 9 8 10
left_child=-1 2 -2 4 -3 -5
right_child=1 3 -4 5 -6 -7
leaf_value=-0.082769765967817654 -0.048280292376051699 -0.042105016998380804 0.047553691718440788 0.001088074785448722 0.056939259025088527 0.12088639863892908
leaf_weight=134 319 138 175 47 151 135
leaf_count=134 319 138 175 47 151 135
internal_value=0.00183532 0.0150866 -0.0134238 0.043821 0.00947969 0.0890108
internal_weight=1099 965 494 471 289 182
internal_count=1099 965 494 471 289 182
cat_boundaries=0 1 2
cat_threshold=34 298
is_linear=0
shrinkage=0.03


Tree=171
num_leaves=7
num_cat=0
split_feature=0 6 1 6 0 3
split_gain=1450.27 1061.35 977.333 904.056 903.058 871.177
threshold=0.39380107309116885 49.395000000000003 30.950000000000003 45.750000000000007 1.9375219456324897 39.000000000000007
decision_type=2 8 8 10 2 10
left_child=-1 3 4 -2 -3 -4
right_child=1 2 5 -5 -6 -7
leaf_value=-0.087708237476010864 0.0014644168872148431 -0.00025291320952502164 -0.054166572813000809 0.11554496620830736 0.11256412386852369 0.055276793649903046
leaf_weight=144 121 222 378 113 69 61
leaf_count=144 121 222 378 113 69 61
internal_value=-0.00515431 0.00864847 -0.0094185 0.061551 0.0318232 -0.0370825
internal_weight=1108 964 730 234 291 439
internal_count=1108 964 730 234 291 439
is_linear=0
shrinkage=0.03


Tree=172
num_leaves=7
num_cat=0
split_feature=0 4 4 7 7 0
split_gain=1095.26 1329.98 518.835 737.203 477.368 468.958
threshold=1.3846886630380695 0.015399037623036229 1.1420135310483051 0.46610780924278666 0.49531790072656312 0.30954666531337144
decision_type=2 8 10 10 8 2
left_child=5 -2 4 -4 -3 -1
right_child=1 2 3 -5 -6 -7
leaf_value=-0.076413249778656323 0.14243171853432429 -0.040935300148225252 -0.015527267006978596 0.12549966505129043 0.021994998128969729 -0.012793275296160547
leaf_weight=127 60 176 53 53 223 409
leaf_count=127 60 176 53 53 223 409
internal_value=0 0.0286222 0.0100751 0.063238 -0.00624949 -0.0301818
internal_weight=1101 565 505 106 399 536
internal_count=1101 565 505 106 399 536
is_linear=0
shrinkage=0.03


Tree=173
num_leaves=7
num_cat=0
split_feature=0 8 2 8 6 3
split_gain=1321.4 878.933 1098.89 588.403 889.102 457.689
threshold=0.39380107309116885 97.40000000000002 0.38000000000000006 97.40000000000002 48.515000000000008 21.000000000000004
decision_type=2 8 10 10 8 10
left_child=5 2 -2 4 -3 -1
right_child=1 3 -4 -5 -6 -7
leaf_value=-0.10591420917771756 -0.020941721936204021 0.078188372327356925 0.13371129029031309 -0.06878146673460582 -0.0038688966545005576 0.0067628282755613327
leaf_weight=100 57 127 92 71 606 40
leaf_count=100 57 127 92 71 606 40
internal_value=0.00337095 0.0165013 0.0787169 0.00326778 0.0119678 -0.0765246
internal_weight=1093 953 149 804 733 140
internal_count=1093 953 149 804 733 140
is_linear=0
shrinkage=0.03


Tree=174
num_leaves=7
num_cat=1
split_feature=10 6 6 3 6 6
split_gain=741.324 1229.67 968.606 881.809 820.386 808.529
threshold=0 45.750000000000007 82.27000000000001 26.000000000000004 51.935000000000009 51.732500000000009
decision_type=9 8 8 8 8 8
left_child=1 -1 -2 4 -3 -5
right_child=2 3 -4 5 -6 -7
leaf_value=-0.030627930885110097 0.051879623881006823 -0.0025203334100042597 -0.028361310885589918 0.19854663508895196 0.11161329266357134 0.02113430726432031
leaf_weight=138 163 173 501 56 63 42
leaf_count=138 163 173 501 56 63 42
internal_value=0.0130241 0.0405142 -0.00752489 0.0712919 0.0340527 0.13949
internal_weight=1136 472 664 334 236 98
internal_count=1136 472 664 334 236 98
cat_boundaries=0 1
cat_threshold=261
is_linear=0
shrinkage=0.03


Tree=175
num_leaves=7
num_cat=1
split_feature=1 3 7 7 10 7
split_gain=645.421 566.206 548.156 526.826 1413.28 234.153
threshold=19.700000000000003 32.500000000000007 0.4626627407553256 0.46610780924278666 0 0.40825952502781776
decision_type=8 10 8 8 9 10
left_child=-1 3 -3 5 -5 -2
right_child=1 2 -4 4 -6 -7
leaf_value=0.084657624868785628 -0.01982700614405147 0.10977041773890193 -0.0077905347639763787 0.061369160451279346 -0.028003569554734323 -0.075662766430865627
leaf_weight=65 247 56 61 232 377 90
leaf_count=65 247 56 61 232 377 90
internal_value=0.00509753 -0.00118553 0.0558505 -0.00931206 0.00734701 -0.0383101
internal_weight=1128 1063 117 946 609 337
internal_count=1128 1063 117 946 609 337
cat_boundaries=0 1
cat_threshold=261
is_linear=0
shrinkage=0.03


Tree=176
num_leaves=7
num_cat=1
split_feature=0 1 10 6 3 6
split_gain=1153.57 1163.18 1497.9 2023.23 1014.28 990.759
threshold=0.82048902867916607 64.760000000000005 0 82.27000000000001 12.500000000000002 46.660000000000004
decision_type=2 10 9 8 10 8
left_child=5 2 3 -2 -4 -1
right_child=1 -3 4 -5 -6 -7
leaf_value=-0.12984017196646891 0.11117953975040179 -0.060808864457702089 -0.014792770562427384 -0.041125642902916294 0.11414277032937808 -0.012346769755788365
leaf_weight=70 84 112 64 300 229 252
leaf_count=70 84 112 64 300 229 252
internal_value=0.00200771 0.0215509 0.0366161 -0.00371385 0.0839596 -0.0441636
internal_weight=1111 789 677 384 293 322
internal_count=1111 789 677 384 293 322
cat_boundaries=0 1
cat_threshold=162
is_linear=0
shrinkage=0.03


Tree=177
num_leaves=7
num_cat=1
split_feature=11 7 3 4 6 1
split_gain=637.997 1199.99 982.925 678.437 1131.31 750.918
threshold=0 0.33392556775576476 21.000000000000004 1.202513823263488 44.75500000000001 41.080000000000005
decision_type=9 10 10 8 10 8
left_child=2 -2 3 5 -5 -1
right_child=1 -3 -4 4 -6 -7
leaf_value=-0.027947128103980465 -0.031469486865660416 0.056795078448085505 0.049053887555109602 -0.040419040117970484 0.10472700969627646 -0.13144012758214221
leaf_weight=179 210 335 120 147 48 94
leaf_count=179 210 335 120 147 48 94
internal_value=-0.00033164 0.0223726 -0.0215318 -0.0414635 0.00144864 -0.0703265
internal_weight=1133 545 588 468 195 273
internal_count=1133 545 588 468 195 273
cat_boundaries=0 1
cat_threshold=396
is_linear=0
shrinkage=0.03


Tree=178
num_leaves=7
num_cat=2
split_feature=11 7 11 7 4 8
split_gain=649.263 1076.78 833.522 890.381 574.892 464.479
threshold=0 0.33392556775576476 1 0.53424270067587998 0.13905369580354535 97.40000000000002
decision_type=9 10 9 10 10 10
left_child=5 -2 3 -3 -4 -1
right_child=1 2 4 -5 -6 -7
leaf_value=-0.0059021798271153654 -0.023298492386510456 0.055216876057976927 0.053070061814005129 -0.067322040755767379 0.1935188253011022 -0.085051170117579969
leaf_weight=505 207 142 87 60 43 58
leaf_count=505 207 142 87 60 43 58
internal_value=0.00560442 0.028367 0.0610499 0.0150835 0.112064 -0.0165137
internal_weight=1102 539 332 202 130 563
internal_count=1102 539 332 202 130 563
cat_boundaries=0 1 2
cat_threshold=392 64
is_linear=0
shrinkage=0.03


Tree=179
num_leaves=7
num_cat=0
split_feature=6 2 7 1 1 1
split_gain=569.856 769.323 1087.27 1097.59 547.642 402.805
threshold=45.750000000000007 0.30250000000000005 0.32222463538099139 65.835000000000022 41.080000000000005 29.950000000000003
decision_type=8 8 10 10 8 10
left_child=-1 4 -3 -4 5 -2
right_child=1 2 3 -5 -6 -7
leaf_value=-0.051496797642984961 -0.051924297945307833 -0.025508890850239108 0.067311644443615731 -0.037011609314119114 -0.10879890324082225 0.039405556912223499
leaf_weight=137 64 263 432 99 52 70
leaf_count=137 64 263 432 99 52 70
internal_value=0.00160757 0.0099728 0.0229502 0.0471152 -0.0419838 -0.00490351
internal_weight=1117 980 794 531 186 134
internal_count=1117 980 794 531 186 134
is_linear=0
shrinkage=0.03


Tree=180
num_leaves=7
num_cat=0
split_feature=0 3 5 8 1 5
split_gain=836.674 1176.41 745.067 628.523 571.132 565.566
threshold=2.1505584229378152 32.500000000000007 0.5336329296957113 92.995000000000019 30.950000000000003 0.62036914635268381
decision_type=2 10 8 8 10 10
left_child=1 2 -1 -4 -2 -3
right_child=4 5 3 -5 -6 -7
leaf_value=-0.11295474372399775 0.12555499361672751 -0.0027509554428979755 0.064404855647257397 -0.021957967997687646 0.0022302245528533536 0.13162523737675708
leaf_weight=56 52 44 64 794 67 51
leaf_count=56 52 44 64 794 67 51
internal_value=-0.00219949 -0.0115442 -0.0225357 -0.0141273 0.0668632 0.0792116
internal_weight=1128 1009 914 858 119 95
internal_count=1128 1009 914 858 119 95
is_linear=0
shrinkage=0.03


Tree=181
num_leaves=6
num_cat=1
split_feature=0 9 7 10 9
split_gain=1176.89 747.935 568.673 1323.68 230.751
threshold=2.2805506918245286 553.00000000000011 0.43142313358752082 0 367.00000000000006
decision_type=2 10 8 9 10
left_child=1 2 4 -4 -1
right_child=-2 -3 3 -5 -6
leaf_value=-0.06391880357159456 0.10981197469690933 0.069391717065855396 0.054211351733744868 -0.031608891613240681 -0.00087310006611802601
leaf_weight=233 59 77 218 435 69
leaf_count=233 59 77 218 435 69
internal_value=-0.00183325 -0.0102394 -0.0180132 -0.00177373 -0.0506496
internal_weight=1091 1032 955 653 302
internal_count=1091 1032 955 653 302
cat_boundaries=0 1
cat_threshold=257
is_linear=0
shrinkage=0.03


Tree=182
num_leaves=7
num_cat=0
split_feature=9 2 2 8 3 5
split_gain=1115.6 580.148 608.969 513.099 276.721 309.784
threshold=553.00000000000011 0.32750000000000007 0.38000000000000006 97.40000000000002 47.500000000000007 0.773507600177609
decision_type=10 8 8 8 8 8
left_child=1 4 -3 -4 5 -1
right_child=-2 2 3 -5 -6 -7
leaf_value=-0.01987591307800339 0.10864333300754941 0.069935106926704516 0.040844178160564751 -0.015403932727448352 0.0048470337549224498 -0.11280391731066629
leaf_weight=78 67 102 171 598 60 56
leaf_count=78 67 102 171 598 60 56
internal_value=0.00532334 -0.00300413 0.00764724 -0.00210189 -0.0473513 -0.0687074
internal_weight=1132 1065 871 769 194 134
internal_count=1132 1065 871 769 194 134
is_linear=0
shrinkage=0.03


Tree=183
num_leaves=7
num_cat=0
split_feature=3 9 7 1 4 8
split_gain=572.646 597.098 534.374 527.063 958.443 706.817
threshold=32.500000000000007 164.50000000000003 0.4626627407553256 30.950000000000003 1.202513823263488 92.995000000000019
decision_type=10 8 8 8 8 8
left_child=1 -1 -2 5 -5 -3
right_child=2 3 -4 4 -6 -7
leaf_value=0.074819745562366535 0.10897854260033397 0.10173996836385306 -0.0064068904022375741 -0.066134712596513309 0.0098714356956425865 -0.0044371988826304581
leaf_weight=54 59 48 61 303 267 318
leaf_count=54 59 48 61 303 267 318
internal_value=0.000457648 -0.00737941 0.0573596 -0.0136505 -0.0313024 0.0138822
internal_weight=1110 990 120 936 570 366
internal_count=1110 990 120 936 570 366
is_linear=0
shrinkage=0.03


Tree=184
num_leaves=7
num_cat=1
split_feature=10 2 1 8 4 8
split_gain=609.929 1240.48 1253.49 1072.96 640.87 524.483
threshold=0 0.29000000000000009 36.500000000000007 74.620000000000019 0.0035912964305977097 97.40000000000002
decision_type=9 10 10 10 8 8
left_child=1 -1 -3 4 -2 -4
right_child=3 2 5 -5 -6 -7
leaf_value=0.1164522642853125 0.058114915205673738 0.076520153792816709 0.036257535377144816 0.079243070641427896 -0.042117845174404887 -0.057392041029684211
leaf_weight=86 46 111 55 69 543 203
leaf_count=86 46 111 55 69 543 203
internal_value=-0.000260511 0.0254618 0 -0.0184653 -0.0325398 -0.03604
internal_weight=1113 455 369 658 589 258
internal_count=1113 455 369 658 589 258
cat_boundaries=0 1
cat_threshold=261
is_linear=0
shrinkage=0.03


Tree=185
num_leaves=7
num_cat=1
split_feature=0 11 7 3 7 7
split_gain=1007.07 960.096 996.409 869.931 731.244 733.924
threshold=1.3846886630380695 0 0.33392556775576476 47.500000000000007 0.49094479065313906 0.42413191691771052
decision_type=2 9 10 10 10 10
left_child=3 2 -2 -1 5 -3
right_child=1 4 -4 -5 -6 -7
leaf_value=-0.031975591843376019 0.0021006129684452064 -0.0050559259424435678 0.12305470601064818 0.081181221996034891 -0.058570814775984456 0.10695695177866862
leaf_weight=487 97 154 155 50 103 58
leaf_count=487 97 154 155 50 103 58
internal_value=0.0102403 0.0375452 0.077448 -0.0187952 0.000402032 0.0319091
internal_weight=1104 567 252 537 315 212
internal_count=1104 567 252 537 315 212
cat_boundaries=0 1
cat_threshold=67
is_linear=0
shrinkage=0.03


Tree=186
num_leaves=6
num_cat=0
split_feature=4 6 1 2 2
split_gain=985.5 581.403 519.813 1643.64 737.09
threshold=0.0040938286798763825 91.070000000000007 64.760000000000005 0.41000000000000009 0.32750000000000007
decision_type=8 10 10 8 8
left_child=-1 2 4 -4 -2
right_child=1 -3 3 -5 -6
leaf_value=0.097696853550997637 -0.034209936525902318 -0.089019146463833743 -0.10800808606296777 0.074273525317237798 0.029441991304360701
leaf_weight=79 199 44 100 53 637
leaf_count=79 199 44 100 53 637
internal_value=0.00726782 -0.00131512 0.00421448 -0.0432312 0.013775
internal_weight=1112 1033 989 153 836
internal_count=1112 1033 989 153 836
is_linear=0
shrinkage=0.03


Tree=187
num_leaves=7
num_cat=0
split_feature=0 9 2 7 7 7
split_gain=869.008 735.169 836.093 770.831 375.865 349.843
threshold=0.39380107309116885 553.00000000000011 0.32750000000000007 0.43142313358752082 0.40217167810860682 0.5732974619759752
decision_type=2 10 8 10 10 8
left_child=4 2 5 -4 -1 -2
right_child=1 -3 3 -5 -6 -7
leaf_value=-0.0061908083000904593 -0.088356316512630831 0.10774070347547532 -0.0065428290328451693 0.053690874254492323 -0.09901580156089039 -0.0055980841098353272
leaf_weight=78 73 55 373 361 69 100
leaf_count=78 73 55 373 361 69 100
internal_value=0.00656991 0.0172673 0.00951023 0.0236404 -0.0567611 -0.0463674
internal_weight=1109 962 907 734 147 173
internal_count=1109 962 907 734 147 173
is_linear=0
shrinkage=0.03


Tree=188
num_leaves=7
num_cat=0
split_feature=0 3 2 5 9 8
split_gain=1335.2 1550.27 825.025 707.854 1057.77 684.526
threshold=2.0191113191843595 32.500000000000007 0.38000000000000006 1.668816654837433 367.00000000000006 92.995000000000019
decision_type=2 8 10 10 10 8
left_child=1 5 -2 4 -3 -1
right_child=2 3 -4 -5 -6 -7
leaf_value=0.042796130958691378 -0.0099473892116830453 -0.017839340646542721 0.14291369372135715 0.1163236503519726 0.1216449186870685 -0.041559611729998877
leaf_weight=83 43 181 75 78 45 615
leaf_count=83 43 181 75 78 45 615
internal_value=0.00586727 -0.00600922 0.0934066 0.0485214 0.017322 -0.0305325
internal_weight=1120 1002 118 304 226 698
internal_count=1120 1002 118 304 226 698
is_linear=0
shrinkage=0.03


Tree=189
num_leaves=7
num_cat=1
split_feature=10 3 0 4 7 4
split_gain=1446 921.848 1138.51 1076.7 823.436 265.965
threshold=0 32.500000000000007 2.2805506918245286 0.11246828732001236 0.46610780924278666 0.0047272588907713818
decision_type=9 10 2 10 10 10
left_child=1 2 4 -3 -1 -2
right_child=5 3 -4 -5 -6 -7
leaf_value=-0.05799864218880732 0.12726451577678802 -0.01867441076650677 0.1051837796339246 0.14766429272206391 0.00042914564380712352 0.020797883824857529
leaf_weight=421 73 63 41 48 423 41
leaf_count=421 73 63 41 48 423 41
internal_value=0.00242866 -0.0100974 -0.0208299 0.0643603 -0.029314 0.0914185
internal_weight=1110 996 885 111 844 114
internal_count=1110 996 885 111 844 114
cat_boundaries=0 1
cat_threshold=298
is_linear=0
shrinkage=0.03


Tree=190
num_leaves=7
num_cat=0
split_feature=0 4 3 6 3 6
split_gain=1053.35 637.374 614.139 528.234 540.651 345.077
threshold=1.3846886630380695 0.015399037623036229 21.000000000000004 80.430000000000021 57.500000000000007 82.27000000000001
decision_type=2 8 8 8 8 8
left_child=2 -2 -1 -4 -5 -3
right_child=1 5 3 4 -6 -7
leaf_value=-0.060959716311116748 0.1108138047342431 0.038131904430607308 0.045964360661587142 -0.093425130125037142 0.0085011579401113764 -0.0092874909779257914
leaf_weight=265 53 259 117 56 112 258
leaf_count=265 53 259 117 56 112 258
internal_value=-0.000691467 0.0273666 -0.029815 0.00104577 -0.0314796 0.0148918
internal_weight=1120 570 550 285 168 517
internal_count=1120 570 550 285 168 517
is_linear=0
shrinkage=0.03


Tree=191
num_leaves=7
num_cat=0
split_feature=1 7 4 7 1 4
split_gain=929.055 728.035 1210.98 1085.39 957.342 386.132
threshold=64.760000000000005 0.43738188072273859 0.16642738394522519 0.59306772703146404 22.500000000000004 0.043963746133934604
decision_type=10 10 10 10 10 10
left_child=1 5 4 -4 -3 -1
right_child=-2 2 3 -5 -6 -7
leaf_value=0.016408460651394688 -0.060625725767264757 0.080929008075787179 0.14507064422564719 -0.012127571057685664 -0.034112687375963006 -0.036211970351137858
leaf_weight=217 160 73 114 51 197 249
leaf_count=217 160 73 114 51 197 249
internal_value=0.00168132 0.0138872 0.0409722 0.1001 0.000220499 -0.0119181
internal_weight=1061 901 435 165 270 466
internal_count=1061 901 435 165 270 466
is_linear=0
shrinkage=0.03


Tree=192
num_leaves=7
num_cat=1
split_feature=0 1 10 4 1 4
split_gain=1144.16 1340.62 823.16 1564.85 910.757 485.614
threshold=0.82048902867916607 64.760000000000005 0 0.057191317383003842 30.950000000000003 0.06986556921806418
decision_type=2 8 9 10 10 10
left_child=-1 2 4 -4 -2 -3
right_child=1 5 3 -5 -6 -7
leaf_value=-0.041039740813443859 0.1513827968996112 0.0091876705664963934 -0.059096235371409699 0.071618387298818142 0.035627718537240415 -0.075211220741954465
leaf_weight=326 99 106 136 155 165 111
leaf_count=326 99 106 136 155 165 111
internal_value=0.00449473 0.0243496 0.0486607 0.0101377 0.0838969 -0.0364347
internal_weight=1098 772 555 291 264 217
internal_count=1098 772 555 291 264 217
cat_boundaries=0 1
cat_threshold=269
is_linear=0
shrinkage=0.03


Tree=193
num_leaves=7
num_cat=0
split_feature=0 0 6 2 6 2
split_gain=1471.4 477.245 629.628 962.123 597.275 249.725
threshold=2.2805506918245286 0.82048902867916607 49.395000000000003 0.38000000000000006 53.815000000000005 0.43500000000000005
decision_type=2 2 8 10 8 10
left_child=1 5 3 -3 -4 -1
right_child=-2 2 4 -5 -6 -7
leaf_value=-0.019901518377357687 0.12997747480665167 0.14023910992171454 -0.092397134655142488 0.0030951420544851117 -0.00060241252536399914 -0.079785909151489073
leaf_weight=241 53 49 53 144 519 79
leaf_count=241 53 49 53 144 519 79
internal_value=-0.000423433 -0.00908479 0.00389097 0.0480944 -0.0120434 -0.0386856
internal_weight=1138 1085 765 193 572 320
internal_count=1138 1085 765 193 572 320
is_linear=0
shrinkage=0.03


Tree=194
num_leaves=7
num_cat=1
split_feature=11 0 6 0 6 4
split_gain=1183.79 1545.5 1144.07 691.869 615.173 1286.9
threshold=0 0.82048902867916607 49.395000000000003 1.655009790242896 44.75500000000001 1.2235967714368938
decision_type=9 2 8 2 10 10
left_child=4 -2 -3 -4 -1 -6
right_child=1 2 3 -5 5 -7
leaf_value=-0.072496523695966486 -0.041793963432576527 0.1858652569865808 0.0015311078050906216 0.086026086219852513 -0.026548766807847939 0.1140824984629517
leaf_weight=158 149 44 186 148 367 49
leaf_count=158 149 44 186 148 367 49
internal_value=0.00382955 0.0352962 0.0672944 0.0418864 -0.0253428 -0.00537312
internal_weight=1101 527 378 334 574 416
internal_count=1101 527 378 334 574 416
cat_boundaries=0 1
cat_threshold=396
is_linear=0
shrinkage=0.03


Tree=195
num_leaves=7
num_cat=1
split_feature=0 9 5 1 1 10
split_gain=839.102 938.369 640.507 830.888 606.244 583.448
threshold=0.82048902867916607 553.00000000000011 0.52600443247456574 64.760000000000005 67.750000000000014 0
decision_type=2 10 8 10 8 9
left_child=4 2 -2 -4 5 -1
right_child=1 -3 3 -5 -6 -7
leaf_value=-0.0082986702746216268 -0.063438640422138731 0.11885521759881693 0.028429400999877324 -0.059239403110439487 0.024179847394215297 -0.10630276498745898
leaf_weight=111 94 48 543 98 74 117
leaf_count=111 94 48 543 98 74 117
internal_value=-0.00421544 0.0122113 0.00220331 0.0135484 -0.0451047 -0.0679702
internal_weight=1085 783 735 641 302 228
internal_count=1085 783 735 641 302 228
cat_boundaries=0 1
cat_threshold=3
is_linear=0
shrinkage=0.03


Tree=196
num_leaves=7
num_cat=2
split_feature=0 11 5 11 3 5
split_gain=1086.52 1029.58 914.812 684.39 465.935 1306.73
threshold=1.3846886630380695 0 1.682900394986907 1 21.000000000000004 0.548474464737713
decision_type=2 9 10 9 8 10
left_child=4 -2 3 -3 -1 -6
right_child=1 2 -4 -5 5 -7
leaf_value=-0.053433743590373811 -0.045460591567541231 9.7111912042486899e-06 0.13280839577615258 0.084008390621801141 -0.064270584374867587 0.057812396265874949
leaf_weight=271 104 276 80 101 128 149
leaf_count=271 104 276 80 101 128 149
internal_value=0.00257415 0.0314237 0.050121 0.0278793 -0.0269207 0.000667503
internal_weight=1109 561 457 377 548 277
internal_count=1109 561 457 377 548 277
cat_boundaries=0 1 2
cat_threshold=136 320
is_linear=0
shrinkage=0.03


Tree=197
num_leaves=7
num_cat=1
split_feature=0 5 11 5 7 6
split_gain=943.237 845.375 575.55 1254.29 987.491 382.656
threshold=0.39380107309116885 0.5336329296957113 0 1.9711401003805678 0.32222463538099139 46.865000000000009
decision_type=2 8 9 8 10 8
left_child=5 -2 3 -3 -4 -1
right_child=1 2 4 -5 -6 -7
leaf_value=-0.11972396280267275 -0.055082329327071251 -0.058995911543198082 -0.011925901727860464 0.056282876634790049 0.070586303563566127 -0.019621845754794774
leaf_weight=44 112 168 184 135 382 100
leaf_count=44 112 168 184 135 382 100
internal_value=0.00528175 0.0161684 0.0264515 -0.00692909 0.0434275 -0.0614448
internal_weight=1125 981 869 303 566 144
internal_count=1125 981 869 303 566 144
cat_boundaries=0 1
cat_threshold=264
is_linear=0
shrinkage=0.03


Tree=198
num_leaves=6
num_cat=0
split_feature=0 0 9 2 7
split_gain=996.057 729.37 649.263 612.118 475.139
threshold=2.2576719465441908 0.39380107309116885 553.00000000000011 0.32750000000000007 0.40217167810860682
decision_type=2 2 10 8 10
left_child=1 4 3 -3 -1
right_child=-2 2 -4 -5 -6
leaf_value=-0.0015718677498146212 0.1024061569041189 -0.049477873586937393 0.08549485046150429 0.011050081335254825 -0.10730000500341937
leaf_weight=68 65 171 64 686 73
leaf_count=68 65 171 64 686 73
internal_value=0.00353962 -0.00423713 0.00587954 -0.00181176 -0.0632126
internal_weight=1127 1062 921 857 141
internal_count=1127 1062 921 857 141
is_linear=0
shrinkage=0.03


Tree=199
num_leaves=7
num_cat=0
split_feature=0 4 1 7 1 8
split_gain=1187.52 1108.85 425.719 1123.4 379.983 320.699
threshold=1.3846886630380695 0.015399037623036229 64.760000000000005 0.46610780924278666 25.250000000000004 88.845000000000013
decision_type=2 8 10 10 8 10
left_child=4 -2 3 -3 -1 -6
right_child=1 2 -4 -5 5 -7
leaf_value=-0.081102577764107731 0.1277415790471686 -0.017598016286288858 -0.047753636963439705 0.078498881740065724 -0.0076271878919214938 -0.074464423396383164
leaf_weight=109 63 259 79 162 364 61
leaf_count=109 63 259 79 162 364 61
internal_value=-0.00384136 0.0260581 0.00871027 0.0211269 -0.0352756 -0.0202707
internal_weight=1097 563 500 421 534 425
internal_count=1097 563 500 421 534 425
is_linear=0
shrinkage=0.03


Tree=200
num_leaves=7
num_cat=0
split_feature=3 0 9 3 5 5
split_gain=1181.87 783.542 733.902 683.624 1169.12 932.361
threshold=32.500000000000007 2.2576719465441908 553.00000000000011 65.000000000000014 1.6491178897080787 0.62036914635268381
decision_type=8 2 10 8 8 10
left_child=1 2 -1 5 -5 -2
right_child=3 -3 -4 4 -6 -7
leaf_value=-0.030714872773362593 0.0051775653994726861 0.089653900161252492 0.058108248327625914 -0.057293640883690718 0.066367718813058585 0.18327842282212298
leaf_weight=682 46 43 76 89 170 49
leaf_count=682 46 43 76 89 170 49
internal_value=0.00777663 -0.0124425 -0.0204672 0.0519059 0.0225981 0.11346
internal_weight=1155 801 758 354 259 95
internal_count=1155 801 758 354 259 95
is_linear=0
shrinkage=0.03


Tree=201
num_leaves=7
num_cat=1
split_feature=11 0 1 2 3 2
split_gain=924.315 1433.47 784.338 1172.26 772.414 511.077
threshold=0 0.82048902867916607 59.410000000000004 0.47500000000000003 21.000000000000004 0.41000000000000009
decision_type=9 2 8 8 10 8
left_child=4 5 -3 -4 -1 -2
right_child=1 2 3 -5 -6 -7
leaf_value=-0.037697468539558188 0.01305544736642892 0.095491540017922899 -0.049819531126433059 0.10561939932082011 0.043522295255173482 -0.085129811726510518
leaf_weight=440 84 246 99 49 118 76
leaf_count=440 84 246 99 49 118 76
internal_value=0.00760646 0.0341529 0.0646376 0.00773342 -0.0191748 -0.0375261
internal_weight=1112 554 394 148 558 160
internal_count=1112 554 394 148 558 160
cat_boundaries=0 1
cat_threshold=392
is_linear=0
shrinkage=0.03


Tree=202
num_leaves=7
num_cat=2
split_feature=0 3 10 11 5 3
split_gain=990.169 1178.32 968.129 598.619 539.514 443.286
threshold=2.2805506918245286 32.500000000000007 0 1 0.62036914635268381 21.000000000000004
decision_type=2 10 9 9 10 8
left_child=1 2 3 -1 -3 -4
right_child=-2 4 5 -5 -6 -7
leaf_value=-0.0033517679563300888 0.10374187711912852 0.0023918397295964906 0.10324284122650881 -0.053110643260230399 0.12887464442012178 -0.011257081229667195
leaf_weight=446 58 53 63 422 57 41
leaf_count=446 58 53 63 422 57 41
internal_value=0.000405896 -0.00686119 -0.0179224 -0.0285762 0.0781381 0.0583767
internal_weight=1140 1082 972 868 110 104
internal_count=1140 1082 972 868 110 104
cat_boundaries=0 1 2
cat_threshold=298 194
is_linear=0
shrinkage=0.03


Tree=203
num_leaves=7
num_cat=2
split_feature=0 3 10 6 6 10
split_gain=869.33 898.851 1532.12 1221.67 1193.1 764.273
threshold=2.2576719465441908 32.500000000000007 0 47.610000000000007 91.070000000000007 1
decision_type=2 8 9 8 8 9
left_child=1 5 3 -3 -4 -1
right_child=-2 2 4 -5 -6 -7
leaf_value=0.044492285378435824 0.098696766475956113 0.021227376718026925 0.045034058254800342 0.2207465070911816 -0.084388077081860718 -0.033277805795999864
leaf_weight=111 63 59 132 43 91 623
leaf_count=111 63 59 132 43 91 623
internal_value=0.0051812 -0.00205274 0.0380351 0.118515 -0.00973083 -0.0204204
internal_weight=1122 1059 325 102 223 734
internal_count=1122 1059 325 102 223 734
cat_boundaries=0 1 2
cat_threshold=256 13
is_linear=0
shrinkage=0.03


Tree=204
num_leaves=7
num_cat=0
split_feature=0 0 4 4 4 4
split_gain=883.558 619.322 599.586 629.875 304.589 178.941
threshold=0.23244339915132542 2.2805506918245286 1.2235967714368938 1.060399351792656 1.3545969446957955 0.47732050057094927
decision_type=2 2 10 10 10 10
left_child=5 2 3 -2 -4 -1
right_child=1 -3 4 -5 -6 -7
leaf_value=-0.023769651601113467 0.0090211692547932931 0.094755606836662051 0.10857729762372836 -0.06197652470348472 0.019622880336093274 -0.10874666018038988
leaf_weight=63 707 62 51 113 94 40
leaf_count=63 707 62 51 113 94 40
internal_value=0.00655112 0.0154264 0.00844823 -0.00193391 0.0606424 -0.0695746
internal_weight=1130 1027 965 820 145 103
internal_count=1130 1027 965 820 145 103
is_linear=0
shrinkage=0.03


Tree=205
num_leaves=7
num_cat=1
split_feature=0 3 7 11 7 7
split_gain=907.701 684.923 802.484 1085.5 659.777 414.242
threshold=1.9375219456324897 32.500000000000007 0.32222463538099139 0 0.46610780924278666 0.32962765416561374
decision_type=2 10 8 9 10 8
left_child=1 2 -1 -4 5 -2
right_child=4 -3 3 -5 -6 -7
leaf_value=-0.096428738653316692 0.057611659662937048 0.055862303503181623 -0.048782964688617474 0.023703824352628623 0.093010907748280316 -0.03859388931036585
leaf_weight=94 47 95 314 377 126 81
leaf_count=94 47 95 314 377 126 81
internal_value=0.00159358 -0.0129362 -0.0225177 -0.0099492 0.0494219 0
internal_weight=1134 880 785 691 254 128
internal_count=1134 880 785 691 254 128
cat_boundaries=0 1
cat_threshold=269
is_linear=0
shrinkage=0.03


Tree=206
num_leaves=7
num_cat=1
split_feature=6 10 5 8 6 8
split_gain=699.884 1192.02 1150.83 916.372 821.747 778.618
threshold=45.750000000000007 0 1.682900394986907 74.620000000000019 49.395000000000003 95.550000000000011
decision_type=8 9 8 10 10 10
left_child=-1 2 4 -3 -2 -4
right_child=1 3 5 -5 -6 -7
leaf_value=-0.05523235575770432 0.058131410965453018 -0.025441243117084244 0.13002524380359734 0.078418418656695965 -0.066715295799836816 -0.0039370260119219033
leaf_weight=139 72 571 151 68 78 48
leaf_count=139 72 571 151 68 78 48
internal_value=0.00326041 0.0124818 0.0546612 -0.0120702 -0.00664711 0.10003
internal_weight=1127 988 349 639 150 199
internal_count=1127 988 349 639 150 199
cat_boundaries=0 1
cat_threshold=261
is_linear=0
shrinkage=0.03


Tree=207
num_leaves=7
num_cat=1
split_feature=10 4 9 4 4 4
split_gain=749.209 1537.48 752.698 1081.47 720.273 714.161
threshold=0 1.060399351792656 390.00000000000006 0.057191317383003842 0.0089800527850774792 1.1505486461802947
decision_type=9 10 10 10 8 10
left_child=1 -1 3 4 -2 -3
right_child=2 5 -4 -5 -6 -7
leaf_value=0.10587967933621258 0.019408653725901344 -0.081005321205766118 0.062097812737338241 0.020122503611268897 -0.084803777185479837 0.022450955112079351
leaf_weight=172 69 61 92 267 227 212
leaf_count=172 69 61 92 267 227 212
internal_value=0.0112563 0.0399497 -0.00921029 -0.0228542 -0.0606303 -0.00441232
internal_weight=1100 445 655 563 296 273
internal_count=1100 445 655 563 296 273
cat_boundaries=0 1
cat_threshold=261
is_linear=0
shrinkage=0.03


Tree=208
num_leaves=7
num_cat=0
split_feature=0 7 1 2 2 1
split_gain=833.592 545.41 882.265 963.738 506.285 432.949
threshold=2.2805506918245286 0.31894387102045269 64.760000000000005 0.32750000000000007 0.41000000000000009 60.305000000000007
decision_type=2 8 10 10 8 8
left_child=1 5 3 -3 -4 -1
right_child=-2 2 4 -5 -6 -7
leaf_value=-0.10564396443367004 0.098287780837314889 -0.019468703891233854 -0.083389530866924258 0.045689530171498301 0.024151726036216133 0.0048087951331071445
leaf_weight=55 62 327 115 484 44 51
leaf_count=55 62 327 115 484 44 51
internal_value=0.00607749 -0.000877615 0.00656566 0.0195089 -0.0539211 -0.0596974
internal_weight=1138 1076 970 811 159 106
internal_count=1138 1076 970 811 159 106
is_linear=0
shrinkage=0.03


Tree=209
num_leaves=7
num_cat=0
split_feature=1 0 6 7 7 7
split_gain=894.451 1210.78 1904.71 1597.59 592.59 508.939
threshold=64.760000000000005 0.39380107309116885 82.27000000000001 0.46610780924278666 0.38387685795746201 0.41050907993485297
decision_type=10 2 8 10 10 10
left_child=1 5 3 -3 -2 -1
right_child=4 2 -4 -5 -6 -7
leaf_value=-0.0087583861847718558 0.027324716636250097 0.026005254579707981 -0.0091645446126707476 0.16361894989414003 -0.090372612645219563 -0.12821529822229449
leaf_weight=70 42 200 500 114 116 47
leaf_count=70 42 200 500 114 116 47
internal_value=0.00251155 0.0140713 0.0274347 0.0829524 -0.0591941 -0.0688955
internal_weight=1089 931 814 314 158 117
internal_count=1089 931 814 314 158 117
is_linear=0
shrinkage=0.03


Tree=210
num_leaves=7
num_cat=0
split_feature=0 5 1 2 5 9
split_gain=733.831 854.035 824.623 1149.64 789.995 765.96
threshold=0.82048902867916607 2.0484724716927474 30.950000000000003 0.18000000000000002 0.51814944602684376 164.50000000000003
decision_type=2 10 8 10 8 8
left_child=1 -1 -2 4 -4 -5
right_child=2 -3 3 5 -6 -7
leaf_value=-0.013074486634782138 0.054033601084652674 -0.12820622463073383 -0.018858852689326914 0.051387476899005746 0.11216183565258979 -0.052124989343013274
leaf_weight=276 267 56 61 61 80 339
leaf_count=276 267 56 61 61 80 339
internal_value=-0.00255857 -0.0388458 0.0128572 -0.00855948 0.0598051 -0.0345012
internal_weight=1140 332 808 541 141 400
internal_count=1140 332 808 541 141 400
is_linear=0
shrinkage=0.03


Tree=211
num_leaves=7
num_cat=1
split_feature=10 2 6 6 1 6
split_gain=453.727 1177.12 1056.39 804.296 703.396 702.609
threshold=0 0.29000000000000009 91.070000000000007 94.910000000000011 66.835000000000022 45.750000000000007
decision_type=9 10 8 10 10 8
left_child=2 -2 -1 -4 5 -3
right_child=1 4 3 -5 -6 -7
leaf_value=0.0087676888665905017 0.10489185992078703 -0.04864348981985632 -0.11742823925103962 0.019640874239935803 -0.066734120345397566 0.046665171478244089
leaf_weight=453 102 78 107 47 91 228
leaf_count=453 102 78 107 47 91 228
internal_value=0.00243773 0.0229399 -0.0146473 -0.0778014 -0.00144265 0.0206929
internal_weight=1106 499 607 154 397 306
internal_count=1106 499 607 154 397 306
cat_boundaries=0 1
cat_threshold=10
is_linear=0
shrinkage=0.03


Tree=212
num_leaves=6
num_cat=0
split_feature=0 9 3 2 4
split_gain=849.489 631.657 716.884 640.641 218.068
threshold=2.2805506918245286 553.00000000000011 32.500000000000007 0.43500000000000005 0.11246828732001236
decision_type=2 10 10 10 10
left_child=1 2 3 -1 -4
right_child=-2 -3 4 -5 -6
leaf_value=-0.0051816647630064452 0.097927054820152432 0.06835443732385732 0.0069543071074670629 -0.061854542954580767 0.087905665230751037
leaf_weight=676 58 78 59 228 55
leaf_count=676 58 78 59 228 55
internal_value=0.00220868 -0.00446713 -0.0113141 -0.0205697 0.0537486
internal_weight=1154 1096 1018 904 114
internal_count=1154 1096 1018 904 114
is_linear=0
shrinkage=0.03


Tree=213
num_leaves=7
num_cat=1
split_feature=11 9 1 2 6 1
split_gain=452.076 394.002 610.191 1233.04 291.71 687.552
threshold=0 395.00000000000006 64.760000000000005 0.43500000000000005 90.00500000000001 35.250000000000007
decision_type=9 10 8 8 8 8
left_child=4 2 3 -2 5 -1
right_child=1 -3 -4 -5 -6 -7
leaf_value=0.046787824530382542 0.075356676971905734 0.080267758833456646 -0.047055720865835239 -0.032493415727918404 -0.057868825729857097 -0.030674572241293382
leaf_weight=127 190 59 117 158 121 326
leaf_count=127 190 59 117 158 121 326
internal_value=-0.00175269 0.017826 0.00716379 0.0271225 -0.0196939 -0.00777081
internal_weight=1098 524 465 348 574 453
internal_count=1098 524 465 348 574 453
cat_boundaries=0 1
cat_threshold=396
is_linear=0
shrinkage=0.03


Tree=214
num_leaves=7
num_cat=1
split_feature=0 11 6 1 7 7
split_gain=810.197 1102.19 1085.02 991.532 496.492 644.751
threshold=0.82048902867916607 0 90.27500000000002 59.410000000000004 0.49094479065313906 0.46610780924278666
decision_type=2 9 10 8 8 10
left_child=-1 4 3 -3 5 -2
right_child=1 2 -4 -5 -6 -7
leaf_value=-0.031172310235953102 -0.010890911215199873 0.067158887354243135 0.13516385299339889 -0.033446312785442717 -0.04910080931214867 0.10188647943735123
leaf_weight=305 175 196 100 132 165 40
leaf_count=305 175 196 100 132 165 40
internal_value=0.00908822 0.0247439 0.0559872 0.0269037 -0.0124249 0.0167211
internal_weight=1113 808 428 328 380 215
internal_count=1113 808 428 328 380 215
cat_boundaries=0 1
cat_threshold=392
is_linear=0
shrinkage=0.03


Tree=215
num_leaves=7
num_cat=1
split_feature=10 5 5 5 9 6
split_gain=747.371 844.361 802.178 790.423 667.501 608.428
threshold=0 0.5336329296957113 1.6272729315368084 1.6581833830829689 390.00000000000006 44.75500000000001
decision_type=9 10 10 10 10 10
left_child=2 4 -1 -4 -2 -5
right_child=1 -3 3 5 -6 -7
leaf_value=0.08312188954719088 -0.077030809920579479 0.0097677004678795726 -0.087409585922335581 -0.024457280479317944 0.031508331147717762 0.060879964987201801
leaf_weight=145 236 376 52 119 51 149
leaf_count=145 236 376 52 119 51 149
internal_value=0.000606261 -0.019473 0.0287894 0.00139901 -0.0567518 0.0237123
internal_weight=1128 663 465 320 287 268
internal_count=1128 663 465 320 287 268
cat_boundaries=0 1
cat_threshold=261
is_linear=0
shrinkage=0.03


Tree=216
num_leaves=7
num_cat=0
split_feature=0 3 1 8 9 1
split_gain=884.537 766.293 1120.32 741.405 639.165 444.118
threshold=2.2386040524656559 32.500000000000007 25.250000000000004 92.995000000000019 260.45000000000005 30.950000000000003
decision_type=2 8 8 8 8 8
left_child=1 3 -3 5 -5 -1
right_child=-2 2 -4 4 -6 -7
leaf_value=0.095396012887358661 0.068284417738703862 -0.068402907370078939 0.052706524783752283 0.019628114908212615 -0.058641030085497502 -0.01993548224256797
leaf_weight=42 113 73 251 104 478 46
leaf_count=42 113 73 251 104 478 46
internal_value=-0.004478 -0.0139926 0.0228546 -0.0320443 -0.0443677 0.042026
internal_weight=1107 994 324 670 582 88
internal_count=1107 994 324 670 582 88
is_linear=0
shrinkage=0.03


Tree=217
num_leaves=7
num_cat=1
split_feature=5 6 7 3 10 5
split_gain=598.11 483.69 548.714 1311.98 1062.59 345.09
threshold=0.5336329296957113 45.750000000000007 0.69460723488885046 32.500000000000007 0 0.40154692882601289
decision_type=8 8 8 8 9 10
left_child=5 -2 3 -3 -4 -1
right_child=1 2 4 -5 -6 -7
leaf_value=-0.0042290297555534736 -0.037381882729532662 0.011440741025735853 -0.062012470705190399 0.11933717834678563 0.04487154282342929 -0.097769626733157533
leaf_weight=72 140 468 153 112 126 57
leaf_count=72 140 468 153 112 126 57
internal_value=0.00258609 0.0108009 0.0193939 0.0356593 -0.0143422 -0.0535391
internal_weight=1128 999 859 580 279 129
internal_count=1128 999 859 580 279 129
cat_boundaries=0 1
cat_threshold=10
is_linear=0
shrinkage=0.03


Tree=218
num_leaves=7
num_cat=1
split_feature=0 10 4 4 8 6
split_gain=711.876 886.219 1254.04 1111.48 1015.68 878.527
threshold=0.23244339915132542 0 1.060399351792656 1.1505486461802947 74.620000000000019 94.910000000000011
decision_type=2 9 10 10 10 10
left_child=-1 2 -2 -4 5 -3
right_child=1 4 3 -5 -6 -7
leaf_value=-0.066522853683842267 0.10324343733489513 -0.046046561521483807 -0.10169561029076575 0.031724339059214145 0.079589523812090709 0.072729827779989972
leaf_weight=118 148 461 55 204 64 45
leaf_count=118 148 461 55 204 64 45
internal_value=-0.00266512 0.00616704 0.0384988 -0.00165204 -0.0176924 -0.0330056
internal_weight=1095 977 407 259 570 506
internal_count=1095 977 407 259 570 506
cat_boundaries=0 1
cat_threshold=261
is_linear=0
shrinkage=0.03


Tree=219
num_leaves=6
num_cat=0
split_feature=3 0 5 5 7
split_gain=931.053 1188.37 837.654 574.099 496.435
threshold=32.500000000000007 2.2805506918245286 0.5336329296957113 0.62036914635268381 0.32222463538099139
decision_type=10 2 8 10 8
left_child=1 2 -1 -2 -4
right_child=3 -3 4 -5 -6
leaf_value=-0.10067129527874367 0.0044751915425576012 0.11235856015016051 -0.070498681752383704 0.12555662941049647 0.00049268769128188775
leaf_weight=78 67 48 80 61 765
leaf_count=78 67 48 80 61 765
internal_value=0.00154684 -0.00890869 -0.017528 0.0717529 -0.00763365
internal_weight=1099 971 923 128 845
internal_count=1099 971 923 128 845
is_linear=0
shrinkage=0.03


Tree=220
num_leaves=7
num_cat=1
split_feature=0 9 11 0 5 3
split_gain=1045.23 690.714 840.101 350.526 343.144 599.362
threshold=2.2805506918245286 390.00000000000006 0 1.1215190243431474 0.5336329296957113 24.000000000000004
decision_type=2 10 9 2 10 10
left_child=1 4 3 -3 -1 -6
right_child=-2 2 -4 -5 5 -7
leaf_value=-0.045844871877204804 0.10361094531789422 0.020688067687981163 -0.020346156202873094 0.13841098934412002 -0.023458195851126219 0.045332487129459254
leaf_weight=295 60 47 109 53 436 132
leaf_count=295 60 47 109 53 436 132
internal_value=-0.00102142 -0.00872303 0.0378253 0.0888469 -0.0206654 -0.00637143
internal_weight=1132 1072 209 100 863 568
internal_count=1132 1072 209 100 863 568
cat_boundaries=0 1
cat_threshold=194
is_linear=0
shrinkage=0.03


Tree=221
num_leaves=7
num_cat=1
split_feature=10 7 4 4 6 5
split_gain=703.726 1466.24 1280.91 894.707 493.215 442.722
threshold=0 0.77403486575004621 1.060399351792656 1.1505486461802947 44.75500000000001 0.5336329296957113
decision_type=9 8 10 10 10 8
left_child=2 5 -1 -4 -5 -2
right_child=1 -3 3 4 -6 -7
leaf_value=0.096208601890930098 -0.025916065371595323 -0.084889042260391373 -0.084812841808971237 -0.015054853763081189 0.067855205159973009 0.033583009831816946
leaf_weight=190 140 148 65 113 112 371
leaf_count=190 140 148 65 113 112 371
internal_value=0.0125559 -0.00765889 0.0389986 -0.000820968 0.0281412 0.0168068
internal_weight=1139 659 480 290 225 511
internal_count=1139 659 480 290 225 511
cat_boundaries=0 1
cat_threshold=261
is_linear=0
shrinkage=0.03


Tree=222
num_leaves=7
num_cat=0
split_feature=4 1 1 8 2 4
split_gain=891.959 389.383 891.827 548.581 462.376 74.6261
threshold=0.0040938286798763825 64.760000000000005 55.625000000000007 74.245000000000019 0.41000000000000009 1.0815695675909811
decision_type=8 10 10 10 8 8
left_child=-1 2 3 -2 5 -3
right_child=1 4 -4 -5 -6 -7
leaf_value=0.093902980283815038 -0.015198688730940839 -0.095300827700840793 0.10174773161697043 0.042381475309846157 0.022473735671776993 -0.027854330182259138
leaf_weight=78 631 56 62 173 58 51
leaf_count=78 631 56 62 173 58 51
internal_value=0.0074079 -0.000741177 0.00748148 -0.00200816 -0.0403652 -0.073075
internal_weight=1109 1031 866 804 165 107
internal_count=1109 1031 866 804 165 107
is_linear=0
shrinkage=0.03


Tree=223
num_leaves=7
num_cat=1
split_feature=11 1 4 7 7 7
split_gain=685.579 567.762 511.357 470.133 466.209 496.634
threshold=0 29.950000000000003 0.023500873199108204 0.47533726146846972 0.43142313358752082 0.37585703297895939
decision_type=9 8 10 8 10 10
left_child=1 2 -1 4 5 -2
right_child=3 -3 -4 -5 -6 -7
leaf_value=0.043985771370882339 0.020207735617890171 0.074941654648970471 -0.075892007265772138 -0.035304178033085144 0.06344702134237569 -0.056689239332363715
leaf_weight=46 170 134 43 529 82 106
leaf_count=46 170 134 43 529 82 106
internal_value=-0.00569106 0.0381932 -0.0166801 -0.0176159 0.00838154 -0.0109573
internal_weight=1110 223 89 887 358 276
internal_count=1110 223 89 887 358 276
cat_boundaries=0 1
cat_threshold=35
is_linear=0
shrinkage=0.03


Tree=224
num_leaves=7
num_cat=1
split_feature=11 3 6 1 7 6
split_gain=510.858 510.834 489.554 924.518 941.335 383.548
threshold=0 21.000000000000004 49.395000000000003 64.760000000000005 0.46781315527692507 47.120000000000012
decision_type=9 10 8 10 10 8
left_child=1 5 -2 4 -4 -1
right_child=2 -3 3 -5 -6 -7
leaf_value=0.0062606886536517043 0.088707435915430816 0.03474783515955867 -0.012872287972389903 -0.083029213934382298 0.07575142136839505 -0.048635569663235435
leaf_weight=168 71 125 219 59 182 304
leaf_count=168 71 125 219 59 182 304
internal_value=0.00365497 -0.0150279 0.0243821 0.0115542 0.0288962 -0.0295141
internal_weight=1128 597 531 460 401 472
internal_count=1128 597 531 460 401 472
cat_boundaries=0 1
cat_threshold=396
is_linear=0
shrinkage=0.03


Tree=225
num_leaves=7
num_cat=1
split_feature=10 4 4 1 1 4
split_gain=1022.92 617.711 641.442 588.703 315.856 193.206
threshold=0 1.3106148416865515 1.1269183133585032 69.750000000000014 inf 62.82984426474993
decision_type=9 8 10 10 8 8
left_child=1 2 3 -1 -3 -2
right_child=5 4 -4 -5 -6 -7
leaf_value=0.0012039638421403997 0.02405763556762943 -0.066482075149760303 0.065993019407536796 -0.084402074005050828 0.00087757586781839723 0.1137273133699208
leaf_weight=547 53 210 99 63 83 53
leaf_count=547 53 210 99 63 83 53
internal_value=-0.00298913 -0.0131299 0.00209938 -0.00994083 -0.0483722 0.0743993
internal_weight=1108 1002 709 610 293 106
internal_count=1108 1002 709 610 293 106
cat_boundaries=0 1
cat_threshold=298
is_linear=0
shrinkage=0.03


Tree=226
num_leaves=7
num_cat=1
split_feature=0 8 5 6 2 10
split_gain=638.083 466.775 330.355 366.777 598.643 261.877
threshold=1.655009790242896 95.550000000000011 0.52600443247456574 43.440000000000005 0.41000000000000009 0
decision_type=2 8 8 10 8 9
left_child=1 -1 -2 -4 -5 -3
right_child=2 5 3 4 -6 -7
leaf_value=0.044076929761226784 -0.019648232804121153 0.0037851548212185365 -0.0046969594704833889 0.023660307879426648 0.13073282477069406 -0.032687899309401268
leaf_weight=109 56 293 68 120 74 402
leaf_count=109 56 293 68 120 74 402
internal_value=0.00567608 -0.00860758 0.0403394 0.0538581 0.0731838 -0.017956
internal_weight=1122 804 318 262 194 695
internal_count=1122 804 318 262 194 695
cat_boundaries=0 1
cat_threshold=261
is_linear=0
shrinkage=0.03


Tree=227
num_leaves=7
num_cat=1
split_feature=11 3 9 2 2 8
split_gain=536.363 746.39 626.761 632.169 646.01 602.892
threshold=0 21.000000000000004 395.00000000000006 0.43500000000000005 0.32750000000000007 51.000000000000007
decision_type=9 10 10 8 10 10
left_child=2 5 3 4 -1 -2
right_child=1 -3 -4 -5 -6 -7
leaf_value=-0.021354126948863267 -0.0042873905755788366 0.047623449783386854 0.10590976708714503 -0.02331880567148838 0.078040581970428027 -0.07550504552879754
leaf_weight=76 301 125 63 199 158 150
leaf_count=76 301 125 63 199 158 150
internal_value=0.00741594 -0.0120573 0.029401 0.0146013 0.0463828 -0.0303017
internal_weight=1072 576 496 433 234 451
internal_count=1072 576 496 433 234 451
cat_boundaries=0 1
cat_threshold=99
is_linear=0
shrinkage=0.03


Tree=228
num_leaves=7
num_cat=0
split_feature=0 1 6 2 6 4
split_gain=723.672 596.431 749.552 723.25 692.222 462.342
threshold=0.23244339915132542 59.410000000000004 82.27000000000001 0.47500000000000003 51.287500000000009 0.0040938286798763825
decision_type=2 10 8 8 10 8
left_child=-1 2 4 -3 -2 -4
right_child=1 3 5 -5 -6 -7
leaf_value=-0.066283542407934895 0.024488869040031672 -0.078965647872135364 0.059586399685591457 0.032475784461150008 0.12802305767922822 -0.014328245213292991
leaf_weight=117 223 119 70 69 67 474
leaf_count=117 223 119 70 69 67 474
internal_value=-0.00144375 0.00705139 0.0180719 -0.038586 0.0553187 -0.00293507
internal_weight=1139 1022 834 188 290 544
internal_count=1139 1022 834 188 290 544
is_linear=0
shrinkage=0.03


Tree=229
num_leaves=7
num_cat=1
split_feature=0 8 10 8 4 2
split_gain=739.053 727.859 978.153 1024.02 703.757 245.955
threshold=0.39380107309116885 97.40000000000002 0 74.620000000000019 1.1137109379807753 0.52500000000000013
decision_type=2 10 9 10 10 8
left_child=5 2 4 -4 -2 -1
right_child=1 -3 3 -5 -6 -7
leaf_value=-0.073059262841292036 0.11687982283811103 -0.068688574937673705 -0.011853190386641016 0.10860654161311686 0.02590757255666316 0.006487616504891775
leaf_weight=95 133 58 518 52 188 44
leaf_count=95 133 58 518 52 188 44
internal_value=0.0102615 0.0199756 0.0271943 0.00230442 0.0664712 -0.0498529
internal_weight=1088 949 891 570 321 139
internal_count=1088 949 891 570 321 139
cat_boundaries=0 1
cat_threshold=261
is_linear=0
shrinkage=0.03


Tree=230
num_leaves=7
num_cat=1
split_feature=10 3 5 2 5 1
split_gain=821.575 739.286 654.939 385.967 1039.58 670.062
threshold=0 32.500000000000007 0.62036914635268381 0.18000000000000002 0.93654715496771657 19.700000000000003
decision_type=9 10 10 10 8 8
left_child=-1 3 -3 4 -2 -5
right_child=1 2 -4 5 -6 -7
leaf_value=0.07710904818859031 -0.05962983797614773 -0.0022997246396749518 0.12743037363173257 0.075775981165590825 0.078075580784907714 -0.028459831446711346
leaf_weight=109 61 66 51 41 110 668
leaf_count=109 61 66 51 41 110 668
internal_value=0.00881858 -0.00070929 0.064159 -0.0106425 0.0275383 -0.0204363
internal_weight=1106 997 117 880 171 709
internal_count=1106 997 117 880 171 709
cat_boundaries=0 1
cat_threshold=133
is_linear=0
shrinkage=0.03


Tree=231
num_leaves=7
num_cat=1
split_feature=0 5 3 3 3 11
split_gain=655.884 395.079 1338.95 745.453 698.037 527.086
threshold=2.2805506918245286 1.7169829547076796 21.000000000000004 24.000000000000004 12.500000000000002 0
decision_type=2 8 10 10 10 9
left_child=1 2 4 5 -1 -3
right_child=-2 3 -4 -5 -6 -7
leaf_value=-0.12084052480990067 0.087515767288285418 -0.011875933646424416 0.044788831664294725 -0.054085988191501143 -0.026094422458482674 0.059393196552716937
leaf_weight=76 57 133 185 86 336 241
leaf_count=76 57 133 185 86 336 241
internal_value=0.00294249 -0.003103 -0.0189767 0.0173056 -0.0484961 0.0357862
internal_weight=1114 1057 597 460 412 374
internal_count=1114 1057 597 460 412 374
cat_boundaries=0 1
cat_threshold=260
is_linear=0
shrinkage=0.03


Tree=232
num_leaves=7
num_cat=1
split_feature=1 2 4 10 8 9
split_gain=640.665 868.3 654.675 819.972 1317.41 804.819
threshold=22.500000000000004 0.47500000000000003 1.1505486461802947 0 99.950000000000017 590.75000000000011
decision_type=10 10 8 9 8 8
left_child=1 -1 3 -2 -5 -4
right_child=2 -3 5 4 -6 -7
leaf_value=0.0022196529928556422 -0.0082437601527561629 0.11737847616994067 -0.074104527666584236 0.042119234200628075 -0.13114413566193225 0.035649873045700123
leaf_weight=271 304 56 57 41 141 257
leaf_count=271 304 56 57 41 141 257
internal_value=-0.00648884 0.0277426 -0.0208895 -0.0420916 -0.0871931 0.0123023
internal_weight=1127 327 800 486 182 314
internal_count=1127 327 800 486 182 314
cat_boundaries=0 1
cat_threshold=2
is_linear=0
shrinkage=0.03


Tree=233
num_leaves=7
num_cat=1
split_feature=1 0 10 2 8 0
split_gain=635.227 841.488 922.843 551.729 471.093 469.138
threshold=69.750000000000014 0.82048902867916607 0 0.29000000000000009 74.245000000000019 1.3846886630380695
decision_type=10 2 9 10 10 2
left_child=1 -1 3 -3 -4 -2
right_child=5 2 4 -5 -6 -7
leaf_value=-0.039181424575680732 -0.00077846030672562539 0.15196559471637008 -0.016622359908497076 0.039219551207100467 0.059312866493389849 -0.1080868388598456
leaf_weight=264 67 40 402 191 69 65
leaf_count=264 67 40 402 191 69 65
internal_value=-0.00422644 0.00459427 0.0217693 0.0668707 -0.00334489 -0.0612836
internal_weight=1098 966 702 231 471 132
internal_count=1098 966 702 231 471 132
cat_boundaries=0 1
cat_threshold=261
is_linear=0
shrinkage=0.03


Tree=234
num_leaves=7
num_cat=0
split_feature=0 3 5 5 1 2
split_gain=523.921 520.296 582.212 534.659 511.873 235.683
threshold=2.0191113191843595 32.500000000000007 0.5336329296957113 0.73219727515869371 30.950000000000003 0.32750000000000007
decision_type=2 10 8 8 8 10
left_child=1 2 -1 -4 -2 -3
right_child=4 5 3 -5 -6 -7
leaf_value=-0.089730757651169127 0.12045564002207211 0.0041996874801210459 0.041668303127513628 -0.017152347146823729 0.0045502487866623887 0.091915689069491172
leaf_weight=62 42 54 153 689 83 45
leaf_count=62 42 54 153 689 83 45
internal_value=0.00176995 -0.00577226 -0.0133229 -0.00567564 0.0551512 0.0533218
internal_weight=1128 1003 904 842 125 99
internal_count=1128 1003 904 842 125 99
is_linear=0
shrinkage=0.03


Tree=235
num_leaves=7
num_cat=1
split_feature=3 7 11 9 7 5
split_gain=397.313 602.382 738.384 518.29 667.55 314.721
threshold=21.000000000000004 0.8297895480994073 0 354.50000000000006 0.46994806500251307 1.6491178897080787
decision_type=8 8 9 10 8 8
left_child=3 2 5 4 -1 -2
right_child=1 -3 -4 -5 -6 -7
leaf_value=-0.040907220004373808 -0.016251325543211369 -0.030049098149774973 0.093205275788954267 -0.06143717498992974 0.032144589054891294 0.044108697996689726
leaf_weight=172 174 141 116 139 252 110
leaf_count=172 174 141 116 139 252 110
internal_value=0.00209259 0.0201273 0.0385461 -0.0152305 0.00186744 0.00802985
internal_weight=1104 541 400 563 424 284
internal_count=1104 541 400 563 424 284
cat_boundaries=0 1
cat_threshold=360
is_linear=0
shrinkage=0.03


Tree=236
num_leaves=7
num_cat=1
split_feature=11 8 3 7 4 4
split_gain=460.497 993.513 744.803 794.159 455.163 412.78
threshold=0 99.600000000000009 12.500000000000002 0.51423744976039387 0.19096584342303574 1.2235967714368938
decision_type=9 8 10 8 8 8
left_child=5 -2 3 -3 -4 -1
right_child=1 2 4 -5 -6 -7
leaf_value=-0.037633022740218139 0.12656357107514685 0.14276189547189524 0.023475841098621327 -0.0020216850317027191 -0.032590135603703253 0.01739208137345585
leaf_weight=261 57 51 231 63 251 200
leaf_count=261 57 51 231 63 251 200
internal_value=0.0088409 0.0245596 0.011313 0.0739425 -0.00573604 -0.0136224
internal_weight=1114 653 596 114 482 461
internal_count=1114 653 596 114 482 461
cat_boundaries=0 1
cat_threshold=300
is_linear=0
shrinkage=0.03


Tree=237
num_leaves=7
num_cat=0
split_feature=0 5 2 7 2 0
split_gain=840.67 626.686 429.172 320.035 392.068 308.199
threshold=0.39380107309116885 0.54421942221589747 0.52500000000000013 0.37585703297895939 0.29000000000000009 1.9566419508802095
decision_type=2 10 8 10 10 2
left_child=2 3 -1 -2 -5 -3
right_child=1 5 -4 4 -6 -7
leaf_value=-0.08898643941734917 0.00050026113234752834 0.022186689826118353 0.010315942728603389 0.0077412561252713195 -0.1054842592711034 0.087203793647233394
leaf_weight=100 222 594 51 40 49 60
leaf_count=100 222 594 51 40 49 60
internal_value=0.00359165 0.0142397 -0.0578125 -0.0198576 -0.0619627 0.0306512
internal_weight=1116 965 151 311 89 654
internal_count=1116 965 151 311 89 654
is_linear=0
shrinkage=0.03


Tree=238
num_leaves=7
num_cat=0
split_feature=0 7 6 6 0 7
split_gain=484.152 480.538 859.458 405.819 276.457 598.729
threshold=0.39380107309116885 0.43142313358752082 82.27000000000001 86.015000000000015 1.7191920535173573 0.31894387102045269
decision_type=2 10 8 10 2 8
left_child=-1 4 -3 -4 5 -2
right_child=1 2 3 -5 -6 -7
leaf_value=-0.045626295897419802 -0.095996089729255635 0.068759064406327813 -0.070560851399512847 0.011306847764899696 0.016857724960096864 -0.0025988284475747343
leaf_weight=142 67 241 48 254 170 222
leaf_count=142 67 241 48 254 170 222
internal_value=0.00254037 0.0101844 0.0288562 -0.00509336 -0.0120618 -0.0292575
internal_weight=1144 1002 543 302 459 289
internal_count=1144 1002 543 302 459 289
is_linear=0
shrinkage=0.03


Tree=239
num_leaves=7
num_cat=1
split_feature=1 0 1 11 3 1
split_gain=550.216 609.321 442.96 432.427 321.954 779.967
threshold=64.760000000000005 1.3846886630380695 22.500000000000004 0 47.500000000000007 25.250000000000004
decision_type=10 2 8 9 8 8
left_child=1 4 -3 -4 -1 -6
right_child=-2 2 3 -5 5 -7
leaf_value=-0.030828423913714452 -0.046005899201700229 0.088672694493742557 -0.027594191531000071 0.035095471461103762 -0.064375775736659327 0.063474110216818383
leaf_weight=324 172 82 116 301 47 102
leaf_count=324 172 82 116 301 47 102
internal_value=0.000433864 0.00947394 0.0320471 0.0172262 -0.0145524 0.0199448
internal_weight=1144 972 499 417 473 149
internal_count=1144 972 499 417 473 149
cat_boundaries=0 1
cat_threshold=139
is_linear=0
shrinkage=0.03


Tree=240
num_leaves=7
num_cat=0
split_feature=0 9 7 7 9 0
split_gain=551.582 482.159 601.144 396.078 380.153 410.347
threshold=1.849476316104649 553.00000000000011 0.75728457986089059 0.49531790072656312 541.50000000000011 1.9566419508802095
decision_type=2 10 10 10 8 2
left_child=1 2 -1 4 -2 -6
right_child=3 -3 -4 -5 5 -7
leaf_value=-0.014108405926540661 -0.056739843348887826 0.053941259323446837 -0.099555952482457674 0.077534821224662487 -0.028749903856831436 0.071407386948322424
leaf_weight=765 46 61 64 86 48 67
leaf_count=765 46 61 64 86 48 67
internal_value=-0.00547731 -0.0165589 -0.0229656 0.0324768 0.00216917 0.0310922
internal_weight=1137 890 829 247 161 115
internal_count=1137 890 829 247 161 115
is_linear=0
shrinkage=0.03


Tree=241
num_leaves=7
num_cat=0
split_feature=0 8 2 9 0 9
split_gain=730.509 369.473 876.041 462.913 252.188 312.562
threshold=2.2576719465441908 99.950000000000017 0.43500000000000005 447.50000000000006 0.82048902867916607 541.50000000000011
decision_type=2 8 10 8 2 8
left_child=1 4 3 -3 -1 -6
right_child=-2 2 -4 -5 5 -7
leaf_value=-0.024294686760339471 0.084443292827517891 0.036735228241817443 -0.07393399442210416 -0.017814255722128199 -0.010236633299487145 0.066331420112189579
leaf_weight=61 61 181 177 441 66 112
leaf_count=61 61 181 177 441 66 112
internal_value=-0.00236475 -0.00902274 -0.0187956 -0.00119718 0.0223457 0.0394717
internal_weight=1099 1038 799 622 239 178
internal_count=1099 1038 799 622 239 178
is_linear=0
shrinkage=0.03


Tree=242
num_leaves=5
num_cat=0
split_feature=0 9 6 3
split_gain=430.337 443.854 391.515 317.08
threshold=2.2805506918245286 553.00000000000011 45.750000000000007 32.500000000000007
decision_type=2 10 8 8
left_child=1 2 -1 -4
right_child=-2 -3 3 -5
leaf_value=-0.074811066336737106 0.05611894259086022 0.046678098049217263 -0.027556459604994952 0.0094007420937492741
leaf_weight=96 58 72 603 299
leaf_count=96 58 72 603 299
internal_value=-0.0122433 -0.0169656 -0.0224429 -0.0153024
internal_weight=1128 1070 998 902
internal_count=1128 1070 998 902
is_linear=0
shrinkage=0.03


Tree=243
num_leaves=7
num_cat=1
split_feature=0 10 7 0 7 7
split_gain=592.484 666.918 1005.23 915.236 805.509 367.923
threshold=1.849476316104649 0 0.32222463538099139 0.39380107309116885 0.69460723488885046 0.49531790072656312
decision_type=2 9 8 2 8 10
left_child=1 2 -1 -4 -3 -2
right_child=5 4 3 -5 -6 -7
leaf_value=-0.075559050408722475 0.0093236532313483098 -0.005340572381479663 -0.051642890553921461 0.06872264467081371 -0.085466194856645805 0.081732176420016164
leaf_weight=59 155 359 56 245 148 97
leaf_count=59 155 359 56 245 148 97
internal_value=0.00264213 -0.00922765 0.0210192 0.0443198 -0.030619 0.0413761
internal_weight=1119 867 360 301 507 252
internal_count=1119 867 360 301 507 252
cat_boundaries=0 1
cat_threshold=261
is_linear=0
shrinkage=0.03


Tree=244
num_leaves=7
num_cat=1
split_feature=9 5 3 10 7 3
split_gain=391.509 629.099 519.084 498.445 1452.18 944.481
threshold=390.00000000000006 1.8331075756648409 21.000000000000004 0 0.46086390488601386 47.500000000000007
decision_type=10 10 8 9 8 8
left_child=3 2 -2 4 -1 -6
right_child=1 -3 -4 -5 5 -7
leaf_value=-0.044913389444675128 0.0043297647035526387 -0.033152667830666796 0.11972798324905609 -0.027643665820671636 0.013442733624175082 0.14812680083776222
leaf_weight=164 66 69 62 583 117 65
leaf_count=164 66 69 62 583 117 65
internal_value=-0.00298231 0.0333616 0.0692571 -0.0112931 0.0164052 0.0717447
internal_weight=1126 197 128 929 346 182
internal_count=1126 197 128 929 346 182
cat_boundaries=0 1
cat_threshold=261
is_linear=0
shrinkage=0.03


Tree=245
num_leaves=7
num_cat=1
split_feature=2 11 8 1 3 4
split_gain=458.093 541.952 1408.24 527.202 465.457 792.057
threshold=0.32750000000000007 0 99.600000000000009 22.500000000000004 39.000000000000007 1.1836121657325849
decision_type=8 9 8 10 10 8
left_child=-1 4 -3 -4 5 -2
right_child=1 2 3 -5 -6 -7
leaf_value=-0.038019714663858735 -0.091920399945083775 0.1537815852000245 0.050663602128919016 -0.010483192758401856 0.056528701869770881 0.006502155596340025
leaf_weight=201 108 50 170 364 40 165
leaf_count=201 108 50 170 364 40 165
internal_value=0.000708141 0.0100917 0.0266535 0.010001 -0.0205574 -0.0358461
internal_weight=1098 897 584 534 313 273
internal_count=1098 897 584 534 313 273
cat_boundaries=0 1
cat_threshold=264
is_linear=0
shrinkage=0.03


Tree=246
num_leaves=7
num_cat=2
split_feature=11 8 3 4 10 3
split_gain=684.938 712.795 790.2 1194.39 609.673 565.583
threshold=0 1.0000000180025095e-35 47.500000000000007 0.64259698634698648 1 21.000000000000004
decision_type=9 10 8 8 9 10
left_child=5 2 4 -4 -2 -1
right_child=1 -3 3 -5 -6 -7
leaf_value=-0.03033951645192319 -0.035270626968952994 0.12053699429710986 -0.025545579844646237 0.12433427260443568 0.044158521855946715 0.036626778491611077
leaf_weight=467 232 51 69 100 101 129
leaf_count=467 232 51 69 100 101 129
internal_value=0.0072118 0.0304435 0.0174912 0.0665955 -0.00962079 -0.0147891
internal_weight=1149 553 502 169 333 596
internal_count=1149 553 502 169 333 596
cat_boundaries=0 1 2
cat_threshold=396 258
is_linear=0
shrinkage=0.03


Tree=247
num_leaves=7
num_cat=0
split_feature=1 5 2 7 2 1
split_gain=448.769 430.69 454.894 739.29 387.643 381.992
threshold=80.500000000000014 0.5336329296957113 0.32750000000000007 0.43142313358752082 0.22000000000000003 22.500000000000004
decision_type=10 8 8 10 10 10
left_child=1 5 4 -4 -3 -1
right_child=-2 2 3 -5 -6 -7
leaf_value=-0.003729667105639661 -0.088491863736607973 0.035264662533998486 -0.017355529315527165 0.041719244699770723 -0.05530182542342503 -0.098252056097829499
leaf_weight=83 41 40 341 387 157 57
leaf_count=83 41 40 341 387 157 57
internal_value=-0.00925908 -0.00457854 0.00315539 0.0142438 -0.0350808 -0.0500598
internal_weight=1106 1065 925 728 197 140
internal_count=1106 1065 925 728 197 140
is_linear=0
shrinkage=0.03


Tree=248
num_leaves=7
num_cat=1
split_feature=10 2 6 2 7 4
split_gain=494.449 592.439 407.849 487.371 491.364 469.816
threshold=0 0.41000000000000009 92.955000000000027 0.47500000000000003 0.5068821968240026 0.16642738394522519
decision_type=9 8 8 8 10 8
left_child=1 -1 3 4 -2 -5
right_child=2 -3 -4 5 -6 -7
leaf_value=0.10567741066483514 -0.044788550815430768 -0.0097177979902604988 -0.047807559342601814 -0.015293405564177942 0.013747639394853087 0.057027135770679652
leaf_weight=64 249 69 165 118 232 191
leaf_count=64 249 69 165 118 232 191
internal_value=0.000348502 0.0487854 -0.00762018 0.00157842 -0.0170134 0.0299764
internal_weight=1088 133 955 790 481 309
internal_count=1088 133 955 790 481 309
cat_boundaries=0 1
cat_threshold=13
is_linear=0
shrinkage=0.03


Tree=249
num_leaves=7
num_cat=1
split_feature=0 7 10 7 4 2
split_gain=521.82 708.12 745.409 1154.75 942.741 287.242
threshold=2.2576719465441908 0.31894387102045269 0 0.77403486575004621 1.060399351792656 0.29000000000000009
decision_type=2 8 9 8 10 10
left_child=1 5 4 -4 -3 -1
right_child=-2 2 3 -5 -6 -7
leaf_value=-0.00052387549618228529 0.075785017975386879 0.089703525117925204 0.010654564704556495 -0.084529479214340258 -0.0016894339546862883 -0.09859413427268636
leaf_weight=41 65 161 410 137 227 67
leaf_count=41 65 161 410 137 227 67
internal_value=0.00429208 -0.00144898 0.00740249 -0.0149561 0.0377011 -0.0677316
internal_weight=1108 1043 935 547 388 108
internal_count=1108 1043 935 547 388 108
cat_boundaries=0 1
cat_threshold=261
is_linear=0
shrinkage=0.03


Tree=250
num_leaves=7
num_cat=0
split_feature=0 0 9 6 7 6
split_gain=718.298 484.376 525.001 412.53 372.353 150.44
threshold=2.2805506918245286 0.39380107309116885 553.00000000000011 46.865000000000009 0.31894387102045269 76.665000000000006
decision_type=2 2 10 8 8 10
left_child=1 3 4 -1 -3 -5
right_child=-2 2 -4 5 -6 -7
leaf_value=-0.1145684715720915 0.091043859479762609 -0.052120687183465991 0.079784540754516381 0.021171938348561525 0.0041248450220356721 -0.043949825249612329
leaf_weight=42 55 102 54 49 781 40
leaf_count=42 55 102 54 49 781 40
internal_value=0.00122332 -0.0049357 0.00297736 -0.0548303 -0.00331642 -0.0102397
internal_weight=1123 1068 937 131 883 89
internal_count=1123 1068 937 131 883 89
is_linear=0
shrinkage=0.03


Tree=251
num_leaves=7
num_cat=1
split_feature=7 11 3 4 7 1
split_gain=273.912 549.115 809.4 365.209 310 821.822
threshold=0.31894387102045269 0 22.500000000000004 0.49293259931557815 0.52911203375329297 22.500000000000004
decision_type=8 9 10 8 8 10
left_child=-1 2 3 -2 5 -3
right_child=1 4 -4 -5 -6 -7
leaf_value=-0.032966867046058175 0.025890239258296786 0.086876249301380354 -0.024420264476054426 0.15393944238476892 -0.021914314806866255 -0.0041461681954612665
leaf_weight=130 44 92 54 48 325 427
leaf_count=130 44 92 54 48 325 427
internal_value=0.00488517 0.0104694 0.0586236 0.108793 0.000224673 0.0145024
internal_weight=1120 990 146 92 844 519
internal_count=1120 990 146 92 844 519
cat_boundaries=0 1
cat_threshold=35
is_linear=0
shrinkage=0.03


Tree=252
num_leaves=7
num_cat=1
split_feature=1 2 10 4 4 6
split_gain=403.304 465.782 431.794 889.954 663.438 329.255
threshold=22.500000000000004 0.38000000000000006 0 1.060399351792656 1.1505486461802947 91.070000000000007
decision_type=8 10 9 10 10 8
left_child=1 -1 3 -2 -5 -4
right_child=2 -3 5 4 -6 -7
leaf_value=-0.018189972469016262 0.061296072264630241 0.074043419108631381 -0.014073941209450016 -0.099621698477864257 0.0037515362906067268 -0.069503813002337794
leaf_weight=72 167 98 366 55 210 121
leaf_count=72 167 98 366 55 210 121
internal_value=-0.00298949 0.0368613 -0.0110532 0.0105056 -0.0229782 -0.0295795
internal_weight=1089 170 919 432 265 487
internal_count=1089 170 919 432 265 487
cat_boundaries=0 1
cat_threshold=261
is_linear=0
shrinkage=0.03


Tree=253
num_leaves=7
num_cat=0
split_feature=6 4 2 4 6 7
split_gain=397.753 786.941 433.651 398.541 199.486 81.0112
threshold=44.75500000000001 1.2235967714368938 0.32750000000000007 1.060399351792656 86.915000000000006 0.4626627407553256
decision_type=8 10 10 10 10 10
left_child=5 2 4 -4 -2 -1
right_child=1 -3 3 -5 -6 -7
leaf_value=-0.067441939038794432 -0.041323682991374885 0.10031583593552371 0.033132152890295613 -0.02526531218423796 0.0010950457560495611 -0.01412555794045329
leaf_weight=47 183 63 441 119 189 70
leaf_count=47 183 63 441 119 189 70
internal_value=0.0053167 0.0117521 0.0037208 0.0201759 -0.0206629 -0.0427001
internal_weight=1112 995 932 560 372 117
internal_count=1112 995 932 560 372 117
is_linear=0
shrinkage=0.03


Tree=254
num_leaves=7
num_cat=0
split_feature=3 8 6 9 6 4
split_gain=685.463 610.271 536.493 410.613 382.334 646.298
threshold=32.500000000000007 74.245000000000019 51.732500000000009 354.50000000000006 87.195000000000007 0.074102836068707309
decision_type=8 10 8 8 10 8
left_child=1 3 -2 -1 -4 -6
right_child=2 -3 4 -5 5 -7
leaf_value=0.019529480914740511 0.093722973316566108 0.034805544397161568 -0.015215966034454206 -0.038861074794469208 -0.017776502698659897 0.11983516148158482
leaf_weight=124 89 173 161 473 50 43
leaf_count=124 89 173 161 473 50 43
internal_value=0.00365241 -0.0120364 0.0377603 -0.0263959 0.0125225 0.0552678
internal_weight=1113 770 343 597 254 93
internal_count=1113 770 343 597 254 93
is_linear=0
shrinkage=0.03


Tree=255
num_leaves=7
num_cat=0
split_feature=1 1 7 1 2 5
split_gain=501.547 754.189 711.735 415.376 412.077 323.775
threshold=64.760000000000005 55.625000000000007 0.38062613661178141 19.700000000000003 0.43500000000000005 1.9711401003805678
decision_type=10 10 10 8 10 10
left_child=1 3 -2 -1 -5 -4
right_child=2 -3 5 4 -6 -7
leaf_value=0.060548597370152883 0.041563239716501402 0.095749147359143805 -0.11468626177409193 0.0059863549113508318 -0.04146307168836106 -0.011434587347321211
leaf_weight=72 46 61 71 603 204 48
leaf_count=72 46 61 71 603 204 48
internal_value=-0.000518138 0.00815409 -0.0457883 1.36174e-05 -0.0066484 -0.0811079
internal_weight=1105 940 165 879 807 119
internal_count=1105 940 165 879 807 119
is_linear=0
shrinkage=0.03


Tree=256
num_leaves=7
num_cat=0
split_feature=7 0 3 0 1 7
split_gain=422.963 583.666 378.375 440.589 898.709 379.374
threshold=0.31894387102045269 1.7191920535173573 32.500000000000007 1.3846886630380695 60.305000000000007 0.37341423196935669
decision_type=8 2 8 2 8 10
left_child=1 -1 3 5 -5 -2
right_child=2 -3 -4 4 -6 -7
leaf_value=-0.083316831599938065 0.031588891582881536 0.035359604567770035 0.035981132855363022 0.044403282801469553 -0.056705111343051409 -0.042644440444977318
leaf_weight=89 62 42 294 282 88 272
leaf_count=89 62 42 294 282 88 272
internal_value=0.00159494 -0.0452267 0.00856761 -0.00347548 0.0185273 -0.0276889
internal_weight=1129 131 998 704 370 334
internal_count=1129 131 998 704 370 334
is_linear=0
shrinkage=0.03


Tree=257
num_leaves=7
num_cat=0
split_feature=5 7 8 4 5 5
split_gain=613.07 542.355 798.527 731.046 329.609 483.662
threshold=1.668816654837433 0.59306772703146404 92.995000000000019 1.3806974728088537 0.5336329296957113 0.79097551069181615
decision_type=10 10 10 10 8 10
left_child=4 2 3 -2 -1 -6
right_child=1 -3 -4 -5 5 -7
leaf_value=-0.046078276641758308 0.15482734176330268 -0.034790993070602412 0 0.012921783089299093 0.017211468765214524 -0.037014676453233759
leaf_weight=143 76 55 118 57 487 189
leaf_count=143 76 55 118 57 487 189
internal_value=0.00584231 0.0407057 0.0588169 0.104042 -0.00777189 0.00133642
internal_weight=1125 306 251 133 819 676
internal_count=1125 306 251 133 819 676
is_linear=0
shrinkage=0.03


Tree=258
num_leaves=7
num_cat=1
split_feature=1 7 7 1 5 11
split_gain=476.935 432.51 290.532 379.185 620.621 377.395
threshold=49.500000000000007 0.53424270067587998 0.49531790072656312 19.700000000000003 0.8097465215882228 0
decision_type=10 10 10 10 10 9
left_child=2 -2 5 -4 -5 -1
right_child=1 -3 3 4 -6 -7
leaf_value=-0.01800638784625902 -0.0078140697384682985 -0.082466202655905166 0.10332231000775383 -0.014020647666421937 0.081509757011228201 0.036689838393905522
leaf_weight=329 292 75 43 171 71 136
leaf_count=329 292 75 43 171 71 136
internal_value=0.00042453 -0.0266984 0.0141233 0.0368811 0.0178605 -0.000646969
internal_weight=1117 367 750 285 242 465
internal_count=1117 367 750 285 242 465
cat_boundaries=0 1
cat_threshold=326
is_linear=0
shrinkage=0.03


Tree=259
num_leaves=7
num_cat=0
split_feature=2 7 2 5 3 1
split_gain=669.08 358.301 948.835 1587.4 789.009 542.48
threshold=0.32750000000000007 0.54711105753776923 0.38000000000000006 1.6443150112405869 12.500000000000002 28.700000000000006
decision_type=8 8 10 8 10 8
left_child=-1 2 3 -2 -4 -3
right_child=1 5 4 -5 -6 -7
leaf_value=-0.047409447066728838 0.012738358735727767 0.045228467948504325 -0.086460769425692224 0.17800662721748706 0.015229490875649307 -0.038700143795820971
leaf_weight=210 160 77 67 61 306 228
leaf_count=210 160 77 67 61 306 228
internal_value=-0.00163018 0.00979727 0.0231501 0.069591 -0.00635438 -0.0158476
internal_weight=1109 899 594 221 373 305
internal_count=1109 899 594 221 373 305
is_linear=0
shrinkage=0.03


Tree=260
num_leaves=7
num_cat=2
split_feature=10 3 5 1 11 3
split_gain=560.797 482.222 700.526 509.864 487.78 973.072
threshold=0 32.500000000000007 0.5336329296957113 27.800000000000004 1 65.000000000000014
decision_type=9 8 10 8 9 8
left_child=1 2 -1 -4 -3 -6
right_child=-2 4 3 -5 5 -7
leaf_value=-0.069140655414526728 0.06126147142326345 0.065666315546430695 0.059339563520794565 -0.012177578218433615 0.089548463956667823 -0.050605170378087636
leaf_weight=146 117 133 90 466 45 122
leaf_count=146 117 133 90 466 45 122
internal_value=0.00656318 -0.00142439 -0.015053 0.00095321 0.0291823 -0.00662581
internal_weight=1119 1002 702 556 300 167
internal_count=1119 1002 702 556 300 167
cat_boundaries=0 1 2
cat_threshold=298 66
is_linear=0
shrinkage=0.03


Tree=261
num_leaves=7
num_cat=1
split_feature=10 3 1 6 2 2
split_gain=615.096 426.283 263.158 365.248 182.044 93.6333
threshold=0 39.000000000000007 19.700000000000003 49.395000000000003 0.38000000000000006 0.38000000000000006
decision_type=9 10 8 8 10 10
left_child=5 2 -2 -4 -3 -1
right_child=1 4 3 -5 -6 -7
leaf_value=0.019306778282415671 0.046472462978380827 0.008837598255750808 0.013465417510158912 -0.028138882936357253 0.083841607996395659 0.09046290714362705
leaf_weight=41 47 68 259 591 43 61
leaf_count=41 47 68 259 591 43 61
internal_value=0.00396689 -0.00387536 -0.0111258 -0.0153747 0.0467155 0.0648879
internal_weight=1110 1008 897 850 111 102
internal_count=1110 1008 897 850 111 102
cat_boundaries=0 1
cat_threshold=133
is_linear=0
shrinkage=0.03


Tree=262
num_leaves=7
num_cat=0
split_feature=0 8 2 2 4 3
split_gain=626.143 367.292 218.036 532.943 499.507 191.6
threshold=2.2576719465441908 95.550000000000011 0.32750000000000007 0.38000000000000006 0.14514534295070983 21.000000000000004
decision_type=2 8 8 8 10 10
left_child=1 5 4 -4 -3 -1
right_child=-2 2 3 -5 -6 -7
leaf_value=0.0084913134479776345 0.078437403626132593 -0.0055450139637105164 0.055061378348618746 -0.013712389363977161 -0.10865390225003162 0.071433133504220411
leaf_weight=121 72 140 100 633 43 57
leaf_count=121 72 140 100 633 43 57
internal_value=0.00323326 -0.00298168 -0.0108325 -0.00303695 -0.0383862 0.0341294
internal_weight=1166 1094 916 733 183 178
internal_count=1166 1094 916 733 183 178
is_linear=0
shrinkage=0.03


Tree=263
num_leaves=7
num_cat=1
split_feature=3 0 1 11 8 2
split_gain=452.093 429.67 830.7 335.079 293.092 190.56
threshold=32.500000000000007 1.655009790242896 30.950000000000003 0 92.995000000000019 0.32750000000000007
decision_type=10 2 10 9 10 10
left_child=1 3 -3 -1 -5 -2
right_child=5 2 -4 4 -6 -7
leaf_value=-0.057259892051192848 0.009977409351955761 0.07337795098998437 -0.022196450547948065 0.0022216031508382836 -0.053719160675125964 0.084204933039239926
leaf_weight=135 68 132 161 468 82 54
leaf_count=135 68 132 161 468 82 54
internal_value=0.000358905 -0.00672064 0.0226067 -0.0196356 -0.0074745 0.0504872
internal_weight=1100 978 293 685 550 122
internal_count=1100 978 293 685 550 122
cat_boundaries=0 1
cat_threshold=39
is_linear=0
shrinkage=0.03


Tree=264
num_leaves=7
num_cat=1
split_feature=10 7 1 5 8 4
split_gain=659.4 760.504 1098.51 672.644 80.0667 23.3763
threshold=0 0.31286459548692397 19.700000000000003 0.52600443247456574 78.825000000000017 62.82984426474993
decision_type=9 10 10 10 10 8
left_child=1 -1 4 -4 -3 -2
right_child=5 2 3 -5 -6 -7
leaf_value=-0.055094721065397603 0.034785781691611652 0.12818547827234636 -0.069536780463119521 0.0095790941988190964 0.038761765536281363 0.094794074660035935
leaf_weight=172 51 45 93 650 42 51
leaf_count=172 51 45 93 650 42 51
internal_value=0.00715089 -0.00112652 0.0110066 -0.00180821 0.100891 0.0701528
internal_weight=1104 1002 830 743 87 102
internal_count=1104 1002 830 743 87 102
cat_boundaries=0 1
cat_threshold=298
is_linear=0
shrinkage=0.03


Tree=265
num_leaves=7
num_cat=0
split_feature=0 0 7 4 4 2
split_gain=830.575 322.009 459.637 419.395 747.674 540.923
threshold=2.2805506918245286 0.39380107309116885 0.40217167810860682 1.2235967714368938 1.060399351792656 0.47500000000000003
decision_type=2 2 10 10 10 10
left_child=1 2 -1 4 -3 -5
right_child=-2 3 -4 5 -6 -7
leaf_value=0.0086870465209979691 0.096196368634700768 0.0035857547170139456 -0.091764446479183706 0.078743092446130203 -0.078210579312201267 -0.035371688187122344
leaf_weight=69 56 664 68 98 98 40
leaf_count=69 56 664 68 98 98 40
internal_value=0.000361178 -0.0064796 -0.0461282 0.000362165 -0.00858848 0.0449961
internal_weight=1093 1037 137 900 762 138
internal_count=1093 1037 137 900 762 138
is_linear=0
shrinkage=0.03


Tree=266
num_leaves=7
num_cat=1
split_feature=0 11 3 7 4 4
split_gain=503.268 316.316 834.049 749.692 538.172 596.183
threshold=2.2805506918245286 0 47.500000000000007 0.63831563505562794 0.096179668135208646 1.2235967714368938
decision_type=2 9 8 8 10 10
left_child=1 4 -3 -4 -1 -6
right_child=-2 2 3 -5 5 -7
leaf_value=0.0089444921466947328 0.072334107023817068 -0.013404602984414957 0.108160380929804 -0.013857804495234822 -0.09931030689638394 -0.0072402700142679254
leaf_weight=223 59 441 97 66 110 133
leaf_count=223 59 441 97 66 110 133
internal_value=-0.000736922 -0.00607442 0.00814428 0.0623114 -0.0238802 -0.0535289
internal_weight=1129 1070 604 163 466 243
internal_count=1129 1070 604 163 466 243
cat_boundaries=0 1
cat_threshold=300
is_linear=0
shrinkage=0.03


Tree=267
num_leaves=7
num_cat=1
split_feature=7 11 3 3 8 5
split_gain=694.806 477.871 461.949 389.334 534.782 682.907
threshold=0.69460723488885046 0 21.000000000000004 32.500000000000007 73.27500000000002 1.5137500000000002
decision_type=8 9 8 8 10 8
left_child=3 2 -2 -1 5 -5
right_child=1 -3 -4 4 -6 -7
leaf_value=-0.0007505587465167407 -0.018419035242555976 -0.0077758078286309295 -0.1438151020256441 0.01056409376278772 -0.028501232964427844 0.1275328796101815
leaf_weight=599 57 213 47 98 56 72
leaf_count=599 57 213 47 98 56 72
internal_value=-0.00233606 -0.0387638 -0.0829394 0.0121762 0.0439573 0.0686294
internal_weight=1142 317 104 825 226 170
internal_count=1142 317 104 825 226 170
cat_boundaries=0 1
cat_threshold=15
is_linear=0
shrinkage=0.03


Tree=268
num_leaves=7
num_cat=1
split_feature=0 11 1 5 5 5
split_gain=645.652 734.704 692.328 529.45 495.229 388.572
threshold=0.82048902867916607 0 58.660000000000004 0.82968523542309269 0.90958455407904493 1.9711401003805678
decision_type=2 9 8 10 8 10
left_child=2 5 4 -3 -1 -2
right_child=1 3 -4 -5 -6 -7
leaf_value=-0.0079980295026325626 -0.023877795473620129 0.023553154011600436 0.031629911892307114 0.10211461662557444 -0.096341111461412818 0.040904110273636808
leaf_weight=108 336 281 97 99 116 89
leaf_count=108 336 281 97 99 116 89
internal_value=0.00416558 0.018496 -0.0305731 0.0470759 -0.0581399 -0.00875153
internal_weight=1126 805 321 380 224 425
internal_count=1126 805 321 380 224 425
cat_boundaries=0 1
cat_threshold=396
is_linear=0
shrinkage=0.03


Tree=269
num_leaves=7
num_cat=1
split_feature=10 4 4 0 0 4
split_gain=439.72 1293.89 975.745 664.62 342.1 334.684
threshold=0 1.060399351792656 1.2235967714368938 0.82048902867916607 1.3846886630380695 0.029412885282127481
decision_type=9 10 10 2 2 10
left_child=1 -1 4 -4 -3 -2
right_child=5 2 3 -5 -6 -7
leaf_value=0.083336440955912597 -0.035774751814481399 -0.006637712588364428 -0.037124625259014062 0.073128427837259521 -0.11280237997717717 0.0063198369189511059
leaf_weight=186 274 46 66 101 65 387
leaf_count=186 274 46 66 101 65 387
internal_value=0.00413208 0.0256616 -0.0148673 0.0299242 -0.0769946 -0.0114119
internal_weight=1125 464 278 167 111 661
internal_count=1125 464 278 167 111 661
cat_boundaries=0 1
cat_threshold=261
is_linear=0
shrinkage=0.03


Tree=270
num_leaves=7
num_cat=0
split_feature=3 1 7 7 1 6
split_gain=326.783 612.393 517.784 501.794 456.416 550.793
threshold=57.500000000000007 25.250000000000004 0.49531790072656312 0.38387685795746201 22.500000000000004 82.27000000000001
decision_type=8 8 10 10 8 10
left_child=4 -2 3 -3 -1 -6
right_child=1 2 -4 -5 5 -7
leaf_value=0.047422614200110721 -0.036813022669527559 0.062853555618898896 0.12874846359545536 -0.030950233084814888 0.0054894830702100928 -0.048675901309094008
leaf_weight=113 71 103 46 71 486 235
leaf_count=113 71 103 46 71 486 235
internal_value=0.00588163 0.0321605 0.055883 0.0250233 -0.00375582 -0.0129213
internal_weight=1125 291 220 174 834 721
internal_count=1125 291 220 174 834 721
is_linear=0
shrinkage=0.03


Tree=271
num_leaves=7
num_cat=2
split_feature=10 7 11 8 1 7
split_gain=504.957 432.562 795.092 560.465 355.039 136.854
threshold=0 0.31894387102045269 1 97.40000000000002 29.950000000000003 0.8297895480994073
decision_type=9 10 9 10 10 10
left_child=1 -1 4 -4 -3 -2
right_child=5 2 3 -5 -6 -7
leaf_value=-0.032104568639600199 0.088635022190377805 0.0092009147459810436 0.0079808082109702853 -0.072487817065936794 0.11863409606411175 0.013836151412688196
leaf_weight=254 66 46 603 69 65 44
leaf_count=254 66 46 603 69 65 44
internal_value=0.00774915 0.000389067 0.0115464 -0.0020219 0.0762494 0.0612009
internal_weight=1147 1037 783 672 111 110
internal_count=1147 1037 783 672 111 110
cat_boundaries=0 1 2
cat_threshold=298 3
is_linear=0
shrinkage=0.03


Tree=272
num_leaves=7
num_cat=0
split_feature=0 6 7 1 5 6
split_gain=377.69 417.381 543.438 518.058 239.324 141.014
threshold=2.1505584229378152 94.050000000000011 0.31894387102045269 61.555000000000007 0.52600443247456574 82.27000000000001
decision_type=2 10 10 10 10 10
left_child=1 2 4 -4 -1 -2
right_child=5 -3 3 -5 -6 -7
leaf_value=-0.021894834704957036 0.066125795955390282 -0.079275294780158087 0.020499191897846627 -0.038731235058149162 -0.088542305285540912 0.00086822818702375377
leaf_weight=195 61 58 554 153 58 51
leaf_count=195 61 58 554 153 58 51
internal_value=-0.00635939 -0.0123807 -0.00674251 0.00688588 -0.0427608 0.0414987
internal_weight=1130 1018 960 707 253 112
internal_count=1130 1018 960 707 253 112
is_linear=0
shrinkage=0.03


Tree=273
num_leaves=7
num_cat=0
split_feature=1 6 7 9 7 8
split_gain=454.738 555.223 1223.35 796.216 438.557 412.473
threshold=64.760000000000005 82.27000000000001 0.46610780924278666 260.45000000000005 0.47964929461088851 74.620000000000019
decision_type=10 8 10 10 10 10
left_child=1 2 5 -4 -2 -1
right_child=4 -3 3 -5 -6 -7
leaf_value=-0.024164669731942312 0.018340514454899766 -0.001758644616841769 0.15992324093559593 0.0011203341259330998 -0.078452658385191998 0.050636314207821019
leaf_weight=160 62 575 81 41 77 85
leaf_count=160 62 575 81 41 77 85
internal_value=0.00911479 0.016779 0.0445679 0.114652 -0.0380251 0.00342329
internal_weight=1081 942 367 122 139 245
internal_count=1081 942 367 122 139 245
is_linear=0
shrinkage=0.03


Tree=274
num_leaves=7
num_cat=1
split_feature=10 2 2 8 5 7
split_gain=416.864 690.343 564.063 537.894 327.402 374.226
threshold=0 0.29000000000000009 0.35500000000000004 74.245000000000019 0.548474464737713 0.52911203375329297
decision_type=9 10 10 10 10 10
left_child=1 -1 -3 4 -2 -6
right_child=3 2 -4 -5 5 -7
leaf_value=0.082239820924892182 -0.059539336774070729 -0.081357288637863734 0.01155381945798006 0.042814398273825646 0.021464539975747016 -0.040619864980239541
leaf_weight=87 224 50 347 80 146 166
leaf_count=87 224 50 347 80 146 166
internal_value=-0.00604771 0.0142897 -0.00334474 -0.0219479 -0.033309 -0.0118439
internal_weight=1100 484 397 616 536 312
internal_count=1100 484 397 616 536 312
cat_boundaries=0 1
cat_threshold=293
is_linear=0
shrinkage=0.03


Tree=275
num_leaves=7
num_cat=1
split_feature=10 1 5 1 2 9
split_gain=640.855 408.789 600.698 403.287 402.059 462.925
threshold=0 22.500000000000004 0.5336329296957113 41.080000000000005 0.47500000000000003 367.00000000000006
decision_type=9 10 10 10 10 10
left_child=-1 4 3 -3 5 -2
right_child=1 2 -4 -5 -6 -7
leaf_value=0.065003294901583686 -0.026810135651718487 -0.017929980133709153 -0.0037549927632862475 -0.12589874540072152 0.084869841140508648 0.055757875437896273
leaf_weight=102 145 75 623 48 55 77
leaf_count=102 145 75 623 48 55 77
internal_value=0.00273501 -0.00511761 -0.0167088 -0.072199 0.0247477 0.00382166
internal_weight=1125 1023 746 123 277 222
internal_count=1125 1023 746 123 277 222
cat_boundaries=0 1
cat_threshold=133
is_linear=0
shrinkage=0.03


Tree=276
num_leaves=7
num_cat=0
split_feature=8 4 4 4 2 6
split_gain=608.981 387.009 333.682 204.827 467.629 196.299
threshold=97.40000000000002 0.2376554870639182 0.043963746133934604 0.043963746133934604 0.52500000000000013 78.515000000000015
decision_type=8 8 10 8 8 10
left_child=1 2 -1 4 -2 -5
right_child=3 -3 -4 5 -6 -7
leaf_value=0.052328735670695702 0.012394251204634967 0.088985461958817069 -0.037513301736348634 -0.012001484818405623 -0.086155068401077922 0.019675186273444872
leaf_weight=52 75 85 57 524 68 240
leaf_count=52 75 85 57 524 68 240
internal_value=0.00214555 0.0477692 0.00634996 -0.00836834 -0.0389214 -0.0017261
internal_weight=1101 194 109 907 143 764
internal_count=1101 194 109 907 143 764
is_linear=0
shrinkage=0.03


Tree=277
num_leaves=7
num_cat=1
split_feature=11 8 6 5 6 5
split_gain=479.418 831.952 440.275 327.858 286.399 681.089
threshold=0 1.0000000180025095e-35 47.870000000000005 0.79097551069181615 45.750000000000007 1.8523299363238392
decision_type=9 10 8 10 10 10
left_child=4 2 -2 -4 -1 -6
right_child=1 -3 3 -5 5 -7
leaf_value=-0.062351849118111945 0.05916062651538944 0.092821864823297573 0.0025687130001952516 -0.048195599926575537 -0.031264925068914741 0.0781733650015667
leaf_weight=131 74 78 424 135 237 44
leaf_count=131 74 78 424 135 237 44
internal_value=-0.00349894 0.0113196 -0.000993431 -0.0108287 -0.0281609 -0.00987372
internal_weight=1123 711 633 559 412 281
internal_count=1123 711 633 559 412 281
cat_boundaries=0 1
cat_threshold=268
is_linear=0
shrinkage=0.03


Tree=278
num_leaves=7
num_cat=0
split_feature=0 4 3 5 2 2
split_gain=394.505 795.141 614.04 314.162 492.909 307.39
threshold=1.3846886630380695 0.015399037623036229 47.500000000000007 0.52600443247456574 0.43500000000000005 0.41000000000000009
decision_type=2 8 10 8 8 8
left_child=2 -2 5 -3 -5 -1
right_child=1 3 -4 4 -6 -7
leaf_value=-0.0074093373531475661 0.11083866729090611 -0.046227850435722258 0.066137206926941874 -0.0082469547170869739 0.054741823774096449 -0.05572311665066941
leaf_weight=280 52 73 50 304 152 200
leaf_count=280 52 73 50 304 152 200
internal_value=0.000400081 0.0172459 -0.0179132 0.00423386 0.0140411 -0.0290838
internal_weight=1111 581 530 529 456 480
internal_count=1111 581 530 529 456 480
is_linear=0
shrinkage=0.03


Tree=279
num_leaves=7
num_cat=1
split_feature=11 7 7 2 2 2
split_gain=410.111 372.728 371.929 358.423 544.003 353.357
threshold=0 0.47533726146846972 0.43142313358752082 0.35500000000000004 0.41000000000000009 0.41000000000000009
decision_type=9 8 10 8 8 8
left_child=1 2 5 -2 -5 -1
right_child=3 -3 -4 4 -6 -7
leaf_value=-0.046871467756303513 -0.00016152373227206143 -0.028309797847200883 0.076645149719715117 0.099796299771987826 0.019784450018573551 0.024712055793146514
leaf_weight=75 200 283 55 108 230 159
leaf_count=75 200 283 55 108 230 159
internal_value=0.0131201 -0.00464919 0.0185083 0.0311347 0.0496649 0
internal_weight=1110 572 289 538 338 234
internal_count=1110 572 289 538 338 234
cat_boundaries=0 1
cat_threshold=396
is_linear=0
shrinkage=0.03


Tree=280
num_leaves=7
num_cat=1
split_feature=0 3 10 4 4 9
split_gain=351.826 277.591 263.575 468.431 264.563 197.817
threshold=1.4560472302319762 32.500000000000007 0 1.1093381130440878 0.16642738394522519 354.50000000000006
decision_type=2 10 9 10 10 10
left_child=1 2 4 -4 -1 -2
right_child=5 -3 3 -5 -6 -7
leaf_value=-0.058358575239950833 0.033670638029025979 0.02729234503288018 0.032805014666378626 -0.03353072999753582 -0.00074025512513954455 -0.016135803375925337
leaf_weight=238 229 94 154 193 103 85
leaf_count=238 229 94 154 193 103 85
internal_value=-0.0060757 -0.0167958 -0.023505 -0.00364449 -0.0409907 0.0198495
internal_weight=1096 782 688 347 341 314
internal_count=1096 782 688 347 341 314
cat_boundaries=0 1
cat_threshold=10
is_linear=0
shrinkage=0.03


Tree=281
num_leaves=7
num_cat=1
split_feature=11 1 0 2 4 4
split_gain=274.418 287.265 692.646 817.479 478.609 340.663
threshold=0 61.555000000000007 1.3846886630380695 0.41000000000000009 0.015399037623036229 0.94146182004602397
decision_type=9 10 2 8 8 10
left_child=-1 2 3 -2 -4 -3
right_child=1 5 4 -5 -6 -7
leaf_value=-0.021847798280744221 0.026755540965929289 -0.066546139776706703 0.12004157443247412 -0.066575840225921487 0.026477432180071408 0.020125931448186748
leaf_weight=381 178 70 49 128 249 60
leaf_count=381 178 70 49 128 249 60
internal_value=-0.00210472 0.0085479 0.0174834 -0.0137903 0.048633 -0.0287939
internal_weight=1115 734 604 306 298 130
internal_count=1115 734 604 306 298 130
cat_boundaries=0 1
cat_threshold=260
is_linear=0
shrinkage=0.03


Tree=282
num_leaves=7
num_cat=0
split_feature=0 7 1 7 4 4
split_gain=563.559 587.131 533.001 553.993 549.549 530.456
threshold=0.82048902867916607 0.69460723488885046 30.950000000000003 0.56084686248098914 1.3106148416865515 1.1836121657325849
decision_type=2 10 8 10 8 10
left_child=1 -1 4 5 -2 -4
right_child=2 -3 3 -5 -6 -7
leaf_value=-0.004964987045366665 0.080174820627207335 -0.10741559406121572 -0.00246633977494167 -0.082346021547669263 -0.010260591985543771 0.075084791383892305
leaf_weight=269 187 43 373 41 78 80
leaf_count=269 187 43 373 41 78 80
internal_value=0.00794197 -0.0248857 0.0218058 0.00271615 0.0544935 0.0136981
internal_weight=1071 312 759 494 265 453
internal_count=1071 312 759 494 265 453
is_linear=0
shrinkage=0.03


Tree=283
num_leaves=7
num_cat=1
split_feature=10 0 7 7 7 9
split_gain=788.16 815.267 580.562 650.991 554.637 495.245
threshold=0 1.655009790242896 0.31894387102045269 0.69460723488885046 0.48874749516159421 390.00000000000006
decision_type=9 2 10 10 10 8
left_child=-1 2 -2 -4 -3 -6
right_child=1 4 3 -5 5 -7
leaf_value=0.067995352484285829 -0.074436472818594085 -0.0011872713026754996 0.0011240718315275104 -0.088366196309818942 -0.002312319703919233 0.1226321601068758
leaf_weight=102 156 184 513 65 41 63
leaf_count=102 156 184 513 65 41 63
internal_value=-0.00108585 -0.00976958 -0.0265422 -0.0114582 0.031413 0.080463
internal_weight=1124 1022 734 578 288 104
internal_count=1124 1022 734 578 288 104
cat_boundaries=0 1
cat_threshold=133
is_linear=0
shrinkage=0.03


Tree=284
num_leaves=7
num_cat=0
split_feature=1 6 6 1 0 0
split_gain=685.723 536.431 713.947 826.211 348.421 278.177
threshold=69.750000000000014 44.75500000000001 82.27000000000001 22.500000000000004 1.3846886630380695 0.39380107309116885
decision_type=10 10 10 10 2 2
left_child=1 -1 5 -4 -2 -3
right_child=4 2 3 -5 -6 -7
leaf_value=-0.025984649647578649 -0.0037705026581118417 -0.0079631587082985792 0.05040239098351882 -0.03216291262671326 -0.098481172808381007 0.068958319141962265
leaf_weight=257 64 44 152 278 66 249
leaf_count=257 64 44 152 278 66 249
internal_value=0.000797308 0.00980706 0.0229674 -0.00190075 -0.058974 0.0574446
internal_weight=1110 980 723 430 130 293
internal_count=1110 980 723 430 130 293
is_linear=0
shrinkage=0.03


Tree=285
num_leaves=7
num_cat=2
split_feature=7 11 5 11 2 2
split_gain=504.221 518.463 492.716 294.871 501.308 492.442
threshold=0.46994806500251307 0 1.0978296939156404 1 0.52500000000000013 0.47500000000000003
decision_type=8 9 10 9 8 10
left_child=3 -2 -3 4 -1 -5
right_child=1 2 -4 5 -6 -7
leaf_value=-0.080502908642757942 -0.026319953921593576 0.017642054307141476 0.087703347118679151 -0.018370868501443309 0.009645941579370822 0.079273420939221975
leaf_weight=122 149 435 101 186 83 40
leaf_count=122 149 435 101 186 83 40
internal_value=0.0039279 0.019756 0.0330375 -0.0208556 -0.0441612 0.00356252
internal_weight=1116 685 536 431 205 226
internal_count=1116 685 536 431 205 226
cat_boundaries=0 1 2
cat_threshold=140 288
is_linear=0
shrinkage=0.03


Tree=286
num_leaves=7
num_cat=0
split_feature=0 5 0 2 2 5
split_gain=425.943 362.944 300.457 201.419 124.961 92.0494
threshold=0.39380107309116885 0.52600443247456574 2.2576719465441908 0.38000000000000006 0.52500000000000013 0.40154692882601289
decision_type=2 8 2 10 8 10
left_child=4 5 3 -3 -1 -2
right_child=1 2 -4 -5 -6 -7
leaf_value=-0.060123961613505694 -0.0076309734969944153 0.024848753293769225 0.076062422470370331 -0.0039552440582462838 0 -0.063938518787789
leaf_weight=99 57 385 47 458 43 48
leaf_count=99 57 385 47 458 43 48
internal_value=0.000846806 0.00809253 0.0145817 0.00940109 -0.044285 -0.0399632
internal_weight=1137 995 890 843 142 105
internal_count=1137 995 890 843 142 105
is_linear=0
shrinkage=0.03


Tree=287
num_leaves=7
num_cat=0
split_feature=0 6 1 7 7 6
split_gain=453.987 478.128 873.166 635.111 540.161 436.549
threshold=0.82048902867916607 47.120000000000012 30.950000000000003 0.50011913586783874 0.31657473250481827 45.750000000000007
decision_type=2 8 10 8 10 10
left_child=-1 5 4 -4 -3 -2
right_child=1 2 3 -5 -6 -7
leaf_value=-0.026785636990098283 0.0082306242992382234 -0.010020136039197092 -0.0764605555746634 0.0081679887938917728 0.061463211749175212 0.10956683564840293
leaf_weight=317 81 149 139 151 216 62
leaf_count=317 81 149 139 151 216 62
internal_value=0.00250258 0.0145809 0.00295024 -0.0345177 0.0331219 0.0605876
internal_weight=1115 798 655 290 365 143
internal_count=1115 798 655 290 365 143
is_linear=0
shrinkage=0.03


Tree=288
num_leaves=7
num_cat=1
split_feature=10 2 1 3 5 5
split_gain=368.98 478.36 450.957 498.108 423.789 359.788
threshold=0 0.35500000000000004 22.500000000000004 32.500000000000007 1.6491178897080787 0.71445412394382657
decision_type=9 8 8 8 8 10
left_child=2 -2 -1 5 -5 -4
right_child=1 -3 3 4 -6 -7
leaf_value=0.044874564221128815 -0.021951732227435478 0.08920560872058074 -0.063543368595394667 -0.021936375823194586 0.05198882799432613 -0.012680268867313861
leaf_weight=115 45 70 168 107 140 430
leaf_count=115 45 70 168 107 140 430
internal_value=0.000383312 0.0451148 -0.00612315 -0.0140809 0.0204955 -0.0286606
internal_weight=1075 115 960 845 247 598
internal_count=1075 115 960 845 247 598
cat_boundaries=0 1
cat_threshold=266
is_linear=0
shrinkage=0.03


Tree=289
num_leaves=7
num_cat=2
split_feature=6 11 6 6 11 9
split_gain=250.972 316.401 550.655 495.297 239.133 238.197
threshold=45.750000000000007 0 49.395000000000003 50.780000000000008 1 222.95000000000002
decision_type=10 9 10 10 9 10
left_child=4 5 -3 -4 -1 -2
right_child=1 2 3 -5 -6 -7
leaf_value=0.0018775176718467618 -0.03141186294598184 0.10926070786890436 -0.06356743740246576 0.025868162436124224 -0.046786065725757484 0.011697204821317444
leaf_weight=175 224 41 48 292 159 201
leaf_count=175 224 41 48 292 159 201
internal_value=-0.00258957 0.00645735 0.0253362 0.0102452 -0.0237222 -0.0110317
internal_weight=1140 806 381 340 334 425
internal_count=1140 806 381 340 334 425
cat_boundaries=0 1 2
cat_threshold=416 224
is_linear=0
shrinkage=0.03


Tree=290
num_leaves=7
num_cat=0
split_feature=4 4 1 3 1 2
split_gain=273.806 335.95 283.684 269.282 503.72 321.396
threshold=0.074102836068707309 1.6991335562382255 29.875000000000004 1.0000000180025095e-35 25.250000000000004 0.32750000000000007
decision_type=8 10 10 10 8 10
left_child=2 3 -1 4 -2 -5
right_child=1 -3 -4 5 -6 -7
leaf_value=0 -0.026529191425988374 -0.049131784900659461 -0.063129340336410267 -0.034195146981451735 0.07428230940555669 0.016084192958773998
leaf_weight=159 51 62 89 129 126 472
leaf_count=159 51 62 89 129 126 472
internal_value=0.000580669 0.00887347 -0.02585 0.0146867 0.045186 0.00444178
internal_weight=1088 840 248 778 177 601
internal_count=1088 840 248 778 177 601
is_linear=0
shrinkage=0.03


Tree=291
num_leaves=7
num_cat=1
split_feature=5 1 2 11 7 1
split_gain=273.295 303.051 678.018 376.662 371.398 180.403
threshold=0.52600443247456574 60.305000000000007 0.41000000000000009 0 0.54711105753776923 22.500000000000004
decision_type=8 10 8 9 8 10
left_child=5 3 -3 -2 -5 -1
right_child=1 2 -4 4 -6 -7
leaf_value=-0.0034591534084612778 -0.0069673881528144778 -0.059292484158901745 0.049724608406424516 0.060695291973258313 0.0089276522030517207 -0.073544132084753661
leaf_weight=81 333 128 60 227 275 41
leaf_count=81 333 128 60 227 275 41
internal_value=0.00458656 0.00987432 -0.0227756 0.0176564 0.0332432 -0.0344758
internal_weight=1145 1023 188 835 502 122
internal_count=1145 1023 188 835 502 122
cat_boundaries=0 1
cat_threshold=292
is_linear=0
shrinkage=0.03


Tree=292
num_leaves=7
num_cat=2
split_feature=10 1 7 1 2 11
split_gain=362.983 714.938 330.236 370.997 509.68 415.483
threshold=0 29.425000000000004 0.31894387102045269 64.760000000000005 0.41000000000000009 1
decision_type=9 8 8 10 8 9
left_child=2 -2 -1 5 -5 -4
right_child=1 -3 3 4 -6 -7
leaf_value=-0.044085503742098804 0.020959440718678866 -0.10468636883230044 -0.0015853948535446557 -0.069314903479975612 0.035696519775050027 0.042641971841292529
leaf_weight=96 65 67 427 91 50 315
leaf_count=96 65 67 427 91 50 315
internal_value=-0.00322575 -0.0448528 0.0035261 0.00966972 -0.0318956 0.0182768
internal_weight=1111 132 979 883 141 742
internal_count=1111 132 979 883 141 742
cat_boundaries=0 1 2
cat_threshold=263 388
is_linear=0
shrinkage=0.03


Tree=293
num_leaves=7
num_cat=2
split_feature=1 0 0 1 11 11
split_gain=498.428 667.308 639.267 336.26 353.177 317.883
threshold=69.750000000000014 1.3846886630380695 1.3846886630380695 27.800000000000004 0 1
decision_type=10 2 2 8 9 9
left_child=1 3 -2 -1 -5 -3
right_child=2 5 -4 4 -6 -7
leaf_value=-0.066431727366045468 0.007946861266743304 -0.0088930655420938528 -0.11415179505405655 0.027455739773762453 -0.029126405297676947 0.039639190516688606
leaf_weight=109 66 171 63 127 245 333
leaf_count=109 66 171 63 127 245 333
internal_value=-0.00745904 0.000211559 -0.0585984 -0.0244888 -0.0092837 0.0239342
internal_weight=1114 985 129 481 372 504
internal_count=1114 985 129 481 372 504
cat_boundaries=0 1 2
cat_threshold=170 260
is_linear=0
shrinkage=0.03


Tree=294
num_leaves=6
num_cat=0
split_feature=7 8 8 7 0
split_gain=611.752 248.017 420.718 224.9 189.704
threshold=0.79468486097633362 97.40000000000002 74.620000000000019 0.52911203375329297 1.7191920535173573
decision_type=10 10 10 8 2
left_child=1 2 3 -1 -4
right_child=-2 -3 4 -5 -6
leaf_value=0.013229414194715928 -0.080856512436665681 -0.041914951107939892 0.014418651017311372 -0.017090546122331379 0.087339991864103531
leaf_weight=479 63 78 75 374 58
leaf_count=479 63 78 75 374 58
internal_value=-0.00236152 0.00363693 0.00806172 -8.27004e-05 0.0538712
internal_weight=1127 1064 986 853 133
internal_count=1127 1064 986 853 133
is_linear=0
shrinkage=0.03


Tree=295
num_leaves=7
num_cat=2
split_feature=10 3 11 8 2 2
split_gain=404.314 745.434 454.274 666.431 357.324 279.631
threshold=0 32.500000000000007 1 74.620000000000019 0.30250000000000005 0.32750000000000007
decision_type=9 10 9 10 10 10
left_child=1 2 4 -4 -1 -3
right_child=-2 5 3 -5 -6 -7
leaf_value=-0.0026808161152706992 0.048795245300644809 0.0086716720755212005 -0.010948309749771762 0.081878961229696859 -0.064914160048071476 0.10113562504170646
leaf_weight=135 104 60 515 60 213 51
leaf_count=135 104 60 515 60 213 51
internal_value=-0.0002717 -0.00649736 -0.0158086 0.00104623 -0.0412712 0.0605677
internal_weight=1138 1034 923 575 348 111
internal_count=1138 1034 923 575 348 111
cat_boundaries=0 1 2
cat_threshold=394 292
is_linear=0
shrinkage=0.03


Tree=296
num_leaves=7
num_cat=0
split_feature=7 1 1 5 0 7
split_gain=567.461 514.561 397.297 569.629 482.146 408.038
threshold=0.77403486575004621 41.080000000000005 22.500000000000004 0.5336329296957113 1.3846886630380695 0.31894387102045269
decision_type=8 8 10 10 2 10
left_child=2 -2 4 -4 -1 -5
right_child=1 -3 3 5 -6 -7
leaf_value=-0.0072089839597868025 -0.00018797150192399468 -0.082458362746288746 -0.074123914955376555 -0.061769641602217255 0.082670110988616943 0.01683352205013109
leaf_weight=87 143 114 67 47 105 511
leaf_count=87 143 114 67 47 105 511
internal_value=-0.00300403 -0.0402168 0.00931142 -0.0025562 0.0448227 0.00820075
internal_weight=1074 257 817 625 192 558
internal_count=1074 257 817 625 192 558
is_linear=0
shrinkage=0.03


Tree=297
num_leaves=7
num_cat=1
split_feature=1 1 0 4 4 11
split_gain=514.251 624.37 507.491 432.902 373.296 264.122
threshold=61.555000000000007 57.820000000000007 0.65051499783199074 0.47732050057094927 1.1032372086796183 0
decision_type=10 10 2 10 10 9
left_child=1 2 5 -4 -2 -1
right_child=4 -3 3 -5 -6 -7
leaf_value=-0.0036357537321746345 -0.084996950548934178 0.088161595125089989 -0.0073178366064383287 0.04631877355758221 0 -0.063160496825762732
leaf_weight=130 107 46 479 166 73 147
leaf_count=130 107 46 479 166 73 147
internal_value=-0.0101228 -0.00099066 -0.00727966 0.00737397 -0.0539232 -0.0398018
internal_weight=1148 968 922 645 180 277
internal_count=1148 968 922 645 180 277
cat_boundaries=0 1
cat_threshold=384
is_linear=0
shrinkage=0.03


Tree=298
num_leaves=7
num_cat=1
split_feature=11 3 9 3 9 6
split_gain=353.138 327.003 281.639 380.514 431.003 399.407
threshold=0 21.000000000000004 553.00000000000011 47.500000000000007 354.50000000000006 47.610000000000007
decision_type=9 8 10 8 10 8
left_child=1 -1 3 4 -2 -5
right_child=2 -3 -4 5 -6 -7
leaf_value=-0.0029426675440248 0.0042025861558363294 -0.09370301876749311 0.058499893516777673 -0.031179663120768964 -0.052759484727454328 0.046824481494923055
leaf_weight=89 475 43 74 60 138 243
leaf_count=89 475 43 74 60 138 243
internal_value=0.00238152 -0.0387904 0.00888602 0.00374439 -0.00978786 0.0302182
internal_weight=1122 132 990 916 613 303
internal_count=1122 132 990 916 613 303
cat_boundaries=0 1
cat_threshold=13
is_linear=0
shrinkage=0.03


Tree=299
num_leaves=7
num_cat=1
split_feature=11 6 0 4 7 0
split_gain=440.905 1016.9 618.017 349.342 343.142 304.839
threshold=0 49.395000000000003 0.82048902867916607 0.096179668135208646 0.49531790072656312 1.9375219456324897
decision_type=9 8 2 10 10 2
left_child=3 2 -2 -1 -3 -6
right_child=1 4 -4 -5 5 -7
leaf_value=0.0055694791541726586 0 -0.023304561640760949 0.14279789955527694 -0.044982852115445122 0.0032860035829450165 0.075680402292780682
leaf_weight=221 42 281 61 242 199 53
leaf_count=221 42 281 61 242 199 53
internal_value=0.000405965 0.0163627 0.0943732 -0.0210614 -0.00117607 0.0231776
internal_weight=1099 636 103 463 533 252
internal_count=1099 636 103 463 533 252
cat_boundaries=0 1
cat_threshold=300
is_linear=0
shrinkage=0.03


Tree=300
num_leaves=7
num_cat=1
split_feature=0 10 3 0 5 5
split_gain=297.847 339.438 406.167 368.336 344.477 342.728
threshold=2.2576719465441908 0 32.500000000000007 0.82048902867916607 0.7664336390328802 1.7169829547076796
decision_type=2 9 10 2 10 8
left_child=1 2 5 -3 -4 -1
right_child=-2 3 4 -5 -6 -7
leaf_value=-0.031666090162545145 0.058377695856969565 -0.019460479393601418 -0.0078539525462856773 0.07999540932241074 0.08800643255605417 0.00672441620813453
leaf_weight=482 59 42 59 69 48 345
leaf_count=482 59 42 59 69 48 345
internal_value=0.00217695 -0.00197648 -0.00831742 0.0415109 0.0417636 -0.0157993
internal_weight=1104 1045 934 111 107 827
internal_count=1104 1045 934 111 107 827
cat_boundaries=0 1
cat_threshold=394
is_linear=0
shrinkage=0.03


Tree=301
num_leaves=7
num_cat=1
split_feature=8 1 0 1 11 7
split_gain=469.97 331.037 554.375 633.076 561.089 374.805
threshold=97.40000000000002 55.625000000000007 1.849476316104649 29.875000000000004 0 0.52235555352162732
decision_type=10 8 2 10 9 8
left_child=1 2 4 -4 -1 -3
right_child=-2 5 3 -5 -6 -7
leaf_value=-0.051137082472612908 -0.067527409334584024 0.046936470356516782 0.101578216278553 -0.0093605199157978398 0.0078899128094155301 -0.016232813537764037
leaf_weight=300 81 210 55 111 249 119
leaf_count=300 81 210 55 111 249 119
internal_value=-0.00573193 0.000185351 -0.0111861 0.0340438 -0.0256836 0.0242952
internal_weight=1125 1044 715 166 549 329
internal_count=1125 1044 715 166 549 329
cat_boundaries=0 1
cat_threshold=291
is_linear=0
shrinkage=0.03


Tree=302
num_leaves=7
num_cat=1
split_feature=0 4 11 1 7 4
split_gain=292.303 447.501 401.804 383.753 368.705 273.956
threshold=0.82048902867916607 1.2235967714368938 0 52.500000000000007 0.33392556775576476 0.088535723003455788
decision_type=2 10 9 8 10 10
left_child=3 2 5 -1 -4 -2
right_child=1 -3 4 -5 -6 -7
leaf_value=-0.037764205490544316 0.0048887174453665604 0.068043826865985632 -0.014229586568396927 0.027900100662565427 0.047889991159081685 -0.047022527333568119
leaf_weight=224 215 107 114 101 246 133
leaf_count=224 215 107 114 101 246 133
internal_value=0.00654258 0.0160814 0.00649227 -0.0167494 0.0276204 -0.0158349
internal_weight=1140 815 708 325 360 348
internal_count=1140 815 708 325 360 348
cat_boundaries=0 1
cat_threshold=416
is_linear=0
shrinkage=0.03


Tree=303
num_leaves=7
num_cat=1
split_feature=0 4 4 11 1 1
split_gain=331.332 586.684 568.92 955.446 256.507 9.92658
threshold=0.39380107309116885 1.1836121657325849 1.060399351792656 0 36.500000000000007 49.500000000000007
decision_type=2 10 10 9 8 10
left_child=4 2 3 -2 -1 -4
right_child=1 -3 5 -5 -6 -7
leaf_value=-0.073171951455565598 0.083193677239337543 0.065151037205502679 -0.028170837623732427 -0.004183531570971552 0.0020884818725287915 -0.076555309593677512
leaf_weight=58 107 139 50 619 80 43
leaf_count=58 107 139 50 619 80 43
internal_value=0.005939 0.0123993 0.00203514 0.0115582 -0.0344213 -0.0606632
internal_weight=1096 958 819 726 138 93
internal_count=1096 958 819 726 138 93
cat_boundaries=0 1
cat_threshold=34
is_linear=0
shrinkage=0.03


Tree=304
num_leaves=7
num_cat=1
split_feature=6 6 0 4 8 10
split_gain=288.423 1170.48 820.33 394.031 242.818 189.375
threshold=45.750000000000007 49.395000000000003 0.82048902867916607 1.0815695675909811 97.800000000000026 0
decision_type=8 8 2 10 8 9
left_child=-1 2 -2 5 -4 -3
right_child=1 3 4 -5 -6 -7
leaf_value=-0.035429766457527871 -0.016874604477830554 0.030063576417584569 0.038312160060519261 -0.070175759077449384 0.15548457176238298 -0.0068254426804491156
leaf_weight=136 49 125 43 59 60 622
leaf_count=136 49 125 43 59 60 622
internal_value=0.00242982 0.00848043 0.0795819 -0.00645789 0.121239 0.000195131
internal_weight=1094 958 152 806 103 747
internal_count=1094 958 152 806 103 747
cat_boundaries=0 1
cat_threshold=261
is_linear=0
shrinkage=0.03


Tree=305
num_leaves=6
num_cat=2
split_feature=10 6 4 11 7
split_gain=538.378 395.785 757.071 250.062 37.5915
threshold=0 45.750000000000007 1.202513823263488 1 0.46387796686712485
decision_type=9 10 10 9 8
left_child=-1 4 3 -3 -2
right_child=1 2 -4 -5 -6
leaf_value=0.053755768820804226 -0.058504937217377193 -0.021380764309289726 0.096799438310706087 0.013689030083989837 -0.026142146513547172
leaf_weight=109 81 416 49 283 168
leaf_count=109 81 416 49 283 168
internal_value=-0.00165512 -0.0091487 0.00185938 -0.00721996 -0.0404599
internal_weight=1106 997 748 699 249
internal_count=1106 997 748 699 249
cat_boundaries=0 1 2
cat_threshold=165 360
is_linear=0
shrinkage=0.03


Tree=306
num_leaves=7
num_cat=1
split_feature=7 2 2 11 3 3
split_gain=323.186 338.441 248.751 217.593 250.536 184.515
threshold=0.5068821968240026 0.32750000000000007 0.32750000000000007 0 32.500000000000007 24.000000000000004
decision_type=10 8 10 9 10 8
left_child=1 -1 -2 4 -3 -4
right_child=2 3 5 -5 -6 -7
leaf_value=-0.051922308500976323 -0.0093228266590449482 -0.026574354327852764 0.017863909761760045 0.018717769651610233 0.037327262629633366 0.071679262299153765
leaf_weight=104 108 273 156 322 49 98
leaf_count=104 108 273 156 322 49 98
internal_value=0.00473315 -0.00651096 0.0272484 0.00207523 -0.0146327 0.0425628
internal_weight=1110 748 362 644 322 254
internal_count=1110 748 362 644 322 254
cat_boundaries=0 1
cat_threshold=262
is_linear=0
shrinkage=0.03


Tree=307
num_leaves=7
num_cat=1
split_feature=2 11 4 6 1 6
split_gain=496.179 372.93 343.385 335.441 709.419 409.883
threshold=0.32750000000000007 0 0.11246828732001236 94.050000000000011 34.300000000000004 87.195000000000007
decision_type=8 9 10 8 10 10
left_child=2 -2 -1 5 -5 -3
right_child=1 3 -4 4 -6 -7
leaf_value=-0.0077618363463111085 -0.010533286779014921 0.027049603207733915 -0.087056027867577282 0.031739229494763641 -0.08264216566085815 0.10761793861690247
leaf_weight=154 333 306 57 141 50 59
leaf_count=154 333 306 57 141 50 59
internal_value=0.00414964 0.014105 -0.035125 0.0285069 -0.00291439 0.0451428
internal_weight=1100 889 211 556 191 365
internal_count=1100 889 211 556 191 365
cat_boundaries=0 1
cat_threshold=268
is_linear=0
shrinkage=0.03


Tree=308
num_leaves=7
num_cat=1
split_feature=11 3 7 3 1 7
split_gain=400.417 549.066 498.95 378.274 422.563 711.763
threshold=0 21.000000000000004 0.46994806500251307 21.000000000000004 41.080000000000005 0.38387685795746201
decision_type=9 8 8 8 10 10
left_child=1 2 -1 -2 -5 -6
right_child=3 -3 -4 4 5 -7
leaf_value=-0.047468794108211219 -0.0096112100432289346 -0.074242298678099686 0.05585537006297419 0.052649947331212761 0.075049559246639114 -0.041834526077801026
leaf_weight=57 438 119 73 253 48 131
leaf_count=57 438 119 73 253 48 131
internal_value=-1.96394e-05 -0.0314703 0.00986302 0.00966429 0.0291146 -0.0057972
internal_weight=1119 249 130 870 432 179
internal_count=1119 249 130 870 432 179
cat_boundaries=0 1
cat_threshold=46
is_linear=0
shrinkage=0.03


Tree=309
num_leaves=6
num_cat=0
split_feature=0 6 6 3 3
split_gain=350.797 336.889 347.321 644.254 622.403
threshold=2.2576719465441908 94.050000000000011 88.990000000000023 24.000000000000004 21.000000000000004
decision_type=2 10 8 10 10
left_child=1 2 4 -4 -1
right_child=-2 -3 3 -5 -6
leaf_value=-0.034697272074201209 0.056602346045760116 -0.067846456167216476 0.04527911643995057 -0.044956469100081553 0.025925382144650698
leaf_weight=451 62 58 244 79 207
leaf_count=451 62 58 244 79 207
internal_value=-0.00316234 -0.00778695 -0.00289147 0.0216997 -0.0153353
internal_weight=1101 1039 981 323 658
internal_count=1101 1039 981 323 658
is_linear=0
shrinkage=0.03


Tree=310
num_leaves=7
num_cat=1
split_feature=8 2 9 4 11 3
split_gain=305.413 248.168 141.52 238.953 271.86 255.997
threshold=88.845000000000013 0.38000000000000006 354.50000000000006 1.1269183133585032 0 24.000000000000004
decision_type=8 10 8 8 9 10
left_child=1 -1 -2 4 -4 -5
right_child=2 -3 3 5 -6 -7
leaf_value=-0.00015606942054416451 0.021841044127416442 0.080063412124291064 0.0075165223276571309 0.015287309771097157 -0.041958418026749718 -0.038429896862804888
leaf_weight=64 122 52 140 375 275 80
leaf_count=64 122 52 140 375 275 80
internal_value=-0.000311283 0.0418489 -0.00603022 -0.010409 -0.0263437 0.00449578
internal_weight=1108 116 992 870 415 455
internal_count=1108 116 992 870 415 455
cat_boundaries=0 1
cat_threshold=129
is_linear=0
shrinkage=0.03


Tree=311
num_leaves=7
num_cat=1
split_feature=3 5 6 10 5 9
split_gain=316.92 311.29 220.01 295.522 345.981 316.477
threshold=32.500000000000007 0.7664336390328802 44.75500000000001 0 1.6272729315368084 395.00000000000006
decision_type=10 10 8 9 10 10
left_child=2 -2 -1 4 -4 -5
right_child=1 -3 3 5 -6 -7
leaf_value=-0.04236015457777189 -0.0062551698530161825 0.08258750274374678 0.054374926745891575 -0.02478690802833558 -0.0057973757854529783 0.037990772512329872
leaf_weight=123 61 54 130 464 190 66
leaf_count=123 61 54 130 464 190 66
internal_value=-0.00202488 0.0410726 -0.00790369 -0.0019895 0.0196537 -0.0154815
internal_weight=1088 115 973 850 320 530
internal_count=1088 115 973 850 320 530
cat_boundaries=0 1
cat_threshold=261
is_linear=0
shrinkage=0.03


Tree=312
num_leaves=7
num_cat=0
split_feature=0 1 1 7 9 7
split_gain=459.303 750.131 582.493 470.234 553.151 345.353
threshold=0.82048902867916607 52.500000000000007 69.750000000000014 0.51902745694843289 390.00000000000006 0.47964929461088851
decision_type=2 8 10 10 8 10
left_child=1 -1 3 4 -2 -4
right_child=2 -3 5 -5 -6 -7
leaf_value=-0.052122532765444533 -0.052929217518768577 0.040882645637204916 0.0054483992712838301 0.061836574910560514 0.022959384528946018 -0.098239184536039817
leaf_weight=244 87 93 50 197 432 40
leaf_count=244 87 93 50 197 432 40
internal_value=0.00299156 -0.0254359 0.0152782 0.0246369 0.00863491 -0.0495724
internal_weight=1143 337 806 716 519 90
internal_count=1143 337 806 716 519 90
is_linear=0
shrinkage=0.03


Tree=313
num_leaves=6
num_cat=0
split_feature=9 0 7 1 6
split_gain=352.495 328.043 324.106 268.551 182.121
threshold=553.00000000000011 2.2805506918245286 0.31894387102045269 69.235000000000014 82.27000000000001
decision_type=10 2 8 10 8
left_child=1 2 4 -4 -1
right_child=-2 -3 3 -5 -6
leaf_value=-0.083839511673998182 0.056296110603370163 0.059286356151265943 0.0047556971062396487 -0.04084971839041613 -0.0054231673147043446
leaf_weight=54 75 49 775 116 49
leaf_count=54 75 49 775 116 49
internal_value=0.000901392 -0.00400973 -0.00829695 -0.00188231 -0.0539701
internal_weight=1118 1043 994 891 103
internal_count=1118 1043 994 891 103
is_linear=0
shrinkage=0.03


Tree=314
num_leaves=7
num_cat=1
split_feature=5 5 4 10 4 5
split_gain=343.862 253.993 286.994 408.522 366.725 166.229
threshold=2.7090013766811398 0.5336329296957113 1.060399351792656 0 1.1269183133585032 0.40154692882601289
decision_type=10 8 10 9 10 10
left_child=1 5 3 -3 -4 -1
right_child=-2 2 4 -5 -6 -7
leaf_value=-0.0038141531987409844 -0.071452231201464711 0.049170995043196643 -0.07528479149065366 -0.00098468006685419225 0 -0.068005650043487548
leaf_weight=75 49 178 62 489 203 60
leaf_count=75 49 178 62 489 203 60
internal_value=-0.00650755 -0.0022101 0.00357187 0.0140561 -0.0217407 -0.0378245
internal_weight=1116 1067 932 667 265 135
internal_count=1116 1067 932 667 265 135
cat_boundaries=0 1
cat_threshold=261
is_linear=0
shrinkage=0.03


Tree=315
num_leaves=7
num_cat=2
split_feature=0 11 9 11 8 8
split_gain=318.894 421.886 351.415 211.777 332.971 209.847
threshold=1.4560472302319762 0 692.50000000000011 1 92.995000000000019 74.620000000000019
decision_type=2 9 8 9 10 10
left_child=2 -2 5 -4 -5 -1
right_child=1 -3 3 4 -6 -7
leaf_value=-0.0071692833626206881 -0.019615249706900373 0.043767982261245932 -0.06006447630819766 -0.0015674373605891914 -0.069687216513297137 0.050777967105040678
leaf_weight=215 157 167 168 281 65 54
leaf_count=215 157 167 168 281 65 54
internal_value=-0.0100984 0.0142274 -0.0203427 -0.0344719 -0.0171681 0.00696466
internal_weight=1107 324 783 514 346 269
internal_count=1107 324 783 514 346 269
cat_boundaries=0 1 2
cat_threshold=384 15
is_linear=0
shrinkage=0.03


Tree=316
num_leaves=7
num_cat=2
split_feature=1 3 4 8 11 11
split_gain=355.818 513.783 649.703 417.638 704.496 361.722
threshold=22.500000000000004 12.500000000000002 1.1836121657325849 83.52500000000002 0 1
decision_type=10 10 8 10 9 9
left_child=5 2 -2 4 -3 -1
right_child=1 3 -4 -5 -6 -7
leaf_value=-0.017077321262323652 -0.10868847417533398 0.012841993034743362 0.0092562700101975776 0.043940809138425407 -0.054555412103322196 0.0448369889028866
leaf_weight=115 80 348 66 126 194 203
leaf_count=115 80 348 66 126 194 203
internal_value=-0.00254582 -0.0130738 -0.0603181 -0.00120753 -0.0130002 0.0234048
internal_weight=1132 814 146 668 542 318
internal_count=1132 814 146 668 542 318
cat_boundaries=0 1 2
cat_threshold=360 292
is_linear=0
shrinkage=0.03


Tree=317
num_leaves=7
num_cat=1
split_feature=10 3 4 0 7 4
split_gain=490.179 573.825 450.842 361.97 326.933 251.418
threshold=0 32.500000000000007 0.11246828732001236 2.471028841920698 0.34872958737535725 0.0047272588907713818
decision_type=9 10 10 2 8 10
left_child=1 3 -3 4 -1 -2
right_child=5 2 -4 -5 -6 -7
leaf_value=-0.063089219794973089 0.088763293735234131 -0.0058200642587833626 0.098602465166674022 0.053784620544465721 -0.011812233460397451 4.5097653161395677e-06
leaf_weight=118 63 66 57 44 706 46
leaf_count=118 63 66 57 44 706 46
internal_value=0.000553337 -0.00660912 0.0491739 -0.0155853 -0.0205474 0.0534363
internal_weight=1100 991 123 868 824 109
internal_count=1100 991 123 868 824 109
cat_boundaries=0 1
cat_threshold=298
is_linear=0
shrinkage=0.03


Tree=318
num_leaves=7
num_cat=0
split_feature=8 1 1 1 5 1
split_gain=325.886 282.335 217.688 709.497 486.372 254.42
threshold=92.995000000000019 45.70000000000001 61.555000000000007 55.625000000000007 1.9711401003805678 22.500000000000004
decision_type=8 8 10 10 10 10
left_child=1 -1 3 5 -4 -2
right_child=2 -3 4 -5 -6 -7
leaf_value=0.073598854790987642 0.014361342826054634 -0.0072923581602006415 -0.068795236494806081 0.093013176386172958 0.032617260344437696 -0.021332106416429658
leaf_weight=67 246 62 115 45 47 540
leaf_count=67 246 62 115 45 47 540
internal_value=-0.00285191 0.0385579 -0.00894571 -0.00230318 -0.0386923 -0.0100073
internal_weight=1122 129 993 831 162 786
internal_count=1122 129 993 831 162 786
is_linear=0
shrinkage=0.03


Tree=319
num_leaves=7
num_cat=0
split_feature=2 2 1 7 1 2
split_gain=237.536 388.75 306.061 299.12 500.018 294.633
threshold=0.32750000000000007 0.38000000000000006 60.305000000000007 0.37585703297895939 52.500000000000007 0.47500000000000003
decision_type=8 8 10 8 10 8
left_child=-1 2 -2 5 -5 -3
right_child=1 3 -4 4 -6 -7
leaf_value=-0.024281935283347406 0.096612628450157584 -0.012691944978979167 0 0.0057443441689141858 -0.05901581999594277 0.055499047887189165
leaf_weight=201 57 78 47 477 117 136
leaf_count=201 57 78 47 477 117 136
internal_value=0.00368166 0.0102979 0.0597888 0.00256499 -0.00842057 0.0314275
internal_weight=1113 912 104 808 594 214
internal_count=1113 912 104 808 594 214
is_linear=0
shrinkage=0.03


Tree=320
num_leaves=6
num_cat=0
split_feature=0 6 6 2 3
split_gain=317.681 330.408 229.06 443.567 218.263
threshold=2.2805506918245286 94.050000000000011 89.40000000000002 0.35500000000000004 21.000000000000004
decision_type=2 10 10 8 10
left_child=1 2 4 -4 -1
right_child=-2 -3 3 -5 -6
leaf_value=-0.019677133231651312 0.055053984424149667 -0.064296533924837904 -0.013521839088151374 0.085238987387905654 0.01266957710562377
leaf_weight=599 54 70 84 51 251
leaf_count=599 54 70 84 51 251
internal_value=-0.00509627 -0.00919784 -0.00402089 0.0295851 -0.0099847
internal_weight=1109 1055 985 135 850
internal_count=1109 1055 985 135 850
is_linear=0
shrinkage=0.03


Tree=321
num_leaves=7
num_cat=2
split_feature=11 8 8 5 11 1
split_gain=376.187 754.995 581.695 493.028 223.438 538.647
threshold=0 99.950000000000017 97.40000000000002 1.7169829547076796 1 28.700000000000006
decision_type=9 8 10 10 9 8
left_child=2 -2 4 -3 -1 -6
right_child=1 3 -4 -5 5 -7
leaf_value=0.010235888145743282 0.099645469363393455 -0.006481680899651514 -0.099903167775317797 0.067290474832989264 0.032915355475016041 -0.077142838751524695
leaf_weight=294 67 520 47 76 51 80
leaf_count=294 67 520 47 76 51 80
internal_value=0.00248879 0.0167806 -0.0173195 0.00470743 -0.0043615 -0.0330267
internal_weight=1135 663 472 596 425 131
internal_count=1135 663 472 596 425 131
cat_boundaries=0 1 2
cat_threshold=269 256
is_linear=0
shrinkage=0.03


Tree=322
num_leaves=7
num_cat=1
split_feature=6 10 8 6 4 4
split_gain=495.722 276.806 427.799 435.822 403.562 559.77
threshold=91.070000000000007 0 74.245000000000019 88.990000000000023 1.060399351792656 0.99544267415142296
decision_type=10 9 10 10 10 8
left_child=1 4 3 -3 5 -1
right_child=-2 2 -4 -5 -6 -7
leaf_value=-0.019923883533996083 -0.058660125812615142 -0.035758053092559909 0.04574435785341148 0.027435980499298733 -0.00086274629040640222 0.092494349442823157
leaf_weight=49 111 388 84 112 274 102
leaf_count=49 111 388 84 112 274 102
internal_value=-0.00371832 0.00329018 -0.00991909 -0.0209764 0.0209581 0.0575998
internal_weight=1120 1009 584 500 425 151
internal_count=1120 1009 584 500 425 151
cat_boundaries=0 1
cat_threshold=261
is_linear=0
shrinkage=0.03


Tree=323
num_leaves=7
num_cat=1
split_feature=0 3 2 10 3 4
split_gain=257.092 330.957 325.502 342.255 334.987 123.104
threshold=2.2576719465441908 39.000000000000007 0.38000000000000006 0 12.500000000000002 0.11246828732001236
decision_type=2 10 10 9 10 10
left_child=1 2 3 -1 -4 -3
right_child=-2 5 4 -5 -6 -7
leaf_value=0.049120791845851476 0.050042660233697717 0.0052535413399986599 -0.072884877042486029 -0.0065061638625916228 -0.012972163663542795 0.072519152611494067
leaf_weight=105 64 49 89 357 444 43
leaf_count=105 64 49 89 357 444 43
internal_value=-0.000508394 -0.00438926 -0.00976366 0.00840959 -0.025359 0.0445643
internal_weight=1151 1087 995 462 533 92
internal_count=1151 1087 995 462 533 92
cat_boundaries=0 1
cat_threshold=256
is_linear=0
shrinkage=0.03


Tree=324
num_leaves=7
num_cat=1
split_feature=3 11 1 2 4 4
split_gain=336.304 745.662 543.288 636.944 338.855 242.429
threshold=57.500000000000007 0 29.425000000000004 0.38000000000000006 0.029412885282127481 0.97983142963296455
decision_type=8 9 8 10 8 10
left_child=2 -2 3 -1 -4 -3
right_child=1 5 4 -5 -6 -7
leaf_value=-0.033151807977922894 0.087994669129830283 0.016036596298469482 -0.070585713963522465 0.082690800716419044 -0.0064709102262577936 -0.051396145735618091
leaf_weight=51 101 128 66 103 607 51
leaf_count=51 101 128 66 103 607 51
internal_value=0.0069398 0.034172 -0.00279863 0.0445816 -0.0147008 -0.00581679
internal_weight=1107 280 827 154 673 179
internal_count=1107 280 827 154 673 179
cat_boundaries=0 1
cat_threshold=66
is_linear=0
shrinkage=0.03


Tree=325
num_leaves=7
num_cat=0
split_feature=0 4 4 4 9 7
split_gain=339.3 392.073 698.973 463.697 426.077 122.486
threshold=0.23244339915132542 1.1420135310483051 1.060399351792656 0.64259698634698648 590.75000000000011 0.42413191691771052
decision_type=2 10 10 10 8 10
left_child=5 2 3 -2 -3 -1
right_child=1 4 -4 -5 -6 -7
leaf_value=-0.0058654211800587309 0.0021087925801481816 -0.019702466555083026 -0.078493456002534101 0.077760996251798623 0.06736841225763783 -0.063933569809313043
leaf_weight=69 688 58 69 62 164 57
leaf_count=69 688 58 69 62 164 57
internal_value=0.00520438 0.0110674 0.00105305 0.010298 0.0446239 -0.0377048
internal_weight=1167 1041 819 750 222 126
internal_count=1167 1041 819 750 222 126
is_linear=0
shrinkage=0.03


Tree=326
num_leaves=7
num_cat=0
split_feature=1 4 5 4 3 5
split_gain=442.377 359.364 600.191 248.464 290.04 170.838
threshold=61.555000000000007 1.3806974728088537 1.7867865342948983 1.1137109379807753 22.500000000000004 0.52600443247456574
decision_type=10 10 10 8 10 8
left_child=1 2 5 4 -2 -1
right_child=3 -3 -4 -5 -6 -7
leaf_value=-0.022277277137764031 -0.10529229331140717 -0.043555469569783387 0.099649931137050896 0 -0.0092219772229069144 0.013643309026564052
leaf_weight=124 52 85 50 90 56 677
leaf_count=124 52 85 50 90 56 677
internal_value=0.000200112 0.00904145 0.0152433 -0.0383151 -0.0651712 0.00760226
internal_weight=1134 936 851 198 108 801
internal_count=1134 936 851 198 108 801
is_linear=0
shrinkage=0.03


Tree=327
num_leaves=7
num_cat=1
split_feature=0 10 1 1 1 9
split_gain=210.448 610.263 347.637 340.827 315.986 170.724
threshold=0.82048902867916607 0 36.500000000000007 29.425000000000004 64.760000000000005 354.50000000000006
decision_type=2 9 8 8 10 8
left_child=2 4 -1 -3 5 -2
right_child=1 3 -4 -5 -6 -7
leaf_value=-0.050535915515696007 0.044369461544886017 0.12779843996609408 0.010116068958392682 0.02048592260757158 -0.045295353932557882 0.0022592122534673752
leaf_weight=124 86 42 192 66 91 509
leaf_count=124 86 42 192 66 91 509
internal_value=0.00490551 0.0131152 -0.0150969 0.0706181 0.00121578 0.00968827
internal_weight=1110 794 316 108 686 595
internal_count=1110 794 316 108 686 595
cat_boundaries=0 1
cat_threshold=418
is_linear=0
shrinkage=0.03


Tree=328
num_leaves=7
num_cat=2
split_feature=11 0 10 6 5 8
split_gain=189.777 508.311 518.979 274.265 187.961 283.096
threshold=0 1.3846886630380695 1 91.070000000000007 1.6272729315368084 78.825000000000017
decision_type=9 2 9 8 8 8
left_child=4 -2 3 -3 5 -1
right_child=1 2 -4 -5 -6 -7
leaf_value=-0.043996267224160522 -0.021060587636727305 0.022458720328921281 0.079740633369472458 -0.047367395529864541 -0.030246616545389335 0.023609306961297986
leaf_weight=58 260 156 103 51 311 175
leaf_count=58 260 156 103 51 311 175
internal_value=-0.00312287 0.00873032 0.0339247 0.00223481 -0.0153999 0.00439568
internal_weight=1114 570 310 207 544 233
internal_count=1114 570 310 207 544 233
cat_boundaries=0 1 2
cat_threshold=270 130
is_linear=0
shrinkage=0.03


Tree=329
num_leaves=7
num_cat=0
split_feature=4 0 7 2 7 7
split_gain=369.608 414.032 242.01 226.368 215.932 193.629
threshold=0.029412885282127481 1.7191920535173573 0.31657473250481827 0.47500000000000003 0.31894387102045269 0.42413191691771052
decision_type=8 2 8 8 10 10
left_child=3 2 -2 -1 -4 -3
right_child=1 5 4 -5 -6 -7
leaf_value=0.015945518059389933 0.055552192743867634 0.013045988571107016 -0.036134080991534319 -0.056189445920069428 0.0024458144461469988 0.065669383478539803
leaf_weight=43 40 141 154 116 505 123
leaf_count=43 40 141 154 116 505 123
internal_value=0.00289298 0.0101129 -0.00215597 -0.0367441 -0.00728023 0.040673
internal_weight=1122 963 699 159 659 264
internal_count=1122 963 699 159 659 264
is_linear=0
shrinkage=0.03


Tree=330
num_leaves=7
num_cat=0
split_feature=0 6 6 7 6 4
split_gain=278.978 741.653 483.591 424.654 383.779 302.787
threshold=0.65051499783199074 49.395000000000003 44.75500000000001 0.69460723488885046 50.780000000000008 0.97983142963296455
decision_type=2 8 10 10 10 10
left_child=3 2 -2 4 -1 -3
right_child=1 5 -4 -5 -6 -7
leaf_value=-0.030699926413045347 0.0049306967044819372 0.0056496251412149227 0.10307070589065551 -0.089483574907310667 0.036667135651084357 -0.05993335599630651
leaf_weight=156 78 566 100 41 114 51
leaf_count=156 78 566 100 41 114 51
internal_value=0.00529202 0.0146836 0.0652106 -0.0179707 -0.00148204 -0.00138868
internal_weight=1106 795 178 311 270 617
internal_count=1106 795 178 311 270 617
is_linear=0
shrinkage=0.03


Tree=331
num_leaves=7
num_cat=2
split_feature=9 0 11 11 5 6
split_gain=295.478 238.062 476.216 426.457 414.462 241.911
threshold=553.00000000000011 1.5819457724037771 0 1 0.773507600177609 47.120000000000012
decision_type=10 2 9 9 10 10
left_child=1 2 -1 4 -3 -5
right_child=-2 3 -4 5 -6 -7
leaf_value=-0.063734798394797135 0.045646797456657111 0.0083719759554632261 -0.0059754159107010384 0.020978459991049022 0.10995679188147187 -0.047120762655480958
leaf_weight=141 72 104 580 60 40 102
leaf_count=141 72 104 580 60 40 102
internal_value=-0.00595091 -0.0104284 -0.019708 0.0111199 0.0442272 -0.0208878
internal_weight=1099 1027 721 306 144 162
internal_count=1099 1027 721 306 144 162
cat_boundaries=0 1 2
cat_threshold=7 67
is_linear=0
shrinkage=0.03


Tree=332
num_leaves=7
num_cat=1
split_feature=11 3 6 6 7 9
split_gain=204.822 321.289 313.708 367.455 268.457 284.43
threshold=0 32.500000000000007 51.935000000000009 87.195000000000007 0.51423744976039387 447.50000000000006
decision_type=9 8 10 10 10 10
left_child=-1 4 -3 -4 5 -2
right_child=1 2 3 -5 -6 -7
leaf_value=-0.033543758668789739 -0.03406482619459502 0.051522780589427775 -0.061672956080579037 0.029337765682827342 0.011983913624019077 0.030205335286143539
leaf_weight=141 359 171 47 79 303 57
leaf_count=141 359 171 47 79 303 57
internal_value=-0.0031578 0.00187309 0.027171 -0.0079976 -0.00892281 -0.0241394
internal_weight=1157 1016 297 126 719 416
internal_count=1157 1016 297 126 719 416
cat_boundaries=0 1
cat_threshold=44
is_linear=0
shrinkage=0.03


Tree=333
num_leaves=7
num_cat=1
split_feature=11 5 3 0 7 3
split_gain=235.461 320.338 495.798 386.955 370.869 229.073
threshold=0 0.5336329296957113 47.500000000000007 1.4560472302319762 0.20818848167539269 39.000000000000007
decision_type=9 8 8 2 10 10
left_child=5 -2 3 -3 -4 -1
right_child=1 2 4 -5 -6 -7
leaf_value=-0.024707375681963548 -0.039242609292679628 -0.015615026255315301 0.0070014448636739526 0.04184375088885426 0.096410505127794338 0.037202960550785064
leaf_weight=398 82 335 77 130 86 43
leaf_count=398 82 335 77 130 86 43
internal_value=-0.000200479 0.0103096 0.018043 0.0013881 0.0598834 -0.0168236
internal_weight=1151 710 628 465 163 441
internal_count=1151 710 628 465 163 441
cat_boundaries=0 1
cat_threshold=268
is_linear=0
shrinkage=0.03


Tree=334
num_leaves=6
num_cat=0
split_feature=9 8 1 4 1
split_gain=310.297 193.48 193.01 467.798 323.559
threshold=553.00000000000011 96.350000000000009 25.250000000000004 0.074102836068707309 19.700000000000003
decision_type=10 10 8 8 10
left_child=1 2 4 -4 -1
right_child=-2 -3 3 -5 -6
leaf_value=0.026762054028780492 0.049073309113185123 -0.046955684685345847 -0.038792737503846479 0.015949398911702384 -0.05144742322867954
leaf_weight=53 77 79 160 619 134
leaf_count=53 77 79 160 619 134
internal_value=-0.0022669 -0.00695673 -0.00273864 0.00394114 -0.0285472
internal_weight=1122 1045 966 779 187
internal_count=1122 1045 966 779 187
is_linear=0
shrinkage=0.03


Tree=335
num_leaves=7
num_cat=0
split_feature=0 5 5 2 9 2
split_gain=365.769 555.343 475.223 320.833 467.086 259.286
threshold=0.82048902867916607 1.7169829547076796 2.0484724716927474 0.22000000000000003 541.50000000000011 0.67500000000000016
decision_type=2 8 10 10 8 8
left_child=2 5 -1 -3 -5 -2
right_child=1 3 -4 4 -6 -7
leaf_value=-0.0017796570621087212 0.0063742771221697329 0.088991095296476239 -0.087816803437706675 -0.039947676757971444 0.046644703284546264 -0.04511530440268309
leaf_weight=251 355 86 56 61 172 95
leaf_count=251 355 86 56 61 172 95
internal_value=0.00463395 0.0156593 -0.0220684 0.0446993 0.0223716 -0.00582533
internal_weight=1076 769 307 319 233 450
internal_count=1076 769 307 319 233 450
is_linear=0
shrinkage=0.03


Tree=336
num_leaves=7
num_cat=1
split_feature=2 11 7 4 5 4
split_gain=342.604 289.986 354.997 328.137 456.558 296.95
threshold=0.32750000000000007 0 0.53424270067587998 1.060399351792656 0.79097551069181615 0.029412885282127481
decision_type=8 9 10 8 8 8
left_child=-1 3 5 4 -2 -3
right_child=1 2 -4 -5 -6 -7
leaf_value=-0.035206271555170275 0.0048780963321526849 -0.041844989988364674 -0.046788256923819695 -0.011190288627618237 0.12912237495672507 0.015302713374369729
leaf_weight=194 52 75 109 56 41 574
leaf_count=194 52 75 109 56 41 574
internal_value=-0.000961698 0.00689976 -0.00116897 0.0412136 0.0733424 0.00755536
internal_weight=1101 907 758 149 93 649
internal_count=1101 907 758 149 93 649
cat_boundaries=0 1
cat_threshold=3
is_linear=0
shrinkage=0.03


Tree=337
num_leaves=7
num_cat=1
split_feature=10 0 1 4 5 0
split_gain=536.312 742.603 638.19 427.684 369.995 290.841
threshold=0 0.82048902867916607 69.750000000000014 1.202513823263488 1.8739659784829461 0.82048902867916607
decision_type=9 2 10 8 10 2
left_child=1 -1 4 -4 -2 -6
right_child=2 -3 3 -5 5 -7
leaf_value=-0.040704616115939229 0.0069501450321794948 0.092129644030018859 -0.10776847648069909 0.0050627637007197397 -0.095583061175878906 -0.0040813597062459364
leaf_weight=42 743 94 72 41 41 71
leaf_count=42 743 94 72 41 41 71
internal_value=-0.00224714 0.0477054 -0.0105259 -0.0717735 -0.00102744 -0.0474392
internal_weight=1104 136 968 113 855 112
internal_count=1104 136 968 113 855 112
cat_boundaries=0 1
cat_threshold=13
is_linear=0
shrinkage=0.03


Tree=338
num_leaves=7
num_cat=0
split_feature=1 6 2 6 4 4
split_gain=280.966 409.279 350.263 601.453 254.121 244.6
threshold=22.500000000000004 94.050000000000011 0.57500000000000007 73.560000000000016 1.1836121657325849 0.19096584342303574
decision_type=8 10 8 8 8 8
left_child=4 2 5 -4 -1 -2
right_child=1 -3 3 -5 -6 -7
leaf_value=0.055655166701741997 0.014299014966590289 -0.080009385760753379 0.082728773826225233 -0.0080208999670051424 -0.019023773645623944 -0.023655405199123906
leaf_weight=119 207 42 90 153 45 456
leaf_count=119 207 42 90 153 45 456
internal_value=0.000987097 -0.00543608 -0.00026085 0.0290971 0.0349974 -0.0116458
internal_weight=1112 948 906 243 164 663
internal_count=1112 948 906 243 164 663
is_linear=0
shrinkage=0.03


Tree=339
num_leaves=7
num_cat=1
split_feature=10 7 6 7 0 6
split_gain=414.797 466.988 377.642 295.038 264.234 186.25
threshold=0 0.69460723488885046 45.750000000000007 0.49531790072656312 1.3846886630380695 36.505000000000003
decision_type=9 8 8 10 2 10
left_child=2 3 5 -2 -5 -1
right_child=1 -3 -4 4 -6 -7
leaf_value=0.025009215340018272 -0.023498720047167812 -0.054547589751846356 0.035855247285832795 -0.0069527266026563842 0.052819435724685358 -0.041206007651174846
leaf_weight=40 227 185 343 126 109 95
leaf_count=40 227 185 343 126 109 95
internal_value=-0.00123189 -0.0166142 0.0192467 -1.15658e-05 0.0225043 -0.0205041
internal_weight=1125 647 478 462 235 135
internal_count=1125 647 478 462 235 135
cat_boundaries=0 1
cat_threshold=261
is_linear=0
shrinkage=0.03


Tree=340
num_leaves=7
num_cat=1
split_feature=1 1 4 3 0 11
split_gain=486.974 1053.75 514.173 521.875 319.807 247.403
threshold=64.760000000000005 55.625000000000007 1.1137109379807753 22.500000000000004 2.2805506918245286 0
decision_type=10 10 8 10 2 9
left_child=1 4 3 -2 5 -1
right_child=2 -3 -4 -5 -6 -7
leaf_value=-0.047163374645226609 -0.14560931022881585 0.10668539660124035 0.0080626665055751803 -0.0096298462664013464 0.052426395112989653 -0.0055628933812553001
leaf_weight=134 48 57 70 47 51 698
leaf_count=134 48 57 70 47 51 698
internal_value=-0.00859424 9.63227e-05 -0.0530864 -0.0922316 -0.00892836 -0.0139021
internal_weight=1105 940 165 95 883 832
internal_count=1105 940 165 95 883 832
cat_boundaries=0 1
cat_threshold=14
is_linear=0
shrinkage=0.03


Tree=341
num_leaves=7
num_cat=0
split_feature=4 8 3 4 4 6
split_gain=205.824 168.114 182.522 352.272 248.216 29.3308
threshold=2.0262187158035938 95.550000000000011 32.500000000000007 0.96185234795100272 0.080163747721684997 47.120000000000012
decision_type=10 10 8 10 8 10
left_child=1 2 4 -4 -1 -3
right_child=-2 5 3 -5 -6 -7
leaf_value=0.018916817204711042 0.053689421557463132 -0.011504886305177367 0.0034947436824040779 0.075797664569690823 -0.018888141491790311 -0.048669708214070212
leaf_weight=216 45 57 268 60 443 48
leaf_count=216 45 57 268 60 443 48
internal_value=0.00180108 -0.00121039 0.00282965 0.0204894 -0.00621626 -0.0340433
internal_weight=1137 1092 987 328 659 105
internal_count=1137 1092 987 328 659 105
is_linear=0
shrinkage=0.03


Tree=342
num_leaves=7
num_cat=0
split_feature=0 7 6 6 1 9
split_gain=264.535 484.766 377.48 394.817 370.096 523.789
threshold=0.65051499783199074 0.69460723488885046 49.395000000000003 44.75500000000001 41.080000000000005 164.50000000000003
decision_type=2 10 8 10 10 8
left_child=1 -1 3 -2 -4 -6
right_child=2 -3 4 -5 5 -7
leaf_value=-0.0032849205342190177 -0.0078853946488894773 -0.094248617833310913 0.013558926793813318 0.078721217923164361 0.032720027303695678 -0.067380953101401631
leaf_weight=278 69 46 441 105 55 121
leaf_count=278 69 46 441 105 55 121
internal_value=0.000901313 -0.0211027 0.0102864 0.0467956 -0.0010613 -0.0356465
internal_weight=1115 324 791 174 617 176
internal_count=1115 324 791 174 617 176
is_linear=0
shrinkage=0.03


Tree=343
num_leaves=6
num_cat=0
split_feature=0 6 4 4 4
split_gain=310.274 265.665 302.5 413.762 343.355
threshold=2.2805506918245286 94.050000000000011 1.060399351792656 0.64259698634698648 1.1269183133585032
decision_type=2 10 10 10 10
left_child=1 2 3 -1 -4
right_child=-2 -3 4 -5 -6
leaf_value=-0.0037330019761346225 0.051966222721691192 -0.060862698443233963 -0.08477770179882646 0.065668338178233671 -0.01048197360857386
leaf_weight=615 56 68 60 68 219
leaf_count=615 56 68 60 68 219
internal_value=-0.00664153 -0.0108143 -0.00604791 0.00476296 -0.0312622
internal_weight=1086 1030 962 683 279
internal_count=1086 1030 962 683 279
is_linear=0
shrinkage=0.03


Tree=344
num_leaves=7
num_cat=1
split_feature=11 0 6 7 4 8
split_gain=384.77 509.513 537.159 524.289 468.29 310.396
threshold=0 1.3846886630380695 49.395000000000003 0.53893810991268631 0.02546996698790149 1.0000000180025095e-35
decision_type=9 2 8 10 8 10
left_child=5 4 -3 -4 -2 -1
right_child=1 2 3 -5 -6 -7
leaf_value=0.0068614451501561305 -0.076164479986043046 0.12106481018969241 0.0048177154891059859 0.10079251789129698 0.0095845082736942897 -0.041600024982819103
leaf_weight=241 51 48 260 45 278 203
leaf_count=241 51 48 260 45 278 203
internal_value=0.00542358 0.0192435 0.0435734 0.0244938 -0.00713895 -0.0156666
internal_weight=1126 682 353 305 329 444
internal_count=1126 682 353 305 329 444
cat_boundaries=0 1
cat_threshold=268
is_linear=0
shrinkage=0.03


Tree=345
num_leaves=7
num_cat=1
split_feature=10 2 3 7 7 9
split_gain=328.888 439.377 360.667 272.283 200.782 309.917
threshold=0 0.29000000000000009 12.500000000000002 0.69460723488885046 0.63669144552489076 390.00000000000006
decision_type=9 10 10 8 10 10
left_child=1 -1 -3 4 5 -2
right_child=3 2 -4 -5 -6 -7
leaf_value=0.078156557027646831 -0.022785388702970175 -0.046692456882050697 0.019630225984157 -0.040806502198983227 0.041954756890271984 0.038832856565713884
leaf_weight=74 295 74 323 194 66 76
leaf_count=74 295 74 323 194 66 76
internal_value=0.000995425 0.0193429 0.0054774 -0.0128804 0.00034719 -0.00866865
internal_weight=1102 471 397 631 437 371
internal_count=1102 471 397 631 437 371
cat_boundaries=0 1
cat_threshold=417
is_linear=0
shrinkage=0.03


Tree=346
num_leaves=7
num_cat=0
split_feature=8 3 7 7 1 4
split_gain=247.63 300.049 268.864 200.621 329.822 485.093
threshold=99.950000000000017 21.000000000000004 0.53893810991268631 0.79468486097633362 69.750000000000014 1.1137109379807753
decision_type=8 10 10 10 10 8
left_child=1 2 -1 4 -2 -6
right_child=3 -3 -4 -5 5 -7
leaf_value=-0.023299064364644788 -0.00020115878783519669 0.065220618656512061 0.04898080997169018 -0.062177652060661628 -0.10497612115572875 0.01009572362577593
leaf_weight=135 705 69 46 49 51 54
leaf_count=135 705 69 46 49 51 54
internal_value=-0.00506316 0.0200963 -0.00158518 -0.0127444 -0.0082555 -0.0531698
internal_weight=1109 250 181 859 810 105
internal_count=1109 250 181 859 810 105
is_linear=0
shrinkage=0.03


Tree=347
num_leaves=7
num_cat=1
split_feature=7 1 1 1 11 0
split_gain=289.924 535.542 587.314 543.554 430.598 425.879
threshold=0.49531790072656312 69.750000000000014 55.625000000000007 60.305000000000007 0 1.9375219456324897
decision_type=10 10 8 10 9 2
left_child=4 2 5 -4 -1 -2
right_child=1 -3 3 -5 -6 -7
leaf_value=-0.029964899569891207 -0.014781876692985309 -0.0617812085774328 0.14630501557141543 0.0059915250404314561 0.01867982953429493 0.063921013057950032
leaf_weight=497 223 50 42 46 214 63
leaf_count=497 223 50 42 46 214 63
internal_value=-0.00368702 0.0154394 0.0285274 0.088207 -0.0152854 0.00540342
internal_weight=1135 424 374 88 711 286
internal_count=1135 424 374 88 711 286
cat_boundaries=0 1
cat_threshold=326
is_linear=0
shrinkage=0.03


Tree=348
num_leaves=7
num_cat=0
split_feature=6 4 8 4 7 6
split_gain=342.487 197.471 229.151 259.856 136.995 5.98057
threshold=45.750000000000007 1.2235967714368938 99.950000000000017 1.060399351792656 0.32222463538099139 43.440000000000005
decision_type=8 10 8 10 8 10
left_child=5 2 4 -4 -2 -1
right_child=1 -3 3 -5 -6 -7
leaf_value=-0.053432468154573254 -0.0048429804318584494 0.050205180591344829 -0.00239840009671857 -0.062195255003155085 0.042807449212670323 -0.021281168217523187
leaf_weight=77 76 55 675 53 130 59
leaf_count=77 76 55 675 53 130 59
internal_value=-0.00303033 0.00336416 -0.000325944 -0.00837853 0.0260893 -0.0443857
internal_weight=1125 989 934 728 206 136
internal_count=1125 989 934 728 206 136
is_linear=0
shrinkage=0.03


Tree=349
num_leaves=7
num_cat=2
split_feature=10 11 3 0 3 8
split_gain=322.843 399.32 435.796 549.019 416.406 378.647
threshold=0 1 21.000000000000004 1.4560472302319762 42.500000000000007 97.40000000000002
decision_type=9 9 8 2 10 10
left_child=-1 2 3 -2 -4 -3
right_child=1 5 4 -5 -6 -7
leaf_value=0.044947151470474386 -0.04412977262865752 -0.010704449052137714 0.08301861123809981 0.052796270694718296 -0.018283057603679719 -0.087495793826304943
leaf_weight=101 124 647 109 63 41 45
leaf_count=101 124 647 109 63 41 45
internal_value=0.000489148 -0.0049722 0.0206036 -0.0092396 0.0560831 -0.0178492
internal_weight=1130 1029 337 187 150 692
internal_count=1130 1029 337 187 150 692
cat_boundaries=0 1 2
cat_threshold=133 131
is_linear=0
shrinkage=0.03


Tree=350
num_leaves=7
num_cat=0
split_feature=4 2 7 2 3 7
split_gain=172.89 271.7 301.765 374.156 294.236 231.089
threshold=1.2235967714368938 0.67500000000000016 0.50011913586783874 0.47500000000000003 26.000000000000004 0.77403486575004621
decision_type=10 8 8 10 10 10
left_child=1 2 3 -1 -3 -4
right_child=-2 4 5 -5 -6 -7
leaf_value=-0.044487642620007192 0.020933967101814343 -0.061644484423763905 0.023829868413667459 0.025122938453613852 0.011188381260393985 -0.030207072149284864
leaf_weight=205 183 134 377 84 64 68
leaf_count=205 183 134 377 84 64 68
internal_value=-0.00421016 -0.00954635 -0.000709149 -0.0237441 -0.0389607 0.0144994
internal_weight=1115 932 734 289 198 445
internal_count=1115 932 734 289 198 445
is_linear=0
shrinkage=0.03


Tree=351
num_leaves=7
num_cat=1
split_feature=0 6 10 6 6 0
split_gain=320.426 200.983 244.819 552.346 242.81 240.472
threshold=2.2576719465441908 89.40000000000002 0 50.420000000000009 88.540000000000006 1.3846886630380695
decision_type=2 10 9 8 8 2
left_child=1 2 3 -1 -4 -3
right_child=-2 5 4 -5 -6 -7
leaf_value=-0.017434460874443173 0.053363161433574766 -0.013045211351018842 -0.012592373602831575 0.056085600807916289 -0.060974500072927304 0.047895095677580685
leaf_weight=300 66 98 317 109 125 100
leaf_count=300 66 98 317 109 125 100
internal_value=-0.0023186 -0.00681089 -0.0131905 0.00363557 -0.0278494 0.0190279
internal_weight=1115 1049 851 409 442 198
internal_count=1115 1049 851 409 442 198
cat_boundaries=0 1
cat_threshold=261
is_linear=0
shrinkage=0.03


Tree=352
num_leaves=7
num_cat=1
split_feature=7 11 1 0 8 7
split_gain=217.528 472.684 657.675 552.632 216.573 140.277
threshold=0.77403486575004621 0 41.080000000000005 1.3846886630380695 97.40000000000002 0.52911203375329297
decision_type=10 9 8 2 10 8
left_child=1 2 3 -1 5 -3
right_child=-2 4 -4 -5 -6 -7
leaf_value=-0.058244170201676229 -0.042256841644143256 0.0083137970345607791 0.12352857433815502 0.059714279919862744 -0.049913989951213197 -0.017366374185925501
leaf_weight=50 84 521 47 53 70 276
leaf_count=50 84 521 47 53 70 276
internal_value=-0.000866359 0.00324351 0.047547 0.00180529 -0.00572457 -0.000713198
internal_weight=1101 1017 150 103 867 797
internal_count=1101 1017 150 103 867 797
cat_boundaries=0 1
cat_threshold=3
is_linear=0
shrinkage=0.03


Tree=353
num_leaves=7
num_cat=0
split_feature=1 1 8 5 9 2
split_gain=365.355 499.765 298.809 267.034 211.499 169.184
threshold=61.555000000000007 55.625000000000007 74.245000000000019 1.8331075756648409 461.00000000000006 0.41000000000000009
decision_type=10 10 10 8 8 8
left_child=1 2 5 4 -2 -1
right_child=3 -3 -4 -5 -6 -7
leaf_value=0.002604762460645926 -0.013133503898330358 0.080693864451899924 0.030165816717584368 0.00083217504219366956 -0.10274222974220047 -0.026704995899897398
leaf_weight=389 49 53 193 84 49 296
leaf_count=389 49 53 193 84 49 296
internal_value=-0.00251221 0.00526029 -0.000922174 -0.0391529 -0.0682663 -0.0103737
internal_weight=1113 931 878 182 98 685
internal_count=1113 931 878 182 98 685
is_linear=0
shrinkage=0.03


Tree=354
num_leaves=7
num_cat=1
split_feature=8 9 0 11 8 5
split_gain=321.548 349.114 373.228 251.86 233.906 37.0581
threshold=97.40000000000002 590.75000000000011 2.2576719465441908 0 74.245000000000019 0.63657877681581831
decision_type=8 10 2 9 10 10
left_child=4 2 3 -2 -1 -6
right_child=1 -3 -4 -5 5 -7
leaf_value=-0.010872413700717631 -0.051977774540132936 0.061876045180992642 0.054171451710556678 -0.0072388291277699227 0.021920364969968794 0.068430236849714721
leaf_weight=59 112 46 56 691 55 82
leaf_count=59 112 46 56 691 55 82
internal_value=0.0030025 -0.00469102 -0.00965075 -0.0153828 0.035949 0.0553115
internal_weight=1101 905 859 803 196 137
internal_count=1101 905 859 803 196 137
cat_boundaries=0 1
cat_threshold=37
is_linear=0
shrinkage=0.03


Tree=355
num_leaves=7
num_cat=1
split_feature=11 8 8 3 0 9
split_gain=645.36 993.501 647.738 445.743 172.886 165.948
threshold=0 95.550000000000011 1.0000000180025095e-35 32.500000000000007 1.1215190243431474 447.50000000000006
decision_type=9 10 10 8 2 8
left_child=1 4 3 -2 -1 -6
right_child=2 -3 -4 -5 5 -7
leaf_value=0.011413538620853033 -0.017153369262535124 -0.12727724503816626 0.083596407163852041 0.035543290385852806 0.0068210717002776533 -0.048131988621590766
leaf_weight=163 380 62 83 206 68 116
leaf_count=163 380 62 83 206 68 116
internal_value=-0.0039999 -0.0324231 0.0139941 0.00183405 -0.0101826 -0.0288515
internal_weight=1078 409 669 586 347 184
internal_count=1078 409 669 586 347 184
cat_boundaries=0 1
cat_threshold=268
is_linear=0
shrinkage=0.03


Tree=356
num_leaves=7
num_cat=0
split_feature=0 1 4 6 1 6
split_gain=279.139 456.2 397.953 328.8 539.094 281.774
threshold=1.3846886630380695 58.660000000000004 0.0040938286798763825 82.27000000000001 59.410000000000004 46.660000000000004
decision_type=2 10 8 8 10 8
left_child=1 5 -2 4 -4 -1
right_child=2 -3 3 -5 -6 -7
leaf_value=-0.071786178018213534 0.08787492063827812 0.037377961138903182 0.061860665347976761 -0.014515736953345772 -0.02159369231406915 -0.012939847780342555
leaf_weight=78 44 111 163 271 98 360
leaf_count=78 44 111 163 271 98 360
internal_value=0.00261719 -0.0124001 0.016967 0.0080224 0.0310051 -0.0262275
internal_weight=1125 549 576 532 261 438
internal_count=1125 549 576 532 261 438
is_linear=0
shrinkage=0.03


Tree=357
num_leaves=7
num_cat=1
split_feature=10 6 2 5 5 5
split_gain=368.2 347.578 319.062 550.804 252.375 71.7597
threshold=0 91.070000000000007 0.52500000000000013 0.73803938495525068 2.7090013766811398 0.79097551069181615
decision_type=9 8 8 8 8 8
left_child=-1 2 4 -4 -2 -3
right_child=1 5 3 -5 -6 -7
leaf_value=0.044365522263428339 -0.0036979892439080804 -0.011083090477325815 -0.014143300372220221 0.07910685759969055 -0.066147846030918042 -0.051556868263542763
leaf_weight=100 547 74 106 90 46 151
leaf_count=100 547 74 106 90 46 151
internal_value=-0.00330982 -0.00917706 0.000342621 0.0317579 -0.0106403 -0.0404818
internal_weight=1114 1014 789 196 593 225
internal_count=1114 1014 789 196 593 225
cat_boundaries=0 1
cat_threshold=37
is_linear=0
shrinkage=0.03


Tree=358
num_leaves=7
num_cat=0
split_feature=8 5 2 6 6 2
split_gain=287.253 321.258 404.946 276.14 168.52 315.072
threshold=96.350000000000009 1.682900394986907 0.29000000000000009 45.750000000000007 56.625000000000007 0.47500000000000003
decision_type=10 10 10 10 10 10
left_child=1 4 -3 -4 5 -1
right_child=-2 2 3 -5 -6 -7
leaf_value=-0.032468906997149827 -0.044205202543073224 0.098477702963520097 -0.029428470864610666 0.042436097292945937 0.0084708091282107694 0.044283180557191368
leaf_weight=246 88 51 70 84 524 40
leaf_count=246 88 51 70 84 524 40
internal_value=0.00232496 0.00719332 0.0389187 0.00979765 -0.00150797 -0.0193456
internal_weight=1103 1015 205 154 810 286
internal_count=1103 1015 205 154 810 286
is_linear=0
shrinkage=0.03


Tree=359
num_leaves=7
num_cat=0
split_feature=1 0 0 6 1 8
split_gain=388.987 505.226 438.471 702.664 655.602 309.955
threshold=61.555000000000007 1.3846886630380695 0.82048902867916607 82.27000000000001 41.080000000000005 92.995000000000019
decision_type=10 2 2 8 10 10
left_child=2 -2 -1 5 -5 -4
right_child=1 -3 3 4 -6 -7
leaf_value=-0.019725008908646192 0.015810032949774667 -0.07399178661837065 0.083055493200687974 0.014804887196589862 -0.08778654190627011 0.00994891192438533
leaf_weight=266 93 101 170 352 46 83
leaf_count=266 93 101 170 352 46 83
internal_value=0.00328113 -0.0332078 0.0116088 0.0247076 -0.000541851 0.0617776
internal_weight=1111 194 917 651 398 253
internal_count=1111 194 917 651 398 253
is_linear=0
shrinkage=0.03


Tree=360
num_leaves=7
num_cat=1
split_feature=10 6 1 1 5 6
split_gain=217.052 270.095 406.42 362.253 284.543 257.621
threshold=0 96.865000000000023 22.500000000000004 30.950000000000003 0.52600443247456574 49.82
decision_type=9 8 10 8 10 8
left_child=5 2 -2 -3 -4 -1
right_child=1 3 4 -5 -6 -7
leaf_value=0.0063243472730690562 0.039176060670946283 0.010917326427194512 -0.062057897194113393 -0.080328257836239494 -0.00062444745527603961 0.059497010608178538
leaf_weight=350 164 59 69 72 296 91
leaf_count=350 164 59 69 72 296 91
internal_value=0.00348293 -0.00730408 0.00249165 -0.0428327 -0.0150142 0.0191171
internal_weight=1101 660 529 131 365 441
internal_count=1101 660 529 131 365 441
cat_boundaries=0 1
cat_threshold=772
is_linear=0
shrinkage=0.03


Tree=361
num_leaves=7
num_cat=2
split_feature=11 1 2 5 4 10
split_gain=192.753 177.592 190.653 308.546 273.204 137.19
threshold=0 22.500000000000004 0.38000000000000006 2.0821288410021648 0.029412885282127481 1
decision_type=9 8 10 8 10 9
left_child=1 -1 4 -4 -3 -2
right_child=5 2 3 -5 -6 -7
leaf_value=0.02711493211862159 0.026949212951968383 -0.053977217242121692 -0.056997488977413781 0.013834686665130512 0.021345127876847982 -0.0021082549493063934
leaf_weight=53 189 40 193 64 136 425
leaf_count=53 189 40 193 64 136 425
internal_value=-0.00343315 -0.0170305 -0.023901 -0.0394164 0.000159219 0.00758171
internal_weight=1100 486 433 257 176 614
internal_count=1100 486 433 257 176 614
cat_boundaries=0 1 2
cat_threshold=269 257
is_linear=0
shrinkage=0.03


Tree=362
num_leaves=7
num_cat=1
split_feature=0 10 7 0 7 1
split_gain=222.085 307.113 442.095 491.168 423.157 283.95
threshold=0.23244339915132542 0 0.32962765416561374 1.7191920535173573 0.77403486575004621 30.950000000000003
decision_type=2 9 8 2 8 8
left_child=-1 2 -2 -4 -3 -6
right_child=1 4 3 -5 5 -7
leaf_value=-0.032640145043994338 -0.025553380994982011 0.0086348837246885031 0.067156758467086186 -0.012990934125313134 0 -0.079934426312402052
leaf_weight=118 91 467 219 87 70 77
leaf_count=118 91 467 219 87 70 77
internal_value=0.00308595 0.00786624 0.0274099 0.0447866 -0.00548745 -0.0467012
internal_weight=1129 1011 397 306 614 147
internal_count=1129 1011 397 306 614 147
cat_boundaries=0 1
cat_threshold=261
is_linear=0
shrinkage=0.03


Tree=363
num_leaves=7
num_cat=0
split_feature=0 7 7 8 1 8
split_gain=286.621 369.377 739.972 417.622 351.255 139.935
threshold=1.655009790242896 0.31894387102045269 0.37341423196935669 88.845000000000013 30.950000000000003 83.52500000000002
decision_type=2 8 8 10 8 10
left_child=1 -1 -3 -4 -2 -6
right_child=4 2 3 -5 5 -7
leaf_value=-0.057928646904525948 0.068348952101469032 0.084743733839555219 0.00051747071702124144 -0.074492883798480028 -0.0092426036111014406 0.040200302309133636
leaf_weight=82 105 68 595 55 167 51
leaf_count=82 105 68 595 55 167 51
internal_value=0.00520514 -0.00446341 0.00296575 -0.00777421 0.0281909 0.00447838
internal_weight=1123 800 718 650 323 218
internal_count=1123 800 718 650 323 218
is_linear=0
shrinkage=0.03


Tree=364
num_leaves=7
num_cat=1
split_feature=1 4 11 2 1 4
split_gain=294.034 447.666 342.884 397.474 885.571 474.989
threshold=69.750000000000014 1.1137109379807753 0 0.43500000000000005 29.875000000000004 1.3545969446957955
decision_type=10 8 9 8 10 8
left_child=2 -2 -1 5 -5 -4
right_child=1 -3 3 4 -6 -7
leaf_value=-0.012104129517647177 -0.084113177581139925 0.017619991279565369 0.072021185809708371 0.04874245552329913 -0.069574529344661046 -0.0035197994186926414
leaf_weight=511 68 58 176 95 93 116
leaf_count=511 68 58 176 95 93 116
internal_value=-0.00105102 -0.040874 0.00466131 0.0221979 -0.0105603 0.0435175
internal_weight=1117 126 991 480 188 292
internal_count=1117 126 991 480 188 292
cat_boundaries=0 1
cat_threshold=420
is_linear=0
shrinkage=0.03


Tree=365
num_leaves=7
num_cat=1
split_feature=5 4 6 1 4 10
split_gain=196.282 256.108 435.75 431.618 361.754 229.297
threshold=0.52600443247456574 1.060399351792656 51.732500000000009 69.235000000000014 1.1269183133585032 0
decision_type=8 8 8 8 8 9
left_child=-1 2 -2 -4 -3 -6
right_child=1 4 3 -5 5 -7
leaf_value=-0.03449598303812481 0.084719859888920418 -0.064940780216193469 0.01900459371595865 -0.063102360783035258 0.01601674235431674 -0.025332433193574606
leaf_weight=117 58 71 358 48 292 163
leaf_count=117 58 71 358 48 292 163
internal_value=-0.00076877 0.00376193 0.01963 0.00664971 -0.0103322 0.000438382
internal_weight=1107 990 464 406 526 455
internal_count=1107 990 464 406 526 455
cat_boundaries=0 1
cat_threshold=261
is_linear=0
shrinkage=0.03


Tree=366
num_leaves=7
num_cat=0
split_feature=0 3 1 1 4 7
split_gain=326.338 333.93 382.823 429.842 297.084 190.103
threshold=2.2576719465441908 32.500000000000007 25.250000000000004 64.760000000000005 1.1093381130440878 0.4626627407553256
decision_type=2 8 8 10 8 8
left_child=1 4 -3 -4 -1 -6
right_child=-2 2 3 -5 5 -7
leaf_value=0.00084068094165764455 0.055573640794589603 -0.035254866558825593 0.055326296195884549 -0.027291227358358879 -0.066406444690124258 -0.017293805379769763
leaf_weight=423 67 72 205 61 107 220
leaf_count=423 67 72 205 61 107 220
internal_value=-0.000325467 -0.00476293 0.0192022 0.0355868 -0.0158594 -0.0364384
internal_weight=1155 1088 338 266 750 327
internal_count=1155 1088 338 266 750 327
is_linear=0
shrinkage=0.03


Tree=367
num_leaves=7
num_cat=0
split_feature=2 8 0 5 8 2
split_gain=273.539 230.218 232.072 399.587 152.946 141.302
threshold=0.32750000000000007 99.600000000000009 1.3846886630380695 1.682900394986907 95.550000000000011 0.22000000000000003
decision_type=8 10 2 8 8 10
left_child=5 2 4 -4 -2 -1
right_child=1 -3 3 -5 -6 -7
leaf_value=0.011934915808114137 0.032698592124161895 -0.048888071857152444 0.0030550049157776187 0.060940570099635077 -0.012676759845775177 -0.041877686043182462
leaf_weight=46 61 42 282 158 361 161
leaf_count=46 61 42 282 158 361 161
internal_value=-0.000101188 0.00709709 0.0109397 0.0257175 -0.00479923 -0.0296571
internal_weight=1111 904 862 440 422 207
internal_count=1111 904 862 440 422 207
is_linear=0
shrinkage=0.03


Tree=368
num_leaves=7
num_cat=1
split_feature=11 3 2 0 9 4
split_gain=238.45 277.846 248.339 220.159 181.919 487.001
threshold=0 26.000000000000004 0.26000000000000006 1.3846886630380695 692.50000000000011 1.1269183133585032
decision_type=9 10 10 2 8 10
left_child=4 2 3 -2 -1 -6
right_child=1 -3 -4 -5 5 -7
leaf_value=0.0089271224007118968 0.0086538693063879669 -0.033737285041163877 0.0093853344350105904 0.095082051028376038 -0.053211143195453003 0.015238079564576901
leaf_weight=186 53 77 387 49 214 142
leaf_count=186 53 77 387 49 214 142
internal_value=-0.000145517 0.0130868 0.0218708 0.0594459 -0.0140277 -0.0263905
internal_weight=1108 566 489 102 542 356
internal_count=1108 566 489 102 542 356
cat_boundaries=0 1
cat_threshold=270
is_linear=0
shrinkage=0.03


Tree=369
num_leaves=7
num_cat=0
split_feature=8 9 0 4 1 9
split_gain=201.752 238.476 212.76 295.824 164.885 110.203
threshold=99.950000000000017 354.50000000000006 2.0191113191843595 0.02546996698790149 60.305000000000007 447.50000000000006
decision_type=8 8 2 8 10 8
left_child=5 4 3 -3 -2 -1
right_child=1 2 -4 -5 -6 -7
leaf_value=-0.011893348123716271 0.05089735715256001 -0.062330648750066754 0.030526173343391794 -0.0083050314621355582 -0.012177988670089028 0.033033750637209619
leaf_weight=49 84 92 75 564 46 212
leaf_count=49 84 92 75 564 46 212
internal_value=0.00199788 -0.00504155 -0.0118924 -0.0175905 0.0295305 0.0241395
internal_weight=1122 861 731 656 130 261
internal_count=1122 861 731 656 130 261
is_linear=0
shrinkage=0.03


Tree=370
num_leaves=7
num_cat=1
split_feature=6 4 8 0 9 10
split_gain=344.967 381.641 200.242 261.377 157.131 125.749
threshold=82.27000000000001 0.11246828732001236 92.995000000000019 0.39380107309116885 541.50000000000011 0
decision_type=8 10 10 2 8 9
left_child=2 5 3 -1 -5 -2
right_child=1 -3 -4 4 -6 -7
leaf_value=-0.028498098252257749 0.01795964924374531 -0.080500892437484164 -0.012306035813660575 0.0077673332555138553 0.052683504687980706 -0.014420989119296106
leaf_weight=47 115 53 136 118 206 406
leaf_count=47 115 53 136 118 206 406
internal_value=-0.00037304 -0.0160942 0.0172472 0.0283094 0.0379022 -0.0066976
internal_weight=1081 574 507 371 324 521
internal_count=1081 574 507 371 324 521
cat_boundaries=0 1
cat_threshold=293
is_linear=0
shrinkage=0.03


Tree=371
num_leaves=7
num_cat=1
split_feature=4 9 0 4 10 5
split_gain=330.477 484.181 715.649 330.75 303.39 332.865
threshold=1.202513823263488 590.75000000000011 0.82048902867916607 1.1093381130440878 0 0.5336329296957113
decision_type=10 8 2 10 9 10
left_child=3 -2 -3 4 -1 -6
right_child=1 2 -4 -5 5 -7
leaf_value=0.032549541548750047 -0.040830006733536719 -0.021165347038066551 0.10575839214231988 -0.053732760851889584 -0.032157042495559389 0.0095821217702805692
leaf_weight=179 40 53 89 93 286 374
leaf_count=179 40 53 89 93 286 374
internal_value=0.00183346 0.036697 0.0612506 -0.00553954 0.000859319 -0.00870246
internal_weight=1114 182 142 932 839 660
internal_count=1114 182 142 932 839 660
cat_boundaries=0 1
cat_threshold=261
is_linear=0
shrinkage=0.03


Tree=372
num_leaves=7
num_cat=0
split_feature=4 6 0 5 1 2
split_gain=326.965 618.71 350.702 198.464 518.066 192.708
threshold=1.1505486461802947 48.435000000000009 0.39380107309116885 1.8087431451228919 43.580000000000005 0.47500000000000003
decision_type=10 8 2 8 10 10
left_child=1 -1 -2 -3 -5 -4
right_child=2 3 5 4 -6 -7
leaf_value=-0.10433088137280373 -0.034612303187309852 0.0028123783578687324 0.064350592843530813 -0.0021094052734701792 -0.10028805813682612 0.00046318007742657383
leaf_weight=43 51 595 116 182 47 65
leaf_count=43 51 595 116 182 47 65
internal_value=-0.00505367 -0.0135836 0.0251332 -0.00641681 -0.0289373 0.0440351
internal_weight=1099 867 232 824 229 181
internal_count=1099 867 232 824 229 181
is_linear=0
shrinkage=0.03


Tree=373
num_leaves=7
num_cat=1
split_feature=4 7 4 9 11 9
split_gain=292.358 248.821 357.511 326.032 233.746 166.256
threshold=2.0262187158035938 0.43142313358752082 1.1093381130440878 260.45000000000005 0 395.00000000000006
decision_type=10 10 10 10 9 10
left_child=1 2 -1 4 -3 -5
right_child=-2 3 -4 5 -6 -7
leaf_value=0.0034576256113540301 0.070792970964985505 0.064528174694627516 -0.051143718168349964 -0.040130559078528798 0.013001583711422904 0.012804671964711613
leaf_weight=399 42 110 126 89 267 88
leaf_count=399 42 110 126 89 267 88
internal_value=0.00735759 0.0035904 -0.0109325 0.017359 0.0326333 -0.0148798
internal_weight=1121 1079 525 554 377 177
internal_count=1121 1079 525 554 377 177
cat_boundaries=0 1
cat_threshold=138
is_linear=0
shrinkage=0.03


Tree=374
num_leaves=7
num_cat=1
split_feature=4 4 11 1 2 1
split_gain=273.5 542.249 266.443 451.521 188.032 165.785
threshold=1.060399351792656 0.64259698634698648 0 29.425000000000004 0.52500000000000013 25.250000000000004
decision_type=10 10 9 8 8 8
left_child=1 2 3 -1 -2 -4
right_child=4 -3 5 -5 -6 -7
leaf_value=0.012823365407271517 -0.033995450330014526 0.079972807278475125 -0.02208960358452584 -0.067368904969096186 0.024605960902713591 0.01882484895819015
leaf_weight=115 273 63 92 105 43 432
leaf_count=115 273 63 92 105 43 432
internal_value=-0.00201917 0.00723408 -0.000779009 -0.0265198 -0.0248527 0.0107848
internal_weight=1123 807 744 220 316 524
internal_count=1123 807 744 220 316 524
cat_boundaries=0 1
cat_threshold=141
is_linear=0
shrinkage=0.03


Tree=375
num_leaves=7
num_cat=0
split_feature=2 1 1 1 9 2
split_gain=230.266 416.331 445.989 259.654 331.926 253.213
threshold=0.18000000000000002 61.555000000000007 58.660000000000004 38.250000000000007 398.00000000000006 0.32750000000000007
decision_type=10 10 10 10 8 10
left_child=3 2 5 4 -1 -2
right_child=1 -3 -4 -5 -6 -7
leaf_value=0.04596718395983472 -0.03435917696983054 -0.053606375938683157 0.074682358183077904 0.064811791489521667 -0.032058864438761797 0.0045491028592273917
leaf_weight=65 187 133 47 70 96 532
leaf_count=65 187 133 47 70 96 532
internal_value=-0.00144162 -0.00842144 0.000512052 0.0239898 0.000709295 -0.00614512
internal_weight=1130 899 766 231 161 719
internal_count=1130 899 766 231 161 719
is_linear=0
shrinkage=0.03


Tree=376
num_leaves=7
num_cat=2
split_feature=0 1 10 5 11 1
split_gain=359.256 159.623 212.733 448.682 151.779 432.137
threshold=2.2805506918245286 38.250000000000007 0 1.9130000566284133 1 59.410000000000004
decision_type=2 8 9 8 9 8
left_child=1 2 3 -1 5 -3
right_child=-2 4 -4 -5 -6 -7
leaf_value=-0.006340301956451677 0.059905524607747791 0.062776841706619027 0.011616746013774382 -0.083463792685005395 -0.010314433559898502 -0.0074160796801850922
leaf_weight=198 60 103 121 88 333 207
leaf_count=198 60 103 121 88 333 207
internal_value=-0.00137676 -0.00598896 -0.0202392 -0.0330895 0.00327898 0.0175827
internal_weight=1110 1050 407 286 643 310
internal_count=1110 1050 407 286 643 310
cat_boundaries=0 1 2
cat_threshold=262 74
is_linear=0
shrinkage=0.03


Tree=377
num_leaves=7
num_cat=3
split_feature=10 5 11 11 4 6
split_gain=141.86 255.053 310.663 157.786 248.293 238.738
threshold=0 0.5336329296957113 1 2 1.1420135310483051 45.750000000000007
decision_type=9 8 9 9 8 10
left_child=1 -1 -3 4 -2 -6
right_child=3 2 -4 -5 5 -7
leaf_value=-0.023828863457909653 -0.054439860606404739 0.054681154154879709 0.0049811056899753481 0.011536312959604448 -0.029827432519971178 0.0281055348295541
leaf_weight=120 107 145 366 201 110 106
leaf_count=120 107 145 366 201 110 106
internal_value=0.00308122 0.012414 0.0218488 -0.00816831 -0.0205386 -0.00117063
internal_weight=1155 631 511 524 323 216
internal_count=1155 631 511 524 323 216
cat_boundaries=0 1 2 3
cat_threshold=7 162 298
is_linear=0
shrinkage=0.03


Tree=378
num_leaves=7
num_cat=0
split_feature=1 0 1 4 5 8
split_gain=185.433 332.254 274.867 223.847 477.688 490.926
threshold=30.950000000000003 1.655009790242896 25.250000000000004 1.1836121657325849 1.5931665240216801 99.950000000000017
decision_type=10 2 8 10 8 8
left_child=1 2 -1 4 -2 -6
right_child=3 -3 -4 -5 5 -7
leaf_value=-0.03462003982410107 0.0056478024419412565 0.045953248711681743 0.014604784865967101 0.0159763224741627 0.016947458252931633 -0.082616145013383144
leaf_weight=144 221 149 250 153 52 142
leaf_count=144 221 149 250 153 52 142
internal_value=-0.00156222 0.0107135 -0.00404443 -0.0133649 -0.0245574 -0.0565589
internal_weight=1111 543 394 568 415 194
internal_count=1111 543 394 568 415 194
is_linear=0
shrinkage=0.03


Tree=379
num_leaves=7
num_cat=0
split_feature=1 6 1 6 3 6
split_gain=250.693 503.102 438.489 397.178 185.133 324.647
threshold=22.500000000000004 90.27500000000002 29.875000000000004 90.27500000000002 57.500000000000007 87.195000000000007
decision_type=10 10 10 10 8 8
left_child=3 4 -3 -1 -2 -6
right_child=1 2 -4 -5 5 -7
leaf_value=0.0038144374175267367 -0.006901492598578707 0.00054388024702506214 -0.11612051355082596 0.083482974767684931 -0.0053837023124474435 0.076527494690189615
leaf_weight=242 578 49 47 55 99 53
leaf_count=242 578 49 47 55 99 53
internal_value=0.000294675 -0.00818415 -0.0662289 0.0230934 0.000931672 0.0284061
internal_weight=1123 826 96 297 730 152
internal_count=1123 826 96 297 730 152
is_linear=0
shrinkage=0.03


Tree=380
num_leaves=7
num_cat=1
split_feature=0 10 4 5 4 5
split_gain=174.268 427.706 322.405 314.627 270.231 228.939
threshold=0.39380107309116885 0 1.202513823263488 0.773507600177609 1.0233383853693041 2.1987320185225978
decision_type=2 9 10 10 10 10
left_child=3 -2 4 -1 -3 -4
right_child=1 2 5 -5 -6 -7
leaf_value=0.023233505368132044 0.053321476436894513 -0.0021385016160835992 0.063726776698056389 -0.058760389342695195 -0.049976359487966047 -0.0074652048455008972
leaf_weight=54 115 633 82 87 109 59
leaf_count=54 115 633 82 87 109 59
internal_value=0.000958171 0.00557819 -0.00218293 -0.0280005 -0.0103719 0.0363378
internal_weight=1139 998 883 141 742 141
internal_count=1139 998 883 141 742 141
cat_boundaries=0 1
cat_threshold=13
is_linear=0
shrinkage=0.03


Tree=381
num_leaves=7
num_cat=0
split_feature=5 4 9 0 0 0
split_gain=276.245 175.016 178.356 168.581 111.013 25.6935
threshold=2.0853191369823878 0.023500873199108204 554.50000000000011 0.98605511420141545 1.3846886630380695 1.3846886630380695
decision_type=10 8 10 2 2 2
left_child=1 4 3 -3 -1 -2
right_child=5 2 -4 -5 -6 -7
leaf_value=-0.053055110995968179 -0.021269026161343962 0.015599449730427706 0.05074606367169994 -0.010297474423731285 0 -0.064942478597164149
leaf_weight=61 61 404 53 464 66 40
leaf_count=61 61 404 53 464 66 40
internal_value=-0.00400682 0.000875813 0.00566913 0.00176823 -0.0295189 -0.0469367
internal_weight=1149 1048 921 868 127 101
internal_count=1149 1048 921 868 127 101
is_linear=0
shrinkage=0.03


Tree=382
num_leaves=7
num_cat=1
split_feature=3 4 11 3 0 4
split_gain=236.454 310.607 288.135 597.418 335.322 286.451
threshold=32.500000000000007 0.11246828732001236 0 12.500000000000002 2.1505584229378152 1.060399351792656
decision_type=10 10 9 10 2 8
left_child=2 -2 3 -1 -4 -5
right_child=1 -3 4 5 -6 -7
leaf_value=0.080105931319621432 -0.0071893357009523446 0.080513354117994179 -0.02036294125723517 0.027880716747471265 0.047428875062111263 -0.03044319686225869
leaf_weight=86 61 57 598 120 54 145
leaf_count=86 61 57 598 120 54 145
internal_value=0.00343035 0.0402695 -0.00154757 0.0193475 -0.0132178 -0.00371869
internal_weight=1121 118 1003 351 652 265
internal_count=1121 118 1003 351 652 265
cat_boundaries=0 1
cat_threshold=66
is_linear=0
shrinkage=0.03


Tree=383
num_leaves=7
num_cat=0
split_feature=8 1 1 1 2 1
split_gain=245.285 240.526 285.62 234.945 260.028 191.359
threshold=99.600000000000009 57.820000000000007 60.305000000000007 22.500000000000004 0.32750000000000007 25.250000000000004
decision_type=10 8 8 10 10 10
left_child=1 3 -3 4 -1 -5
right_child=-2 2 -4 5 -6 -7
leaf_value=-0.02093499426074602 -0.05736347317695617 0.081379510063561603 0.010311620361988362 -0.059600886544212694 0.049265379484502533 -0.0081720068617312999
leaf_weight=61 43 44 305 57 104 524
leaf_count=61 43 44 305 57 104 524
internal_value=0.000176165 0.00347794 0.0233593 -0.00611184 0.0235307 -0.0151328
internal_weight=1138 1095 349 746 165 581
internal_count=1138 1095 349 746 165 581
is_linear=0
shrinkage=0.03


Tree=384
num_leaves=7
num_cat=0
split_feature=2 1 1 6 6 5
split_gain=228.347 182.404 278.642 178.524 175.827 449.395
threshold=0.32750000000000007 64.760000000000005 55.625000000000007 51.732500000000009 47.120000000000012 0.7664336390328802
decision_type=10 10 10 10 8 10
left_child=4 2 -2 -3 -1 -6
right_child=1 3 -4 -5 5 -7
leaf_value=0.025000630008966424 0.011369989456007021 0.011825559887658344 0.071228036265820263 -0.053531283398761467 -0.006558600924554325 -0.093993683579293164
leaf_weight=66 527 69 64 48 295 46
leaf_count=66 527 69 64 48 295 46
internal_value=0.00307965 0.0132897 0.0200696 -0.01845 -0.0143314 -0.0230735
internal_weight=1115 708 591 117 407 341
internal_count=1115 708 591 117 407 341
is_linear=0
shrinkage=0.03


Tree=385
num_leaves=7
num_cat=1
split_feature=1 6 0 6 1 11
split_gain=397.793 251.848 225.582 314.86 414.911 215.663
threshold=69.750000000000014 51.732500000000009 0.82048902867916607 46.660000000000004 29.950000000000003 0
decision_type=10 10 2 8 8 9
left_child=2 -2 3 -1 -5 -4
right_child=1 -3 5 4 -6 -7
leaf_value=-0.06766658366278365 -0.010454553562402725 -0.095516628957674141 -0.004575584419223221 -0.05076670791577087 0.029501554478992179 0.028459359077224508
leaf_weight=61 80 41 308 69 146 370
leaf_count=61 80 41 308 69 146 370
internal_value=-0.00206096 -0.0491629 0.00473842 -0.0172364 0.00135754 0.0140074
internal_weight=1075 121 954 276 215 678
internal_count=1075 121 954 276 215 678
cat_boundaries=0 1
cat_threshold=294
is_linear=0
shrinkage=0.03


Tree=386
num_leaves=7
num_cat=0
split_feature=9 1 2 1 7 5
split_gain=152.75 212.908 572.952 239.638 485.084 406.699
threshold=390.00000000000006 59.410000000000004 0.52500000000000013 29.950000000000003 0.5068821968240026 0.69454367506728654
decision_type=10 10 8 10 8 10
left_child=1 3 -3 5 -5 -1
right_child=-2 2 -4 4 -6 -7
leaf_value=0.0085488298278954995 0.025723407612009842 -0.067568115541531179 0.04285599725459939 -0.0091069067510274743 0.052066182347221511 -0.05916294008712935
leaf_weight=231 211 104 47 240 196 98
leaf_count=231 211 104 47 240 196 98
internal_value=0.00390413 -0.00150007 -0.0318544 0.00507392 0.0193388 -0.0136833
internal_weight=1127 916 151 765 436 329
internal_count=1127 916 151 765 436 329
is_linear=0
shrinkage=0.03


Tree=387
num_leaves=7
num_cat=2
split_feature=10 11 4 6 4 6
split_gain=307.321 372.716 440.303 357.476 346.662 339.98
threshold=0 1 1.1505486461802947 44.75500000000001 1.060399351792656 49.82
decision_type=9 9 8 8 10 10
left_child=1 -1 4 -4 -3 -2
right_child=5 2 3 -5 -6 -7
leaf_value=0.061170176636841558 -0.055603382716984 0.0028968153553906566 -0.021468683186004745 0.048998174631361212 -0.093815263204631349 -0.0020597143949572221
leaf_weight=105 114 66 86 158 43 546
leaf_count=105 114 66 86 158 43 546
internal_value=0.000268964 0.0185302 0.00189232 0.0241894 -0.0434204 -0.0125749
internal_weight=1118 458 353 244 109 660
internal_count=1118 458 353 244 109 660
cat_boundaries=0 1 2
cat_threshold=261 192
is_linear=0
shrinkage=0.03


Tree=388
num_leaves=7
num_cat=0
split_feature=0 2 0 4 8 7
split_gain=314.973 363.603 433.213 387.183 282.514 241.454
threshold=2.2576719465441908 0.18000000000000002 1.3846886630380695 0.16642738394522519 86.945000000000007 0.69460723488885046
decision_type=2 10 2 8 8 10
left_child=1 2 -1 -4 -3 -6
right_child=-2 4 3 -5 5 -7
leaf_value=-0.0095125127961958635 0.056656204216581366 0.040811118707515116 0.00011855382294881912 0.11627742510774861 -0.011073841845600979 -0.061583751466604747
leaf_weight=111 64 62 43 49 691 81
leaf_count=111 64 62 43 49 691 81
internal_value=0.000710655 -0.00369203 0.0304236 0.0722376 -0.0125842 -0.0178705
internal_weight=1101 1037 203 92 834 772
internal_count=1101 1037 203 92 834 772
is_linear=0
shrinkage=0.03


Tree=389
num_leaves=7
num_cat=0
split_feature=4 4 3 4 6 7
split_gain=156.392 741.474 172.759 239.532 102.405 88.4588
threshold=1.060399351792656 0.64259698634698648 21.000000000000004 0.088535723003455788 85.125000000000014 0.31894387102045269
decision_type=8 10 10 10 10 8
left_child=1 2 3 -1 -4 -2
right_child=5 -3 4 -5 -6 -7
leaf_value=-0.0016810334085724872 -0.048813353776931759 0.092217909548845553 0.035346231325047793 -0.056522350676574754 -0.0039978737300978258 -0.0095508293633223967
leaf_weight=248 42 61 96 83 110 493
leaf_count=248 42 61 96 83 110 493
internal_value=-0.00283455 0.00753685 -0.00494054 -0.0180408 0.0155772 -0.0143892
internal_weight=1133 598 537 331 206 535
internal_count=1133 598 537 331 206 535
is_linear=0
shrinkage=0.03


Tree=390
num_leaves=7
num_cat=2
split_feature=2 11 4 5 11 6
split_gain=311.74 430.852 379.7 370.201 280.335 233.576
threshold=0.32750000000000007 0 1.060399351792656 0.8097465215882228 1 48.435000000000009
decision_type=10 9 8 10 9 8
left_child=4 -2 3 -3 -1 -4
right_child=1 2 5 -5 -6 -7
leaf_value=-0.00010989700253544883 -0.00042022108732732118 0.026264218399111104 0.041999917749781158 0.13217072502426477 -0.052335094168109997 -0.038415815330703151
leaf_weight=322 489 78 44 49 103 46
leaf_count=322 489 78 44 49 103 46
internal_value=0.00391736 0.0160167 0.0482033 0.079957 -0.0158635 0.000841372
internal_weight=1131 706 217 127 425 90
internal_count=1131 706 217 127 425 90
cat_boundaries=0 1 2
cat_threshold=480 320
is_linear=0
shrinkage=0.03


Tree=391
num_leaves=7
num_cat=1
split_feature=10 7 4 0 8 7
split_gain=199.232 445.075 270.331 319.335 284.284 167.193
threshold=0 0.69460723488885046 1.1505486461802947 0.23244339915132542 99.950000000000017 0.63669144552489076
decision_type=9 8 8 2 8 10
left_child=2 5 4 -4 -1 -2
right_child=1 -3 3 -5 -6 -7
leaf_value=0.035877001315355303 -0.0086440253351425193 -0.055033921063804496 -0.038976070157119201 0.036480162309275734 -0.043127614507106594 0.036104165586837371
leaf_weight=40 410 171 43 277 119 71
leaf_count=40 410 171 43 277 119 71
internal_value=-0.00556554 -0.0160454 0.00879567 0.024468 -0.0211292 -0.000741421
internal_weight=1131 652 479 320 159 481
internal_count=1131 652 479 320 159 481
cat_boundaries=0 1
cat_threshold=293
is_linear=0
shrinkage=0.03


Tree=392
num_leaves=7
num_cat=1
split_feature=10 1 2 0 0 9
split_gain=287.757 317.219 253.329 312.457 196.543 177.063
threshold=0 22.500000000000004 0.38000000000000006 2.0191113191843595 1.9375219456324897 164.50000000000003
decision_type=9 10 8 2 2 10
left_child=-1 4 5 -4 -2 -3
right_child=1 2 3 -5 -6 -7
leaf_value=0.040131968066546342 0.0058272934057749812 0.031797633987665171 -0.035210087317453752 0.027522100362588058 0.061280226108913372 -0.01978208604443929
leaf_weight=119 220 130 446 68 62 81
leaf_count=119 220 130 446 68 62 81
internal_value=0.00114214 -0.00444626 -0.0149722 -0.0260786 0.0214686 0.0117388
internal_weight=1126 1007 725 514 282 211
internal_count=1126 1007 725 514 282 211
cat_boundaries=0 1
cat_threshold=165
is_linear=0
shrinkage=0.03


Tree=393
num_leaves=7
num_cat=0
split_feature=6 0 0 2 2 9
split_gain=108.739 242.959 226.647 201.297 336.037 139.327
threshold=88.990000000000023 2.0191113191843595 1.9566419508802095 0.41000000000000009 0.35500000000000004 590.75000000000011
decision_type=8 2 2 8 10 10
left_child=1 5 3 4 -2 -1
right_child=2 -3 -4 -5 -6 -7
leaf_value=-0.017637837945193149 0.0066999036885602905 0.036702527315779158 -0.038364009831262667 -0.0054845869697682141 0.084366079952274825 0.030620594091713429
leaf_weight=602 128 79 49 142 69 40
leaf_count=602 128 79 49 142 69 40
internal_value=-0.000367938 -0.00726039 0.0120209 0.0212024 0.0394478 -0.0137062
internal_weight=1109 721 388 339 197 642
internal_count=1109 721 388 339 197 642
is_linear=0
shrinkage=0.03


Tree=394
num_leaves=7
num_cat=2
split_feature=1 11 7 11 7 4
split_gain=245.775 246.053 452.17 166.447 274.329 274.163
threshold=22.500000000000004 0 0.69460723488885046 1 0.40825952502781776 0.64259698634698648
decision_type=10 9 8 9 10 10
left_child=1 -1 -3 5 -5 -2
right_child=3 2 -4 4 -6 -7
leaf_value=-0.014897247905633886 -0.074826511683219923 0.077183916028273306 -0.0086351096724038533 0.020209308577934279 -0.019100416444951206 0.0064499840795993798
leaf_weight=117 74 98 95 220 458 55
leaf_count=117 74 98 95 220 458 55
internal_value=-0.00431393 0.0175902 0.0361196 -0.0130226 -0.00596012 -0.0408173
internal_weight=1117 310 193 807 678 129
internal_count=1117 310 193 807 678 129
cat_boundaries=0 1 2
cat_threshold=292 3
is_linear=0
shrinkage=0.03


Tree=395
num_leaves=7
num_cat=0
split_feature=4 6 7 2 0 7
split_gain=181.001 287.43 168.595 421.391 421.981 283.424
threshold=1.2235967714368938 45.300000000000004 0.49531790072656312 0.41000000000000009 1.1215190243431474 0.69460723488885046
decision_type=10 8 8 8 2 8
left_child=2 -2 3 4 -1 -4
right_child=1 -3 5 -5 -6 -7
leaf_value=0.0031446345869538396 0.001473681287386933 0.076173565506935118 0.030758372607308064 0.0077961502398829902 -0.09322779239787321 -0.011039464898407458
leaf_weight=66 128 55 257 244 78 290
leaf_count=66 128 55 257 244 78 290
internal_value=0.00381481 0.0295129 -0.00166478 -0.0163914 -0.0536944 0.00888507
internal_weight=1118 183 935 388 144 547
internal_count=1118 183 935 388 144 547
is_linear=0
shrinkage=0.03


Tree=396
num_leaves=7
num_cat=0
split_feature=5 0 9 3 0 5
split_gain=324.745 1031.52 569.437 203.066 184.369 213.019
threshold=1.7169829547076796 0.82048902867916607 590.75000000000011 57.500000000000007 2.2805506918245286 1.6272729315368084
decision_type=10 2 8 10 2 10
left_child=3 -2 -3 4 5 -1
right_child=1 2 -4 -5 -6 -7
leaf_value=0.00068533257040425939 -0.032285386426695463 0.0082716000612292964 0.12343737104764352 0.04845086516767013 0.046175189334351344 -0.046415619941597631
leaf_weight=658 96 64 97 62 48 79
leaf_count=658 96 64 97 62 48 79
internal_value=0.0128953 0.0411259 0.0839613 0.0035091 -0.00108146 -0.00537713
internal_weight=1104 257 161 847 785 737
internal_count=1104 257 161 847 785 737
is_linear=0
shrinkage=0.03


Tree=397
num_leaves=6
num_cat=0
split_feature=6 0 3 5 9
split_gain=243.581 200.315 261.524 625.347 179.532
threshold=41.480000000000011 2.2576719465441908 47.500000000000007 1.7169829547076796 553.00000000000011
decision_type=8 2 8 10 10
left_child=-1 2 4 -4 -2
right_child=1 -3 3 -5 -6
leaf_value=-0.04211370569046425 -0.0095190006878083499 0.051696075545003016 0.0052427456640659576 0.11139826512895525 0.042996876742690801
leaf_weight=72 668 70 244 44 44
leaf_count=72 668 70 244 44 44
internal_value=0.00478011 0.00870546 0.00468265 0.0278363 -0.00510556
internal_weight=1142 1070 1000 288 712
internal_count=1142 1070 1000 288 712
is_linear=0
shrinkage=0.03


Tree=398
num_leaves=7
num_cat=1
split_feature=1 1 4 10 5 1
split_gain=114.371 183.939 183.012 112.776 349.632 174.498
threshold=64.760000000000005 57.820000000000007 1.202513823263488 0 1.0978296939156404 12.500000000000002
decision_type=10 10 8 9 10 10
left_child=1 3 -2 4 -1 -5
right_child=2 -3 -4 5 -6 -7
leaf_value=-0.0041595528331101654 -0.050603826126536806 0.045612787933399276 0.0096557782572858474 0.028774102397940374 0.066796973870253906 -0.02522009828780266
leaf_weight=500 91 52 65 46 51 313
leaf_count=500 91 52 65 46 51 313
internal_value=-0.00466762 -0.000524912 -0.0269107 -0.00415009 0.00433669 -0.0165532
internal_weight=1118 962 156 910 551 359
internal_count=1118 962 156 910 551 359
cat_boundaries=0 1
cat_threshold=39
is_linear=0
shrinkage=0.03


Tree=399
num_leaves=7
num_cat=2
split_feature=11 1 8 5 1 10
split_gain=142.147 323.602 255.951 200.558 199.948 151.098
threshold=0 69.750000000000014 65.700000000000017 1.8331075756648409 58.660000000000004 1
decision_type=9 10 10 8 10 9
left_child=2 4 -1 -3 5 -2
right_child=1 3 -4 -5 -6 -7
leaf_value=-0.030074216907688727 -0.0062254723941441619 -0.071388500320414688 0.035208929488840308 0.0062296602549031374 0.05440239515351622 0.022029133089307144
leaf_weight=250 342 52 49 44 75 289
leaf_count=250 342 52 49 44 75 289
internal_value=-0.000385594 0.00617593 -0.0171144 -0.0403558 0.0136083 0.00714503
internal_weight=1101 802 299 96 706 631
internal_count=1101 802 299 96 706 631
cat_boundaries=0 1 2
cat_threshold=134 130
is_linear=0
shrinkage=0.03


Tree=400
num_leaves=7
num_cat=2
split_feature=11 8 10 1 8 2
split_gain=283.198 394.305 292.872 441.321 288.735 244.841
threshold=0 99.950000000000017 1 34.300000000000004 97.40000000000002 0.18000000000000002
decision_type=9 8 9 10 10 10
left_child=2 -2 -1 -4 -5 -3
right_child=1 5 3 4 -6 -7
leaf_value=0.011795446723372452 0.073979316339377432 0.040112200110459961 -0.090349502836523404 0.013631613825010248 -0.06098994893294115 -0.0037658960256383668
leaf_weight=212 73 131 68 146 45 454
leaf_count=212 73 131 68 146 45 454
internal_value=0.00378958 0.0162093 -0.0134486 -0.0333988 -0.00777962 0.00696183
internal_weight=1129 658 471 259 191 585
internal_count=1129 658 471 259 191 585
cat_boundaries=0 1 2
cat_threshold=300 7
is_linear=0
shrinkage=0.03


Tree=401
num_leaves=7
num_cat=1
split_feature=10 3 2 9 3 3
split_gain=236.912 261.013 442.739 198.916 445.916 249.146
threshold=0 26.000000000000004 0.38000000000000006 390.00000000000006 65.000000000000014 21.000000000000004
decision_type=9 8 10 10 8 8
left_child=1 -1 -3 4 -2 -5
right_child=3 2 -4 5 -6 -7
leaf_value=0.0062605160155813529 0.0019811549056557159 0.10216411022096872 -0.0059703604715901446 -0.017738502938300371 -0.056477174684998528 0.066407843087400706
leaf_weight=306 454 60 54 44 137 50
leaf_count=306 454 60 54 44 137 50
internal_value=0.00476239 0.0217161 0.0572487 -0.0060903 -0.012877 0.030292
internal_weight=1105 420 114 685 591 94
internal_count=1105 420 114 685 591 94
cat_boundaries=0 1
cat_threshold=260
is_linear=0
shrinkage=0.03


Tree=402
num_leaves=7
num_cat=0
split_feature=5 2 8 2 5 6
split_gain=379.727 573.225 231.239 129.337 318.624 286.771
threshold=1.682900394986907 0.38000000000000006 99.950000000000017 0.47500000000000003 1.5931665240216801 86.915000000000006
decision_type=10 10 8 10 10 8
left_child=3 -2 -3 4 -1 -5
right_child=1 2 -4 5 -6 -7
leaf_value=0.00077031184700296221 0.09774558615503888 0.041178602917994162 -0.020280742649698542 0.056787936918810004 -0.061318001252199918 -0.014534337878641154
leaf_weight=631 79 78 106 80 64 88
leaf_count=631 79 78 106 80 64 88
internal_value=0.00926421 0.0394238 0.00696142 -0.000543776 -0.00641852 0.0215377
internal_weight=1126 263 184 863 695 168
internal_count=1126 263 184 863 695 168
is_linear=0
shrinkage=0.03


Tree=403
num_leaves=7
num_cat=0
split_feature=7 5 6 8 6 2
split_gain=412.173 204.685 216.409 300.706 190.118 367.603
threshold=0.77403486575004621 1.682900394986907 45.750000000000007 95.550000000000011 88.990000000000023 0.47500000000000003
decision_type=10 10 10 10 10 10
left_child=1 4 -3 -4 5 -1
right_child=-2 2 3 -5 -6 -7
leaf_value=-0.025023478112173276 -0.061878704346259521 -0.0093359494844499312 0.074360055226101493 -0.0098427814077323584 0.018249880703120697 0.033393425172617452
leaf_weight=526 86 97 87 51 185 99
leaf_count=526 86 97 87 51 185 99
internal_value=-0.00550959 0.000147987 0.0237074 0.045555 -0.00702142 -0.0149287
internal_weight=1131 1045 235 138 810 625
internal_count=1131 1045 235 138 810 625
is_linear=0
shrinkage=0.03


Tree=404
num_leaves=7
num_cat=0
split_feature=0 4 4 4 1 7
split_gain=196.327 315.189 425.571 368.373 210.585 201.501
threshold=0.39380107309116885 1.202513823263488 1.060399351792656 0.64259698634698648 66.835000000000022 0.40217167810860682
decision_type=2 10 10 10 10 10
left_child=5 2 3 -2 -3 -1
right_child=1 4 -4 -5 -6 -7
leaf_value=0.0067800057359039788 0.0016656991153878649 0.067052143454050819 -0.050960057310519676 0.07078119344078003 -0.0056775560871912874 -0.055481373834355904
leaf_weight=80 659 99 104 58 45 77
leaf_count=80 659 99 104 58 45 77
internal_value=0.00283657 0.00806402 0.000395833 0.00910711 0.0460376 -0.0262356
internal_weight=1122 965 821 717 144 157
internal_count=1122 965 821 717 144 157
is_linear=0
shrinkage=0.03


Tree=405
num_leaves=7
num_cat=2
split_feature=5 11 8 10 1 5
split_gain=322.951 227.794 284.906 210.485 203.969 103.691
threshold=2.4544305703078613 0 99.600000000000009 1 22.500000000000004 1.9711401003805678
decision_type=10 9 8 9 8 10
left_child=1 4 -3 -4 -1 -6
right_child=-2 2 3 -5 5 -7
leaf_value=0.031987597003268697 -0.057021256967031572 0.065863629902712995 -0.0091476625486200461 0.027498614058162257 -0.03117646593388311 0.0048775796288425474
leaf_weight=52 74 60 347 196 296 83
leaf_count=52 74 60 347 196 296 83
internal_value=-0.00376875 0.000995107 0.0126937 0.00480643 -0.0150244 -0.0232816
internal_weight=1108 1034 603 543 431 379
internal_count=1108 1034 603 543 431 379
cat_boundaries=0 1 2
cat_threshold=269 138
is_linear=0
shrinkage=0.03


Tree=406
num_leaves=7
num_cat=0
split_feature=6 4 4 1 1 6
split_gain=227.992 316.673 347.626 320.642 203.936 430.375
threshold=45.750000000000007 0.64259698634698648 1.060399351792656 22.500000000000004 19.200000000000003 90.00500000000001
decision_type=10 8 8 10 8 10
left_child=-1 4 -3 -4 -2 -6
right_child=1 2 3 -5 5 -7
leaf_value=-0.020609923752791741 0.044405126308449186 0.086604081937629307 0.06749681092579575 -0.0084337611500308919 0.0029687277200864627 -0.064346230251545261
leaf_weight=320 45 61 48 173 370 90
leaf_count=320 45 61 48 173 370 90
internal_value=0 0.00867788 0.0330364 0.0120418 -0.00555038 -0.0122089
internal_weight=1107 787 282 221 505 460
internal_count=1107 787 282 221 505 460
is_linear=0
shrinkage=0.03


Tree=407
num_leaves=7
num_cat=0
split_feature=0 7 7 8 4 9
split_gain=230.15 323.954 241.697 290.897 228.522 415.716
threshold=1.4560472302319762 0.31894387102045269 0.37585703297895939 88.845000000000013 0.0012478300954554256 553.00000000000011
decision_type=2 8 8 10 10 8
left_child=1 -1 -3 -4 -2 -6
right_child=4 2 3 -5 5 -7
leaf_value=-0.052557355858958689 -0.019009218516595223 0.045499243243700922 0.0042422794412498768 -0.058605105945467945 -0.0072593771260822323 0.067111508355642835
leaf_weight=84 65 88 547 55 103 153
leaf_count=84 65 88 547 55 103 153
internal_value=0.00577538 -0.00312602 0.00411818 -0.00310291 0.026339 0.0386137
internal_weight=1095 774 690 602 321 256
internal_count=1095 774 690 602 321 256
is_linear=0
shrinkage=0.03


Tree=408
num_leaves=7
num_cat=0
split_feature=5 7 4 2 5 0
split_gain=355.951 192.999 270.715 253.218 133.264 77.2681
threshold=2.1987320185225978 0.81352573832784925 0.0013848029328714141 1.0000000180025095e-35 1.9711401003805678 1.1215190243431474
decision_type=10 8 10 10 10 2
left_child=1 2 -1 -3 -4 -2
right_child=5 3 4 -5 -6 -7
leaf_value=-0.064101981204003095 -0.015202472105267499 -0.02035575358913495 -0.0042355867470633933 0.047112421448219498 0.034098201289788174 -0.079660407578358877
leaf_weight=44 43 58 703 139 72 41
leaf_count=44 43 58 703 139 72 41
internal_value=-0.00362655 0.00169431 -0.00480074 0.0269268 1.84972e-05 -0.05651
internal_weight=1100 1016 819 197 775 84
internal_count=1100 1016 819 197 775 84
is_linear=0
shrinkage=0.03


Tree=409
num_leaves=7
num_cat=1
split_feature=3 6 4 11 9 1
split_gain=206.306 391.858 343.732 226.309 218.534 203.296
threshold=47.500000000000007 51.732500000000009 1.1093381130440878 0 367.00000000000006 29.950000000000003
decision_type=8 8 8 9 10 10
left_child=2 -2 -1 5 -3 -4
right_child=1 4 3 -5 -6 -7
leaf_value=0.013811081983383346 0.078439064639937744 -0.0085654064826920385 -0.00086590078405358569 -0.0024435813561210344 0.054879924001232268 -0.078339953862417197
leaf_weight=457 71 210 46 202 42 84
leaf_count=457 71 210 46 202 42 84
internal_value=0.00553616 0.0249868 -0.00277321 -0.0252597 0.005046 -0.0516532
internal_weight=1112 323 789 332 252 130
internal_count=1112 323 789 332 252 130
cat_boundaries=0 1
cat_threshold=66
is_linear=0
shrinkage=0.03


Tree=410
num_leaves=7
num_cat=2
split_feature=10 3 11 4 2 2
split_gain=237.727 420.743 208.82 322.698 472.851 266.674
threshold=0 26.000000000000004 1 1.060399351792656 0.35500000000000004 0.52500000000000013
decision_type=9 8 9 8 10 8
left_child=2 -2 5 4 -4 -1
right_child=1 -3 3 -5 -6 -7
leaf_value=-0.024449876179456504 0.01058725127869326 -0.084788015195552041 0.0037134851683985511 -0.0075419376244575806 0.089577745225244351 0.019667569835980732
leaf_weight=377 72 65 139 241 83 160
leaf_count=377 72 65 139 241 83 160
internal_value=-0.00382963 -0.0369638 0.00163308 0.0159199 0.0408139 -0.0107697
internal_weight=1137 137 1000 463 222 537
internal_count=1137 137 1000 463 222 537
cat_boundaries=0 1 2
cat_threshold=263 416
is_linear=0
shrinkage=0.03


Tree=411
num_leaves=7
num_cat=1
split_feature=1 7 1 11 1 1
split_gain=186.787 191.19 550.814 254.45 471.987 275.072
threshold=19.700000000000003 0.67114841774255052 30.950000000000003 0 43.580000000000005 69.750000000000014
decision_type=8 8 8 9 10 10
left_child=-1 3 -3 5 -5 -2
right_child=1 2 -4 4 -6 -7
leaf_value=0.044176931684028684 0.0025020587521294752 0.024381305660036476 -0.057914781258386727 -0.011236720155432539 0.062249248481423755 -0.053458729865960772
leaf_weight=65 430 112 150 139 144 76
leaf_count=65 430 112 150 139 144 76
internal_value=0.00135914 -0.00200845 -0.0232879 0.00538458 0.0267164 -0.00736215
internal_weight=1116 1051 262 789 283 506
internal_count=1116 1051 262 789 283 506
cat_boundaries=0 1
cat_threshold=352
is_linear=0
shrinkage=0.03


Tree=412
num_leaves=7
num_cat=1
split_feature=7 10 5 8 5 5
split_gain=202.528 136.427 124.017 285.938 190.293 61.1595
threshold=0.25598301222499797 0 1.6272729315368084 74.245000000000019 1.7214879011031492 0.40154692882601289
decision_type=8 9 10 10 10 10
left_child=-1 5 3 -3 -4 -2
right_child=1 2 4 -5 -6 -7
leaf_value=-0.05088791661505257 0.054321991863350072 0.00049096291594232411 -0.042529369227501536 0.057332838427635931 0.0027027924483778274 0.0060138228272690487
leaf_weight=42 52 573 109 73 226 48
leaf_count=42 52 573 109 73 226 48
internal_value=0.00182569 0.00481546 0.000852318 0.00853318 -0.0134124 0.0336933
internal_weight=1123 1081 981 646 335 100
internal_count=1123 1081 981 646 335 100
cat_boundaries=0 1
cat_threshold=37
is_linear=0
shrinkage=0.03


Tree=413
num_leaves=7
num_cat=0
split_feature=1 1 1 7 7 5
split_gain=304.18 402.24 246.882 463.657 198.711 90.773
threshold=60.305000000000007 55.625000000000007 22.500000000000004 0.46086390488601386 0.37341423196935669 1.8331075756648409
decision_type=10 10 10 10 8 8
left_child=1 2 3 -1 -4 -2
right_child=5 -3 4 -5 -6 -7
leaf_value=-0.0045924136022499982 -0.055427303554209981 0.075646592837113599 -0.048595668670574299 0.071140050379875697 -0.0043229158545878086 -0.0092825851689225854
leaf_weight=221 93 45 94 86 503 78
leaf_count=221 93 45 94 86 503 78
internal_value=-0.00328304 0.00354005 -0.00154407 0.0194926 -0.0127403 -0.037869
internal_weight=1120 949 904 307 597 171
internal_count=1120 949 904 307 597 171
is_linear=0
shrinkage=0.03


Tree=414
num_leaves=7
num_cat=1
split_feature=11 8 8 7 5 4
split_gain=216.991 504.366 414.079 228.403 469.586 135.388
threshold=0 97.40000000000002 99.950000000000017 0.79468486097633362 1.682900394986907 1.3106148416865515
decision_type=9 10 8 10 10 10
left_child=1 5 -2 4 -4 -1
right_child=2 -3 3 -5 -6 -7
leaf_value=0.0076407134898934231 0.072287560439097773 -0.092314954740660524 -0.00059858625847322071 -0.047977838233551555 0.075787881123168116 -0.033444141146655261
leaf_weight=328 73 43 513 48 64 71
leaf_count=328 73 43 513 48 64 71
internal_value=0.0027475 -0.0131362 0.0129772 0.00413123 0.0100287 -0.00077434
internal_weight=1140 442 698 625 577 399
internal_count=1140 442 698 625 577 399
cat_boundaries=0 1
cat_threshold=268
is_linear=0
shrinkage=0.03


Tree=415
num_leaves=7
num_cat=1
split_feature=0 7 10 7 0 4
split_gain=209.361 164.124 184.905 352.351 284.842 166.801
threshold=2.2805506918245286 0.31894387102045269 0 0.69460723488885046 1.7631696386949223 0.14394736858653298
decision_type=2 8 9 8 2 10
left_child=1 5 4 -4 -3 -1
right_child=-2 2 3 -5 -6 -7
leaf_value=0.0046762212568095748 0.048560268155166078 0.031616411967102638 0.0092521574212471019 -0.038529796788442726 -0.026621924570202828 -0.064786571768276832
leaf_weight=50 64 314 380 193 80 48
leaf_count=50 64 314 380 193 80 48
internal_value=0.00295267 -0.00057737 0.00337559 -0.00737311 0.0184851 -0.0340521
internal_weight=1129 1065 967 573 394 98
internal_count=1129 1065 967 573 394 98
cat_boundaries=0 1
cat_threshold=261
is_linear=0
shrinkage=0.03


Tree=416
num_leaves=7
num_cat=0
split_feature=1 0 1 0 3 3
split_gain=193.284 561.087 328.594 211.188 282.257 66.5304
threshold=60.305000000000007 1.3846886630380695 55.625000000000007 2.2805506918245286 39.000000000000007 24.000000000000004
decision_type=10 2 10 2 8 8
left_child=2 5 3 4 -1 -2
right_child=1 -3 -4 -5 -6 -7
leaf_value=-0.014446796804910072 0.046779657143061273 -0.06983973188779484 0.072259438564734796 0.049314575840375928 0.021384908606885508 -3.2725976063654971e-06
leaf_weight=588 41 97 43 56 273 45
leaf_count=588 41 97 43 56 273 45
internal_value=0.000399377 -0.0261966 0.00596161 0.00131274 -0.00278987 0.0263523
internal_weight=1143 183 960 917 861 86
internal_count=1143 183 960 917 861 86
is_linear=0
shrinkage=0.03


Tree=417
num_leaves=7
num_cat=1
split_feature=11 8 5 5 4 1
split_gain=379.286 590.208 514.775 563.812 521.771 240.964
threshold=0 97.40000000000002 0.7664336390328802 1.8523299363238392 1.0815695675909811 19.700000000000003
decision_type=9 10 10 10 10 8
left_child=2 5 -1 4 -4 -2
right_child=1 -3 3 -5 -6 -7
leaf_value=0.00034883835262829253 0.052542775703164249 -0.084844577513731922 0.13727623710506839 -0.020341572374105454 0.0065491169691085814 -0.0035293064752634539
leaf_weight=228 58 57 75 40 43 572
leaf_count=228 58 57 75 40 43 572
internal_value=0.00713249 -0.00630969 0.0297593 0.0687266 0.0979264 0.00299844
internal_weight=1073 687 386 158 118 630
internal_count=1073 687 386 158 118 630
cat_boundaries=0 1
cat_threshold=66
is_linear=0
shrinkage=0.03


Tree=418
num_leaves=7
num_cat=1
split_feature=11 6 2 4 6 6
split_gain=212.79 219.997 331.562 320.088 198.125 225.014
threshold=0 87.195000000000007 0.43500000000000005 1.1269183133585032 90.00500000000001 44.75500000000001
decision_type=9 10 10 8 10 8
left_child=4 3 -3 -2 5 -1
right_child=1 2 -4 -5 -6 -7
leaf_value=-0.038272156010614705 -0.016208501242478069 0.086710983039490097 -0.00093737329131570357 0.036386679307477812 -0.053107481191937742 0.0079026930158127544
leaf_weight=100 237 67 67 155 58 434
leaf_count=100 237 67 67 155 58 434
internal_value=0.00386394 0.0172741 0.0480669 0.00519923 -0.00827527 -0.00170548
internal_weight=1118 526 134 392 592 534
internal_count=1118 526 134 392 592 534
cat_boundaries=0 1
cat_threshold=396
is_linear=0
shrinkage=0.03


Tree=419
num_leaves=7
num_cat=1
split_feature=9 11 9 4 7 7
split_gain=223.671 160.895 267.953 201.942 127.947 92.1678
threshold=590.75000000000011 0 260.45000000000005 1.1505486461802947 0.5068821968240026 0.46610780924278666
decision_type=10 9 8 8 10 10
left_child=1 2 -1 -4 5 -3
right_child=-2 4 3 -5 -6 -7
leaf_value=0.031997538164952682 0.059649082385003563 0.011015868165794713 -0.036771609394534215 -0.0012479230886837992 0.038977641402913703 -0.03018547130168461
leaf_weight=102 40 223 239 336 117 41
leaf_count=102 40 223 239 336 117 41
internal_value=0.00330055 4.7376e-05 -0.00857766 -0.016854 0.0150255 0.00273078
internal_weight=1098 1058 677 575 381 264
internal_count=1098 1058 677 575 381 264
cat_boundaries=0 1
cat_threshold=332
is_linear=0
shrinkage=0.03


Tree=420
num_leaves=7
num_cat=0
split_feature=2 2 7 1 4 1
split_gain=237.707 307.047 252.148 324.66 242.271 195.727
threshold=0.32750000000000007 0.38000000000000006 0.37585703297895939 43.580000000000005 1.1137109379807753 60.305000000000007
decision_type=8 8 8 10 8 10
left_child=-1 5 3 -3 -4 -2
right_child=1 2 4 -5 -6 -7
leaf_value=-0.027014465221905377 0.078888994809240096 -0.00012902781347055796 -0.028382498138436227 0.069662145879720486 0.0098517802693082329 0
leaf_weight=211 60 164 301 73 261 46
leaf_count=211 60 164 301 73 261 46
internal_value=0.000157523 0.00700463 6.39888e-05 0.0248826 -0.0107946 0.0505308
internal_weight=1116 905 799 237 562 106
internal_count=1116 905 799 237 562 106
is_linear=0
shrinkage=0.03


Tree=421
num_leaves=7
num_cat=0
split_feature=2 7 3 9 7 4
split_gain=286.206 267.201 324.553 267.623 223.936 221.728
threshold=0.32750000000000007 0.5068821968240026 12.500000000000002 354.50000000000006 0.67114841774255052 1.0563782034916376
decision_type=10 8 10 10 8 10
left_child=4 2 -2 -3 -1 -4
right_child=1 3 5 -5 -6 -7
leaf_value=-0.0034241708959261963 -0.052435943774320183 0.042192038902599656 -0.02289522973775137 -0.025423342202304175 -0.049749084132498712 0.027818484757060429
leaf_weight=285 80 273 103 49 125 192
leaf_count=285 80 273 103 49 125 192
internal_value=0 0.0116121 -0.0054739 0.0308423 -0.0193442 0.00959176
internal_weight=1107 697 375 322 410 295
internal_count=1107 697 375 322 410 295
is_linear=0
shrinkage=0.03


Tree=422
num_leaves=7
num_cat=2
split_feature=11 6 8 10 9 6
split_gain=168.366 321.865 141.887 206.019 170.007 120.679
threshold=0 51.287500000000009 95.550000000000011 1 692.50000000000011 41.480000000000011
decision_type=9 10 10 9 8 8
left_child=1 -1 3 4 -2 -5
right_child=2 -3 -4 5 -6 -7
leaf_value=-0.013517072970929899 0.0066522665751316311 0.064389203112505913 -0.035351980566978448 -0.015568518690655337 -0.025523892530253143 0.030873092452436683
leaf_weight=75 288 85 85 48 266 230
leaf_count=75 288 85 85 48 266 230
internal_value=0.00278347 0.0285092 -0.00243219 0.00158296 -0.00888859 0.0214273
internal_weight=1077 160 917 832 554 278
internal_count=1077 160 917 832 554 278
cat_boundaries=0 1 2
cat_threshold=3 46
is_linear=0
shrinkage=0.03


Tree=423
num_leaves=7
num_cat=0
split_feature=1 7 7 7 1 3
split_gain=380.59 346.959 234.114 284.261 488.065 351.494
threshold=22.500000000000004 0.44969992257673935 0.32222463538099139 0.38062613661178141 36.500000000000007 65.000000000000014
decision_type=10 10 8 10 10 8
left_child=1 -1 -2 4 -4 -5
right_child=2 -3 3 5 -6 -7
leaf_value=0.0093719915248551226 -0.04378937382550941 0.075764817668367984 -0.029088952695684771 0.0032937974580876501 0.07543160051107406 -0.054831056371979089
leaf_weight=209 98 95 50 486 86 95
leaf_count=209 98 95 50 486 86 95
internal_value=0.00615681 0.033701 -0.00460663 0.00171047 0.0378175 -0.00761882
internal_weight=1119 304 815 717 136 581
internal_count=1119 304 815 717 136 581
is_linear=0
shrinkage=0.03


Tree=424
num_leaves=7
num_cat=0
split_feature=1 6 1 6 7 3
split_gain=228.03 283.617 140.774 204.615 249.395 154.474
threshold=92.500000000000014 41.480000000000011 22.500000000000004 82.27000000000001 0.31894387102045269 52.500000000000007
decision_type=8 10 10 10 8 8
left_child=2 -2 5 4 -4 -1
right_child=1 -3 3 -5 -6 -7
leaf_value=0.038944891450151689 -0.0016528898821427272 0.075251970897827827 -0.046724593130728374 -0.028434836525303212 0.010778901263041636 -0.017912949182409377
leaf_weight=117 84 64 58 248 500 47
leaf_count=117 84 64 58 248 500 47
internal_value=0.00395828 0.0362456 -0.00154014 -0.00685233 0.00328808 0.0221483
internal_weight=1118 148 970 806 558 164
internal_count=1118 148 970 806 558 164
is_linear=0
shrinkage=0.03


Tree=425
num_leaves=7
num_cat=1
split_feature=8 3 1 11 8 0
split_gain=277.276 166.809 238.048 219.398 398.991 167.024
threshold=97.40000000000002 1.0000000180025095e-35 25.250000000000004 0 1.0000000180025095e-35 1.1215190243431474
decision_type=10 10 8 9 10 2
left_child=1 2 -1 4 -3 -4
right_child=-2 3 5 -5 -6 -7
leaf_value=-0.019678338576228388 -0.052160140348203252 -0.03087329437834507 0.064750480629363144 0.009597236861894563 0.052074227250318551 0.0050445715248584747
leaf_weight=73 79 387 86 396 41 80
leaf_count=73 79 387 86 396 41 80
internal_value=-0.00413633 0.000274647 0.0213819 -0.00613801 -0.0203688 0.0399355
internal_weight=1142 1063 239 824 428 166
internal_count=1142 1063 239 824 428 166
cat_boundaries=0 1
cat_threshold=194
is_linear=0
shrinkage=0.03


Tree=426
num_leaves=7
num_cat=0
split_feature=1 6 6 1 4 3
split_gain=102.546 373.837 121.606 496.897 429.622 132.993
threshold=12.500000000000002 87.740000000000023 82.27000000000001 41.080000000000005 0.088535723003455788 12.500000000000002
decision_type=10 10 10 10 8 10
left_child=1 -1 5 4 -4 -2
right_child=2 -3 3 -5 -6 -7
leaf_value=-0.01294494743291931 -0.022957500516252959 0.071047241762280458 0.022956305886442239 -0.08031969403201028 -0.056927658111076147 0.0078992876536627659
leaf_weight=125 147 52 191 75 65 488
leaf_count=125 147 52 191 75 65 488
internal_value=-0.00361833 0.0161339 -0.00755224 -0.0217249 0 0.000181581
internal_weight=1143 177 966 331 256 635
internal_count=1143 177 966 331 256 635
is_linear=0
shrinkage=0.03


Tree=427
num_leaves=7
num_cat=0
split_feature=0 7 7 2 6 9
split_gain=234.501 443.59 327.334 314.754 333.446 206.448
threshold=1.849476316104649 0.46610780924278666 0.36046024130167514 0.38000000000000006 87.15000000000002 557.50000000000011
decision_type=2 10 8 8 10 8
left_child=3 2 -2 4 -1 -5
right_child=1 -3 -4 5 -6 -7
leaf_value=0.043478073797694278 0.032414734974902652 0.06283777006002228 -0.048656194774606795 0.0092994858202609144 -0.023284214485403413 -0.030330682965532804
leaf_weight=155 64 112 77 145 92 448
leaf_count=155 64 112 77 145 92 448
internal_value=-0.00111567 0.0230688 -0.0120299 -0.00883664 0.018505 -0.0205552
internal_weight=1093 253 141 840 247 593
internal_count=1093 253 141 840 247 593
is_linear=0
shrinkage=0.03


Tree=428
num_leaves=5
num_cat=0
split_feature=9 0 3 6
split_gain=273.659 147.686 203.047 152.517
threshold=590.75000000000011 2.2805506918245286 47.500000000000007 89.40000000000002
decision_type=10 2 10 8
left_child=1 2 3 -1
right_child=-2 -3 -4 -5
leaf_value=-0.026536940847465402 0.054529671423482681 0.030389322736300527 0.028728684386497689 -0.0019232915684190624
leaf_weight=573 42 56 77 381
leaf_count=573 42 56 77 381
internal_value=-0.00688471 -0.0102542 -0.0130552 -0.0170099
internal_weight=1129 1087 1031 954
internal_count=1129 1087 1031 954
is_linear=0
shrinkage=0.03


Tree=429
num_leaves=7
num_cat=1
split_feature=6 2 11 5 4 5
split_gain=240.228 564.268 275.824 185.074 148.859 146.416
threshold=48.435000000000009 0.52500000000000013 0 0.69454367506728654 0.16642738394522519 2.1987320185225978
decision_type=8 8 9 8 10 10
left_child=1 5 3 -2 -5 -1
right_child=2 -3 -4 4 -6 -7
leaf_value=-0.070001837993040675 0.022254057628628997 0.037629042362773812 0.015335676711678389 -0.051945737655429793 0.0040943061218068405 -0.010861820931503072
leaf_weight=124 49 71 610 124 54 66
leaf_count=124 49 71 610 124 54 66
internal_value=-0.002949 -0.0270112 0.0049395 -0.0214851 -0.0359455 -0.0527351
internal_weight=1098 261 837 227 178 190
internal_count=1098 261 837 227 178 190
cat_boundaries=0 1
cat_threshold=141
is_linear=0
shrinkage=0.03


Tree=430
num_leaves=7
num_cat=1
split_feature=3 5 5 2 10 5
split_gain=404.438 895.397 656.182 242.608 162.053 208.989
threshold=12.500000000000002 0.73219727515869371 1.7867865342948983 0.32750000000000007 0 1.9557256842093991
decision_type=10 10 10 10 9 10
left_child=1 -1 -3 -2 5 -5
right_child=3 2 -4 4 -6 -7
leaf_value=0.016437135359145101 -0.013541799984651349 -0.1460843862844752 -0.0030699065781157951 0.054515475158507999 0.0034378255800477098 0.0017321326493063595
leaf_weight=141 275 57 49 175 320 109
leaf_count=141 275 57 49 175 320 109
internal_value=-0.00055111 -0.033011 -0.0914311 0.0090349 0.0195147 0.0347578
internal_weight=1126 247 106 879 604 284
internal_count=1126 247 106 879 604 284
cat_boundaries=0 1
cat_threshold=257
is_linear=0
shrinkage=0.03


Tree=431
num_leaves=7
num_cat=0
split_feature=3 8 1 1 0 6
split_gain=198.075 281.364 282.204 276.855 233.598 227.724
threshold=12.500000000000002 74.620000000000019 29.425000000000004 38.250000000000007 1.3846886630380695 89.735000000000014
decision_type=10 10 8 10 2 10
left_child=5 2 4 -3 -2 -1
right_child=1 3 -4 -5 -6 -7
leaf_value=-0.035623578302840762 -0.0062230714594847273 -0.0040424480097195539 -0.011419653587008236 0.066379542023706148 0.061102977658715994 0.02834228865144884
leaf_weight=194 75 77 538 107 84 48
leaf_count=194 75 77 538 107 84 48
internal_value=0.00141143 0.00811258 -0.000848883 0.0391083 0.0318632 -0.0215121
internal_weight=1123 881 697 184 159 242
internal_count=1123 881 697 184 159 242
is_linear=0
shrinkage=0.03


Tree=432
num_leaves=7
num_cat=1
split_feature=11 5 3 3 4 4
split_gain=314.131 458.999 225.689 210.561 205.867 183.511
threshold=0 0.7664336390328802 26.000000000000004 39.000000000000007 1.2235967714368938 1.0815695675909811
decision_type=9 10 10 10 8 10
left_child=1 2 -1 4 -2 -3
right_child=3 5 -4 -5 -6 -7
leaf_value=0.016617594150826333 -0.02384591524327161 0.086875352709154988 -0.041970457356157044 0.043364278101229239 0.010020283049764647 0.019327123363812763
leaf_weight=180 411 92 64 50 241 79
leaf_count=180 411 92 64 50 241 79
internal_value=0.00609906 0.0258459 -0.000537877 -0.00615683 -0.0113129 0.0612745
internal_weight=1117 415 244 702 652 171
internal_count=1117 415 244 702 652 171
cat_boundaries=0 1
cat_threshold=66
is_linear=0
shrinkage=0.03


Tree=433
num_leaves=7
num_cat=1
split_feature=1 7 5 7 11 7
split_gain=167.787 325.459 262.633 221.755 148.352 141.185
threshold=19.700000000000003 0.46610780924278666 0.52600443247456574 0.32222463538099139 0 0.63831563505562794
decision_type=10 10 10 10 9 10
left_child=1 -1 3 -2 -4 -6
right_child=2 -3 4 -5 5 -7
leaf_value=0.0014493406345262318 -0.00070807670827134183 0.080015923319494017 -0.010324504258721296 -0.064236296750871197 0.023595647553417119 -0.020430196202019364
leaf_weight=165 98 48 318 85 352 62
leaf_count=165 98 48 318 85 352 62
internal_value=0.00197755 0.0247606 -0.00367806 -0.0339328 0.00450715 0.015861
internal_weight=1128 213 915 183 732 414
internal_count=1128 213 915 183 732 414
cat_boundaries=0 1
cat_threshold=289
is_linear=0
shrinkage=0.03


Tree=434
num_leaves=7
num_cat=1
split_feature=6 4 11 8 6 2
split_gain=151.11 338.166 181.581 262.463 249.255 136.779
threshold=82.27000000000001 0.088535723003455788 0 97.40000000000002 45.750000000000007 0.52500000000000013
decision_type=10 10 9 10 8 10
left_child=2 -2 3 5 -4 -1
right_child=1 -3 4 -5 -6 -7
leaf_value=0.0056390581169984489 0.0051806274098916008 -0.058086752990374753 -0.013676287799396298 -0.043111736784378685 0.061174755074138193 0.050993307076860214
leaf_weight=427 322 78 46 70 117 52
leaf_count=427 322 78 46 70 117 52
internal_value=0.00518525 -0.00919221 0.0133749 0.0039933 0.0384368 0.0125294
internal_weight=1112 400 712 549 163 479
internal_count=1112 400 712 549 163 479
cat_boundaries=0 1
cat_threshold=452
is_linear=0
shrinkage=0.03


Tree=435
num_leaves=7
num_cat=1
split_feature=5 2 6 0 0 10
split_gain=170.668 296.037 300.939 273.706 185.024 254.394
threshold=0.773507600177609 0.57500000000000007 91.070000000000007 1.3846886630380695 0.23244339915132542 0
decision_type=8 8 8 2 2 9
left_child=-1 4 3 -3 -2 -6
right_child=1 2 -4 -5 5 -7
leaf_value=0.0089801918424732112 -0.067865277278636171 0 -0.02223071218249114 0.091921375721933374 -0.028658659002431048 0.017806776757008279
leaf_weight=374 64 55 82 42 399 119
leaf_count=374 64 55 82 42 399 119
internal_value=-0.00719739 -0.0152512 0.016939 0.0487042 -0.0254851 -0.0178092
internal_weight=1135 761 179 97 582 518
internal_count=1135 761 179 97 582 518
cat_boundaries=0 1
cat_threshold=258
is_linear=0
shrinkage=0.03


Tree=436
num_leaves=7
num_cat=0
split_feature=0 1 6 5 1 5
split_gain=258.441 270.635 308.18 305.223 243.891 323.894
threshold=1.3846886630380695 27.800000000000004 46.660000000000004 2.0821288410021648 22.500000000000004 1.7169829547076796
decision_type=2 8 8 10 8 10
left_child=1 -1 3 -3 -2 -6
right_child=4 2 -4 -5 5 -7
leaf_value=-0.046667800660916532 0.062723829324661501 -0.085322674769051976 0.016831763940038425 0.007933228106090897 -0.0026653352752783331 0.052433798365472323
leaf_weight=109 81 42 330 56 389 106
leaf_count=109 81 42 330 56 389 106
internal_value=0.00620965 -0.0085388 0.00268758 -0.0392125 0.0198853 0.0105952
internal_weight=1113 537 428 98 576 495
internal_count=1113 537 428 98 576 495
is_linear=0
shrinkage=0.03


Tree=437
num_leaves=7
num_cat=1
split_feature=10 5 7 3 4 3
split_gain=159.091 228.681 194.457 180.518 247.789 82.264
threshold=0 0.52600443247456574 0.8297895480994073 39.000000000000007 0.088535723003455788 57.500000000000007
decision_type=9 8 8 10 8 10
left_child=1 5 -2 4 -3 -1
right_child=2 3 -4 -5 -6 -7
leaf_value=-0.042275702461782021 0.010289560717587569 0.049987117291371126 -0.055252564257546648 0.062662736902841271 0.00669184407718306 0.0058720923010860716
leaf_weight=62 78 127 53 61 699 42
leaf_count=62 78 127 53 61 699 42
internal_value=0.00983155 0.0139595 -0.0184165 0.0191348 0.0144439 -0.0245366
internal_weight=1122 991 131 887 826 104
internal_count=1122 991 131 887 826 104
cat_boundaries=0 1
cat_threshold=263
is_linear=0
shrinkage=0.03


Tree=438
num_leaves=7
num_cat=0
split_feature=1 0 1 3 5 0
split_gain=289.201 405.023 351.488 307.911 446.19 186.723
threshold=49.500000000000007 0.82048902867916607 57.820000000000007 22.500000000000004 1.8523299363238392 1.3846886630380695
decision_type=10 2 10 10 8 2
left_child=5 2 -2 4 -3 -1
right_child=1 3 -4 -5 -6 -7
leaf_value=-0.010305775218689557 -0.033098388817709157 -0.11484783613142814 0.060604382793925979 -0.0012212649595580601 -0.015393446121782622 0.01927095667037812
leaf_weight=342 48 74 59 94 87 389
leaf_count=342 48 74 59 94 87 389
internal_value=-0.00540326 -0.0266099 0.0195044 -0.0461892 -0.0690762 0.00544758
internal_weight=1093 362 107 255 161 731
internal_count=1093 362 107 255 161 731
is_linear=0
shrinkage=0.03


Tree=439
num_leaves=7
num_cat=0
split_feature=2 2 1 1 7 7
split_gain=154.55 186.317 234.033 201.359 358.729 273.101
threshold=0.32750000000000007 0.38000000000000006 60.305000000000007 29.875000000000004 0.77403486575004621 0.31286459548692397
decision_type=8 8 10 10 10 10
left_child=-1 2 -2 5 -5 -3
right_child=1 3 -4 4 -6 -7
leaf_value=-0.020851543967696749 0.075667181485523913 -0.014665699892229479 -0.0081082262879326236 -0.00021108999098679162 -0.076508165512766152 0.041174419578164811
leaf_weight=200 53 111 43 478 43 190
leaf_count=200 53 111 43 478 43 190
internal_value=0.00174502 0.00707161 0.0426973 0.00192433 -0.00921467 0.0207646
internal_weight=1118 918 96 822 521 301
internal_count=1118 918 96 822 521 301
is_linear=0
shrinkage=0.03


Tree=440
num_leaves=7
num_cat=0
split_feature=0 6 1 9 1 9
split_gain=155.758 217.776 129.695 140.727 224.574 113.632
threshold=0.39380107309116885 46.865000000000009 77.500000000000014 395.00000000000006 43.580000000000005 260.45000000000005
decision_type=2 8 10 8 10 10
left_child=1 -1 3 5 -5 -2
right_child=2 -3 -4 4 -6 -7
leaf_value=-0.069487803902965578 0.011142163212615543 0.0027708935961127277 -0.029214418461637161 0.0041045905312081634 0.039991822468991182 -0.029161734354063752
leaf_weight=41 103 90 62 464 225 111
leaf_count=41 103 90 62 464 225 111
internal_value=0.00269299 -0.0256553 0.00704501 0.0101787 0.0167061 -0.0102124
internal_weight=1096 131 965 903 689 214
internal_count=1096 131 965 903 689 214
is_linear=0
shrinkage=0.03


Tree=441
num_leaves=7
num_cat=2
split_feature=4 0 10 5 4 10
split_gain=385.251 374.058 166.206 237.352 221.074 247.739
threshold=1.2235967714368938 0.82048902867916607 0 0.79097551069181615 0.019813330906252768 1
decision_type=10 2 9 8 10 9
left_child=2 -2 4 -4 5 -1
right_child=1 -3 3 -5 -6 -7
leaf_value=-0.0065855397350928734 -0.010737677421209148 0.072212632652094114 0.0084916686230316393 -0.065398420939265289 -0.0069088540305060021 0.051491170136912449
leaf_weight=112 68 114 62 66 599 118
leaf_count=112 68 114 62 66 599 118
internal_value=0.00525677 0.0429286 -0.00257828 -0.0308098 0.00266469 0.0265022
internal_weight=1139 182 957 128 829 230
internal_count=1139 182 957 128 829 230
cat_boundaries=0 1 2
cat_threshold=263 2
is_linear=0
shrinkage=0.03


Tree=442
num_leaves=7
num_cat=0
split_feature=8 3 1 6 1 6
split_gain=365.986 229.501 408.993 360.07 209.313 130.3
threshold=97.40000000000002 39.000000000000007 25.250000000000004 46.660000000000004 19.700000000000003 84.365000000000023
decision_type=10 8 8 10 8 10
left_child=1 4 -3 -4 -1 -6
right_child=-2 2 3 -5 5 -7
leaf_value=0.038792842150382374 -0.064451234981417652 -0.031068504148088722 -0.0047023588090780236 0.064672782228099648 -0.0056243636737545498 -0.033900109301109545
leaf_weight=49 70 93 106 147 415 222
leaf_count=49 70 93 106 147 415 222
internal_value=-0.00641463 -0.00127053 0.0179703 0.0371716 -0.0112942 -0.016302
internal_weight=1102 1032 346 253 686 637
internal_count=1102 1032 346 253 686 637
is_linear=0
shrinkage=0.03


Tree=443
num_leaves=7
num_cat=1
split_feature=11 8 3 8 3 3
split_gain=158.586 313.108 173.782 187.583 157.578 235.922
threshold=0 1.0000000180025095e-35 39.000000000000007 1.0000000180025095e-35 22.500000000000004 26.000000000000004
decision_type=9 10 10 10 8 10
left_child=2 4 3 -1 -2 -6
right_child=1 -3 -4 -5 5 -7
leaf_value=-0.0014792720939754984 -0.014546949073770328 0.058894339759241444 0.033190006020013242 -0.04268707093515911 0.030756634467834373 -0.019675050382945862
leaf_weight=225 284 79 44 165 236 106
leaf_count=225 284 79 44 165 236 106
internal_value=0.000472424 0.00917403 -0.0132228 -0.0202915 0.00131946 0.0147366
internal_weight=1139 705 434 390 626 342
internal_count=1139 705 434 390 626 342
cat_boundaries=0 1
cat_threshold=292
is_linear=0
shrinkage=0.03


Tree=444
num_leaves=7
num_cat=1
split_feature=5 11 8 3 8 1
split_gain=186.504 135.811 351.245 434.471 169.202 280.065
threshold=2.1987320185225978 0 99.950000000000017 21.000000000000004 97.40000000000002 48.750000000000007
decision_type=10 9 8 8 10 10
left_child=1 4 -3 -4 5 -1
right_child=-2 2 3 -5 -6 -7
leaf_value=-0.013919657883191989 -0.037033437279933086 0.068508228287728651 -0.026502372416917507 0.025795593838483271 -0.052155231850988727 0.044057722172325418
leaf_weight=310 89 69 226 321 48 77
leaf_count=310 89 69 226 321 48 77
internal_value=0.000302464 0.00415266 0.0129628 0.00390955 -0.00831493 -0.000638546
internal_weight=1140 1051 616 547 435 387
internal_count=1140 1051 616 547 435 387
cat_boundaries=0 1
cat_threshold=300
is_linear=0
shrinkage=0.03


Tree=445
num_leaves=7
num_cat=1
split_feature=4 5 4 10 7 9
split_gain=331.871 283.276 247.784 153.984 148.459 35.8131
threshold=1.1505486461802947 2.1987320185225978 1.060399351792656 0 0.31286459548692397 260.45000000000005
decision_type=10 10 10 9 10 10
left_child=2 -2 3 -1 -5 -4
right_child=1 -3 5 4 -6 -7
leaf_value=0.026336314795272688 0.052160259011600693 -0.013444249629974364 -0.068615014465955582 -0.032894078999842431 -0.0012036791042803583 -0.01730876577477301
leaf_weight=103 148 79 45 156 570 42
leaf_count=103 148 79 45 156 570 42
internal_value=-0.00104727 0.0298459 -0.00924137 -0.0035298 -0.00867663 -0.0522721
internal_weight=1143 227 916 829 726 87
internal_count=1143 227 916 829 726 87
cat_boundaries=0 1
cat_threshold=165
is_linear=0
shrinkage=0.03


Tree=446
num_leaves=7
num_cat=1
split_feature=11 6 0 7 7 6
split_gain=235.435 225.563 413.941 120.764 320.558 122.056
threshold=0 88.990000000000023 1.3846886630380695 0.54711105753776923 0.5068821968240026 83.920000000000016
decision_type=9 10 2 10 10 8
left_child=-1 3 -3 4 -2 -5
right_child=1 2 -4 5 -6 -7
leaf_value=-0.03513675205779742 -0.007645756665877735 -0.012877728449261706 0.067958679044405446 0.00025869058711188179 0.042661827396601439 -0.055504312856148368
leaf_weight=131 592 95 102 64 120 53
leaf_count=131 592 95 102 64 120 53
internal_value=-0.00134548 0.00380056 0.0311061 -0.00315269 0.00168504 -0.0289787
internal_weight=1157 1026 197 829 712 117
internal_count=1157 1026 197 829 712 117
cat_boundaries=0 1
cat_threshold=44
is_linear=0
shrinkage=0.03


Tree=447
num_leaves=7
num_cat=1
split_feature=11 8 7 3 1 8
split_gain=124.929 210.755 144.449 164.861 371.639 218.14
threshold=0 97.40000000000002 0.87102775553903189 57.500000000000007 25.250000000000004 1.0000000180025095e-35
decision_type=9 10 10 8 8 10
left_child=1 -1 3 5 -5 -2
right_child=2 -3 -4 4 -6 -7
leaf_value=-0.0021576631828443397 -0.0056558031197697532 -0.059988178457532612 -0.035470321653854282 -0.018258563218747866 0.064018427729606628 0.044218334019184111
leaf_weight=321 444 50 43 65 115 75
leaf_count=321 444 50 43 65 115 75
internal_value=0.00110979 -0.0124562 0.00817659 0.0119707 0.0351525 0.00281345
internal_weight=1113 371 742 699 180 519
internal_count=1113 371 742 699 180 519
cat_boundaries=0 1
cat_threshold=260
is_linear=0
shrinkage=0.03


Tree=448
num_leaves=7
num_cat=1
split_feature=2 6 4 5 11 2
split_gain=235.38 244.593 242.116 372.888 74.2708 38.1558
threshold=0.22000000000000003 45.750000000000007 1.2235967714368938 1.7493479267064174 0 0.38000000000000006
decision_type=8 10 10 10 9 10
left_child=-1 4 3 -3 -2 -6
right_child=1 2 -4 -5 5 -7
leaf_value=0.058026631519686983 -0.04093078445866704 0.0071590117137723909 0.057810914677542603 -0.066825123971967562 -0.022828205593474461 0.0033229490666318745
leaf_weight=41 120 700 54 47 69 98
leaf_count=41 120 700 54 47 69 98
internal_value=0.000622818 -0.00249459 0.00603558 0.0008047 -0.0253395 -0.00801829
internal_weight=1129 1088 801 747 287 167
internal_count=1129 1088 801 747 287 167
cat_boundaries=0 1
cat_threshold=262
is_linear=0
shrinkage=0.03


Tree=449
num_leaves=7
num_cat=1
split_feature=11 2 3 6 6 6
split_gain=233.18 248.44 432.096 248.687 194.68 185.249
threshold=0 0.52500000000000013 47.500000000000007 92.000000000000014 90.00500000000001 89.40000000000002
decision_type=9 8 8 10 10 8
left_child=4 2 3 -2 5 -1
right_child=1 -3 -4 -5 -6 -7
leaf_value=-0.015970242408960052 -0.00015638103283811036 -0.024755119561225551 0.094858053898188605 0.060979699402639316 -0.058321651071310043 0.022310757479246924
leaf_weight=424 322 99 47 53 55 133
leaf_count=424 322 99 47 53 55 133
internal_value=-0.000211361 0.0140611 0.0243292 0.0109824 -0.0125411 -0.00626905
internal_weight=1133 521 422 375 612 557
internal_count=1133 521 422 375 612 557
cat_boundaries=0 1
cat_threshold=420
is_linear=0
shrinkage=0.03


Tree=450
num_leaves=7
num_cat=0
split_feature=5 6 4 5 6 8
split_gain=194.558 134.59 514.295 172.337 137.364 27.1406
threshold=2.7090013766811398 50.780000000000008 1.1420135310483051 1.0114657210401894 86.015000000000015 92.995000000000019
decision_type=10 8 10 10 8 10
left_child=1 2 -1 4 -3 -4
right_child=-2 3 5 -5 -6 -7
leaf_value=-0.064969821392812502 -0.056113932098854666 -0.0212445130031645 0.019521750697777385 0.047488928543957504 0.0073993523717349897 -0.0011178220981465919
leaf_weight=112 46 189 106 54 519 92
leaf_count=112 46 189 106 54 519 92
internal_value=-0.00604803 -0.00285636 -0.0189136 0.00391602 -0.000538259 0.0104337
internal_weight=1118 1072 310 762 708 198
internal_count=1118 1072 310 762 708 198
is_linear=0
shrinkage=0.03


Tree=451
num_leaves=7
num_cat=1
split_feature=2 2 1 1 1 10
split_gain=102.195 183.168 297.457 116.662 338.406 170.192
threshold=0.32750000000000007 0.38000000000000006 60.305000000000007 70.715000000000018 64.760000000000005 0
decision_type=8 8 10 8 10 9
left_child=-1 2 -2 4 -3 -5
right_child=1 3 -4 5 -6 -7
leaf_value=-0.01536991148103964 0.077729982118327906 0.002239668737014876 -0.01301123101602901 -0.0066840791304225789 -0.070598121914081269 0.041284907371234553
leaf_weight=207 57 536 46 116 44 109
leaf_count=207 57 536 46 116 44 109
internal_value=0.00264952 0.00706484 0.0411908 0.00173297 -0.00535504 0.0191948
internal_weight=1115 908 103 805 580 225
internal_count=1115 908 103 805 580 225
cat_boundaries=0 1
cat_threshold=10
is_linear=0
shrinkage=0.03


Tree=452
num_leaves=7
num_cat=0
split_feature=0 7 1 1 1 4
split_gain=173.511 110.05 279.575 144.148 295.634 270.307
threshold=2.558701942208172 0.69460723488885046 30.950000000000003 29.875000000000004 22.500000000000004 1.060399351792656
decision_type=2 10 8 8 10 10
left_child=1 3 -3 4 -1 -5
right_child=-2 2 -4 5 -6 -7
leaf_value=0.0054830223120788625 0.048218900437932463 0.0054955565770836295 -0.075500017346874365 0.01956446167629013 -0.069773937509688605 -0.016829690699705808
leaf_weight=121 44 91 42 504 53 263
leaf_count=121 44 91 42 504 53 263
internal_value=0.000161335 -0.00259818 -0.0262156 0.00115357 -0.0219608 0.00689832
internal_weight=1118 1074 133 941 174 767
internal_count=1118 1074 133 941 174 767
is_linear=0
shrinkage=0.03


Tree=453
num_leaves=7
num_cat=0
split_feature=4 7 1 6 1 1
split_gain=341.282 222.768 614.956 191.703 135.82 150.84
threshold=1.2235967714368938 0.69460723488885046 29.425000000000004 41.480000000000011 69.750000000000014 55.625000000000007
decision_type=10 10 8 10 10 10
left_child=1 4 -3 -2 5 -1
right_child=3 2 -4 -5 -6 -7
leaf_value=0.0016568584078680616 0 0.03162980106969674 -0.089878814483390135 0.061154039006196807 -0.03267690231515602 0.04339783609415708
leaf_weight=672 69 52 65 111 68 69
leaf_count=672 69 52 65 111 68 69
internal_value=0.00426133 -0.00328644 -0.0387033 0.0398361 0.00257345 0.00666091
internal_weight=1106 926 117 180 809 741
internal_count=1106 926 117 180 809 741
is_linear=0
shrinkage=0.03


Tree=454
num_leaves=7
num_cat=1
split_feature=6 10 2 7 7 6
split_gain=363.803 189.63 254 249.319 215.286 165.614
threshold=94.050000000000011 0 0.52500000000000013 0.67114841774255052 0.64728258868408073 86.015000000000015
decision_type=10 9 8 8 8 10
left_child=1 2 4 5 -1 -3
right_child=-2 3 -4 -5 -6 -7
leaf_value=-0.0090645145631190055 -0.058490735758095977 -0.016487426577714851 0.058766361724804428 -0.042277150496791135 0.03844083979171662 0.019129395522850461
leaf_weight=275 76 202 82 131 101 229
leaf_count=275 76 202 82 131 101 229
internal_value=-0.00262049 0.00252946 0.016335 -0.00892034 0.00484169 0.00231266
internal_weight=1096 1020 458 562 376 431
internal_count=1096 1020 458 562 376 431
cat_boundaries=0 1
cat_threshold=293
is_linear=0
shrinkage=0.03


Tree=455
num_leaves=7
num_cat=0
split_feature=6 8 7 3 1 1
split_gain=171.812 135.24 169.991 91.9665 456.115 326.321
threshold=39.310000000000009 88.845000000000013 0.38387685795746201 57.500000000000007 25.250000000000004 30.950000000000003
decision_type=8 10 10 8 8 8
left_child=-1 3 -3 5 -5 -2
right_child=1 2 -4 4 -6 -7
leaf_value=-0.04870284764957962 0.02272429135910653 0.0079023826782850873 -0.048982672235458206 -0.034361445784855345 0.042079948144299641 -0.019645631728768348
leaf_weight=47 270 77 81 84 204 355
leaf_count=47 270 77 81 84 204 355
internal_value=-0.00208133 0.000764924 -0.0231501 0.0053754 0.0188062 -0.00111173
internal_weight=1118 1071 158 913 288 625
internal_count=1118 1071 158 913 288 625
is_linear=0
shrinkage=0.03


Tree=456
num_leaves=7
num_cat=0
split_feature=0 1 9 3 3 5
split_gain=146.885 229.574 196.156 174.728 331.205 193.028
threshold=1.4560472302319762 30.950000000000003 164.50000000000003 47.500000000000007 65.000000000000014 1.7867865342948983
decision_type=2 8 10 8 8 10
left_child=3 -2 -3 -1 -5 -6
right_child=1 2 -4 4 5 -7
leaf_value=-0.014077189383458904 0.05251858622743151 0.019594024777625289 -0.033940678958830073 0.076096319839839013 -0.019958519322367814 0.040509411252357741
leaf_weight=559 97 155 75 42 149 46
leaf_count=559 97 155 75 42 149 46
internal_value=0.00193979 0.0182976 0.000578359 -0.00499031 0.0156366 -0.00297381
internal_weight=1123 327 230 796 237 195
internal_count=1123 327 230 796 237 195
is_linear=0
shrinkage=0.03


Tree=457
num_leaves=7
num_cat=1
split_feature=10 1 1 9 4 9
split_gain=232.165 267.973 282.953 321.212 245.145 206.768
threshold=0 60.305000000000007 43.580000000000005 260.45000000000005 1.2270221904080174 447.50000000000006
decision_type=9 10 8 10 10 10
left_child=1 2 4 -4 -1 -3
right_child=-2 5 3 -5 -6 -7
leaf_value=0.0074226356933073502 -0.031057072217234329 -0.043491371152390323 0.054879843483051784 -0.0019276215619622513 -0.05598886709837686 0.022676344242233495
leaf_weight=404 128 120 225 136 43 45
leaf_count=404 128 120 225 136 43 45
internal_value=0.00278582 0.00806572 0.0153439 0.0343434 -0.000685441 -0.0246207
internal_weight=1101 973 808 361 447 165
internal_count=1101 973 808 361 447 165
cat_boundaries=0 1
cat_threshold=263
is_linear=0
shrinkage=0.03


Tree=458
num_leaves=7
num_cat=2
split_feature=7 1 11 2 11 4
split_gain=289.903 489.224 266.541 241.741 206.613 214.377
threshold=0.5068821968240026 60.305000000000007 0 0.41000000000000009 1 1.1137109379807753
decision_type=10 8 9 10 9 10
left_child=4 2 3 -2 5 -1
right_child=1 -3 -4 -5 -6 -7
leaf_value=-0.0153136077552685 0.097162589362263685 -0.037504223452346157 0.0045827061384581692 0.013671707160110715 0.0020190241028669952 -0.076185888312368957
leaf_weight=263 80 81 137 59 455 52
leaf_count=263 80 81 137 59 455 52
internal_value=-0.000824934 0.0207791 0.039465 0.0642386 -0.0111898 -0.0286352
internal_weight=1127 357 276 139 770 315
internal_count=1127 357 276 139 770 315
cat_boundaries=0 1 2
cat_threshold=67 102
is_linear=0
shrinkage=0.03


Tree=459
num_leaves=7
num_cat=0
split_feature=2 8 0 0 0 6
split_gain=150.064 270.416 231.655 280.399 198.822 371.237
threshold=0.18000000000000002 99.950000000000017 2.0191113191843595 1.2324086528129923 1.3846886630380695 86.015000000000015
decision_type=10 8 2 2 2 8
left_child=4 -2 3 -3 -1 -6
right_child=1 2 -4 -5 5 -7
leaf_value=-0.007864781487733126 0.025463809067069892 -0.0001832747417792319 0.038777981125142261 -0.040226449778450558 0.10146751107275485 0.0025990655241268021
leaf_weight=108 182 333 49 284 40 85
leaf_count=108 182 333 49 284 40 85
internal_value=0.000799359 -0.00508545 -0.0140202 -0.0193933 0.0211631 0.0442824
internal_weight=1081 848 666 617 233 125
internal_count=1081 848 666 617 233 125
is_linear=0
shrinkage=0.03


Tree=460
num_leaves=7
num_cat=1
split_feature=2 1 0 0 4 11
split_gain=164.788 285.783 356.134 291.102 288.926 209.535
threshold=0.32750000000000007 28.700000000000006 1.1215190243431474 0.82048902867916607 0.13905369580354535 0
decision_type=10 10 2 2 8 9
left_child=5 3 -3 -2 -4 -1
right_child=1 2 4 -5 -6 -7
leaf_value=0.0021680621354197948 -0.019341045288102966 0.025537167908000005 -0.079483702863965708 0.060234753255429388 -0.0061647946659650187 -0.041646285815526256
leaf_weight=325 43 245 43 146 236 109
leaf_count=325 43 245 43 146 236 109
internal_value=0.00327592 0.012063 0.000113398 0.0417248 -0.0222263 -0.0109233
internal_weight=1147 713 524 189 279 434
internal_count=1147 713 524 189 279 434
cat_boundaries=0 1
cat_threshold=320
is_linear=0
shrinkage=0.03


Tree=461
num_leaves=7
num_cat=0
split_feature=2 5 0 2 8 6
split_gain=313.289 167.492 135.716 154.587 383.803 378.047
threshold=0.32750000000000007 0.82968523542309269 2.2576719465441908 0.43500000000000005 1.0000000180025095e-35 88.990000000000023
decision_type=8 10 2 10 10 10
left_child=1 -1 3 5 -5 -2
right_child=2 -3 -4 4 -6 -7
leaf_value=-0.010844756836365712 0.0063233209583501461 -0.071065136123162051 0.047115984995056079 -0.035629830130595057 0.034879854982191656 0.084869842702342616
leaf_weight=151 566 45 61 184 86 42
leaf_count=151 566 45 61 184 86 42
internal_value=0.00237133 -0.0302486 0.00973156 0.00607592 -0.0121077 0.0143748
internal_weight=1135 196 939 878 270 608
internal_count=1135 196 939 878 270 608
is_linear=0
shrinkage=0.03


Tree=462
num_leaves=7
num_cat=2
split_feature=1 1 4 0 11 11
split_gain=336.667 348.514 338.797 144.248 360.468 300.387
threshold=64.760000000000005 55.625000000000007 1.1137109379807753 0.65051499783199074 0 1
decision_type=10 10 8 2 9 9
left_child=1 3 -2 5 -5 -1
right_child=2 -3 -4 4 -6 -7
leaf_value=0.018041799440496154 -0.07064724686443806 0.069702349764811072 0.012452070470899343 -0.0067174267723211292 0.03674149976505852 -0.041647853049539746
leaf_weight=124 80 63 68 376 275 125
leaf_count=124 80 63 68 376 275 125
internal_value=0.00408334 0.0107703 -0.0351723 0.00515424 0.0125468 -0.013446
internal_weight=1111 963 148 900 651 249
internal_count=1111 963 148 900 651 249
cat_boundaries=0 1 2
cat_threshold=420 416
is_linear=0
shrinkage=0.03


Tree=463
num_leaves=7
num_cat=1
split_feature=0 7 11 7 7 9
split_gain=193.887 409.446 239.645 208.188 155.358 129.232
threshold=1.849476316104649 0.48874749516159421 0 0.31894387102045269 0.63669144552489076 390.00000000000006
decision_type=2 10 9 10 8 8
left_child=2 3 4 -2 -1 -3
right_child=1 5 -4 -5 -6 -7
leaf_value=-0.068993503234603182 0.021995899110295612 0.013793639264889615 0 -0.041681024716088644 -0.01037796934445699 0.086328841275290433
leaf_weight=68 71 47 702 75 97 56
leaf_count=68 71 47 702 75 97 56
internal_value=-0.00150569 0.0207699 -0.00829488 -0.0114342 -0.03767 0.0613428
internal_weight=1116 249 867 146 165 103
internal_count=1116 249 867 146 165 103
cat_boundaries=0 1
cat_threshold=35
is_linear=0
shrinkage=0.03


Tree=464
num_leaves=7
num_cat=1
split_feature=1 11 6 2 6 2
split_gain=144.295 228.664 230.712 155.738 438.55 169.87
threshold=22.500000000000004 0 47.120000000000012 0.67500000000000016 47.120000000000012 0.57500000000000007
decision_type=10 9 10 8 8 10
left_child=1 -1 -3 5 -5 -2
right_child=3 2 -4 4 -6 -7
leaf_value=-0.012965104699190428 -0.012352157594276625 -0.00090640543261542904 0.069456816376610234 0.024592323869466779 -0.086457066881746328 0.035538729991059045
leaf_weight=171 664 76 68 40 61 54
leaf_count=171 664 76 68 40 61 54
internal_value=-0.00686941 0.00984835 0.0342827 -0.0134523 -0.0451858 -0.00780354
internal_weight=1134 315 144 819 101 718
internal_count=1134 315 144 819 101 718
cat_boundaries=0 1
cat_threshold=420
is_linear=0
shrinkage=0.03


Tree=465
num_leaves=7
num_cat=1
split_feature=4 10 1 7 7 1
split_gain=191.246 312.884 331.677 165.309 320.124 284.876
threshold=0.0040938286798763825 0 12.500000000000002 0.53579849225964582 0.5068821968240026 60.305000000000007
decision_type=10 9 10 10 10 10
left_child=1 2 -1 4 -2 -6
right_child=3 -3 -4 -5 5 -7
leaf_value=0.030636981097313592 -0.011802967766265028 0.049415613730602402 -0.042814749443004355 -0.032864730549392415 0.078388851839362797 -0.0075176993664354081
leaf_weight=86 515 123 96 181 56 56
leaf_count=86 515 123 96 181 56 56
internal_value=-0.0014939 0.0179741 -0.00782543 -0.00917173 -0.0014349 0.0403501
internal_weight=1113 305 182 808 627 112
internal_count=1113 305 182 808 627 112
cat_boundaries=0 1
cat_threshold=138
is_linear=0
shrinkage=0.03


Tree=466
num_leaves=7
num_cat=1
split_feature=0 10 2 3 6 9
split_gain=218.962 132.711 349.007 211.942 258.61 140.413
threshold=2.2805506918245286 0 0.43500000000000005 47.500000000000007 47.610000000000007 590.75000000000011
decision_type=2 9 10 8 8 10
left_child=1 3 -3 5 -5 -1
right_child=-2 2 -4 4 -6 -7
leaf_value=-0.012263385386326047 0.047732346109472787 -0.070855271928012373 0.021214823693456782 -0.028345895268023013 0.039710788412659029 0.033322377191550692
leaf_weight=660 58 66 51 50 181 47
leaf_count=660 58 66 51 50 181 47
internal_value=-0.00075289 -0.0043127 -0.030798 -5.04618e-05 0.023656 -0.00831706
internal_weight=1113 1055 117 938 231 707
internal_count=1113 1055 117 938 231 707
cat_boundaries=0 1
cat_threshold=263
is_linear=0
shrinkage=0.03


Tree=467
num_leaves=7
num_cat=0
split_feature=1 4 6 7 0 2
split_gain=118.07 109.374 128.04 140.368 127.072 199.454
threshold=80.500000000000014 0.64259698634698648 45.750000000000007 0.46610780924278666 1.3846886630380695 0.52500000000000013
decision_type=10 8 8 10 2 8
left_child=1 4 -3 -4 -1 -6
right_child=-2 2 3 -5 5 -7
leaf_value=-0.022558841474511357 -0.040184619799256319 -0.014348119271696725 0.0067195210991012125 0.042298603251199177 0.023791172454147125 -0.025489985754956368
leaf_weight=229 40 114 312 138 187 95
leaf_count=229 40 114 312 138 187 95
internal_value=0.0007371 0.00302072 0.0119716 0.0190937 -0.00682434 0.00640207
internal_weight=1115 1075 564 450 511 282
internal_count=1115 1075 564 450 511 282
is_linear=0
shrinkage=0.03


Tree=468
num_leaves=7
num_cat=1
split_feature=0 10 2 1 1 2
split_gain=181.214 310.119 429.596 247.951 212.59 187.27
threshold=0.39380107309116885 0 0.29000000000000009 29.950000000000003 59.410000000000004 0.29000000000000009
decision_type=2 9 10 10 10 10
left_child=-1 4 -3 -4 5 -2
right_child=1 2 3 -5 -6 -7
leaf_value=-0.01846194107690826 -0.016884267185207295 0.091153092449158438 0.072958916582167146 0.004855924714436125 -0.044791410129803873 0.020039811649883169
leaf_weight=140 164 80 40 273 58 359
leaf_count=140 164 80 40 273 58 359
internal_value=0.0114254 0.0160667 0.0355452 0.0175986 0.00143151 0.0081554
internal_weight=1114 974 393 313 581 523
internal_count=1114 974 393 313 581 523
cat_boundaries=0 1
cat_threshold=170
is_linear=0
shrinkage=0.03


Tree=469
num_leaves=7
num_cat=1
split_feature=4 6 11 7 3 3
split_gain=157.654 240.544 139.123 212.309 181.397 161.702
threshold=1.1505486461802947 39.310000000000009 0 0.49531790072656312 21.000000000000004 57.500000000000007
decision_type=10 10 9 8 10 8
left_child=2 -2 -1 4 -4 -5
right_child=1 -3 3 5 -6 -7
leaf_value=-0.035213199115663993 -0.031867431572996652 0.035181959679940852 -0.03490233464868038 -0.00010234533417170877 0.0090046538681324041 0.037842862698415372
leaf_weight=101 45 185 211 318 120 126
leaf_count=101 45 185 211 318 120 126
internal_value=-0.000695678 0.0203237 -0.00661189 -0.00155444 -0.0192074 0.0117036
internal_weight=1106 230 876 775 331 444
internal_count=1106 230 876 775 331 444
cat_boundaries=0 1
cat_threshold=13
is_linear=0
shrinkage=0.03


Tree=470
num_leaves=7
num_cat=1
split_feature=4 2 4 9 11 9
split_gain=254.801 188.037 406.279 152.676 203.428 145.731
threshold=0.0040938286798763825 0.52500000000000013 0.36698544389964277 692.50000000000011 0 390.00000000000006
decision_type=8 8 10 8 9 10
left_child=-1 3 5 -2 -5 -3
right_child=1 2 -4 4 -6 -7
leaf_value=0.043133351053297513 0.0035201372416670102 -0.022167612603880501 0.065166477843167925 -0.043146073353845023 -0.0044680384371429682 0.028139011921981968
leaf_weight=80 261 167 74 228 270 52
leaf_count=80 261 167 74 228 270 52
internal_value=-0.00264175 -0.00691849 0.0127997 -0.0147406 -0.0241932 -0.00861646
internal_weight=1132 1052 293 759 498 219
internal_count=1132 1052 293 759 498 219
cat_boundaries=0 1
cat_threshold=258
is_linear=0
shrinkage=0.03


Tree=471
num_leaves=7
num_cat=0
split_feature=7 0 5 2 7 7
split_gain=171.499 187.433 110.445 158.317 416.447 371.378
threshold=0.69460723488885046 0.82048902867916607 0.52600443247456574 0.52500000000000013 0.50011913586783874 0.5068821968240026
decision_type=10 2 8 8 8 8
left_child=2 -2 -1 5 -5 -4
right_child=1 -3 3 4 -6 -7
leaf_value=-0.016702608767342059 -0.066864681590165273 0.002912934576311419 -0.016301044754986019 0.071580624907451165 -0.0149920402759392 0.026112507477880752
leaf_weight=121 41 73 350 98 75 353
leaf_count=121 41 73 350 98 75 353
internal_value=0.00393275 -0.027969 0.00811778 0.0119094 0.0360739 0.00504644
internal_weight=1111 114 997 876 173 703
internal_count=1111 114 997 876 173 703
is_linear=0
shrinkage=0.03


Tree=472
num_leaves=7
num_cat=0
split_feature=1 6 5 6 6 7
split_gain=122.057 196.646 90.522 252.325 138.468 88.6262
threshold=12.500000000000002 87.740000000000023 2.0853191369823878 47.870000000000005 49.395000000000003 0.61134718976140789
decision_type=10 10 10 8 8 10
left_child=1 -1 3 -2 -5 -4
right_child=2 -3 5 4 -6 -7
leaf_value=-0.0055124575345727959 -0.047768235381212699 0.055660731924431668 0.035392746616614193 0.035685724900527432 -0.0099216292094853192 -0.014001499270239182
leaf_weight=132 143 50 53 46 628 42
leaf_count=132 143 50 53 46 628 42
internal_value=-0.00636108 0.0148434 -0.0108848 -0.0141699 -0.0057838 0.0143963
internal_weight=1094 182 912 817 674 95
internal_count=1094 182 912 817 674 95
is_linear=0
shrinkage=0.03


Tree=473
num_leaves=7
num_cat=0
split_feature=0 6 5 4 7 6
split_gain=132.911 275.714 282.295 230.987 151.4 126.995
threshold=0.89967027472679095 46.660000000000004 1.6272729315368084 0.015399037623036229 0.38062613661178141 51.935000000000009
decision_type=2 8 10 8 8 10
left_child=3 -2 4 -1 -3 -5
right_child=1 2 -4 5 -6 -7
leaf_value=-0.041025485636099528 0.037611150476150212 0.027645161852557609 -0.062968305383836576 0.030801237166160716 -0.015034422957781214 0.00047779357807356337
leaf_weight=49 76 74 81 268 347 227
leaf_count=49 76 74 81 268 347 227
internal_value=0.000428981 -0.00937812 -0.0177755 0.0109185 -0.00648297 0.0175704
internal_weight=1122 578 502 544 421 495
internal_count=1122 578 502 544 421 495
is_linear=0
shrinkage=0.03


Tree=474
num_leaves=7
num_cat=1
split_feature=7 1 7 1 6 11
split_gain=270.18 540.117 182.192 246.957 510.494 211.556
threshold=0.37341423196935669 59.410000000000004 0.50011913586783874 60.305000000000007 82.27000000000001 0
decision_type=8 10 10 8 10 9
left_child=1 -1 5 4 -4 -2
right_child=2 -3 3 -5 -6 -7
leaf_value=0.0022684815726455696 -0.028910254321645706 0.10185965558594984 0.087130985721945747 -0.02659281756600429 -2.0100854585568107e-05 0.010114278397453364
leaf_weight=177 340 49 65 96 205 171
leaf_count=177 340 49 65 96 205 171
internal_value=0.0027856 0.0306309 -0.00484613 0.0108727 0.0253159 -0.0162031
internal_weight=1103 226 877 366 270 511
internal_count=1103 226 877 366 270 511
cat_boundaries=0 1
cat_threshold=326
is_linear=0
shrinkage=0.03


Tree=475
num_leaves=7
num_cat=1
split_feature=11 2 4 0 0 2
split_gain=114.049 260.612 172.033 248.765 90.4537 81.7381
threshold=0 0.35500000000000004 0.02546996698790149 1.7191920535173573 2.0191113191843595 0.38000000000000006
decision_type=9 8 8 2 2 10
left_child=4 -2 -3 -4 5 -1
right_child=1 2 3 -5 -6 -7
leaf_value=0.0063893454992954716 -0.030977985188757121 -0.0083164215580039062 0.017438050912765478 0.087670376022224841 -0.032713150061666967 -0.015205867630539565
leaf_weight=394 75 89 186 49 80 234
leaf_count=394 75 89 186 49 80 234
internal_value=0.00105029 0.0133615 0.0253925 0.0380451 -0.00608186 -0.00178565
internal_weight=1107 399 324 235 708 628
internal_count=1107 399 324 235 708 628
cat_boundaries=0 1
cat_threshold=332
is_linear=0
shrinkage=0.03


Tree=476
num_leaves=7
num_cat=0
split_feature=1 4 7 1 5 5
split_gain=221.33 289.893 241.225 323.927 152.711 145.702
threshold=69.750000000000014 1.1137109379807753 0.5068821968240026 35.250000000000007 0.7664336390328802 0.75201216330740639
decision_type=10 8 10 10 10 10
left_child=2 -2 -1 5 -5 -4
right_child=1 -3 3 4 -6 -7
leaf_value=-0.0091279650452117823 -0.077428692240267979 0.0055239896914538213 0.023686833215447574 0.015527984262330504 0.087367588225248691 -0.024086176691780564
leaf_weight=703 60 65 84 62 54 108
leaf_count=703 60 65 84 62 54 108
internal_value=-0.00439912 -0.0390673 0.000503761 0.0218869 0.0573419 -0.00263962
internal_weight=1136 125 1011 308 116 192
internal_count=1136 125 1011 308 116 192
is_linear=0
shrinkage=0.03


Tree=477
num_leaves=7
num_cat=1
split_feature=7 3 4 5 7 10
split_gain=203.076 233.272 160.744 114.913 118.59 159.496
threshold=0.38387685795746201 47.500000000000007 0.0040938286798763825 1.682900394986907 0.31894387102045269 0
decision_type=10 10 10 10 8 9
left_child=3 2 -2 4 -1 -6
right_child=1 -3 -4 -5 5 -7
leaf_value=-0.014288169014086919 0.014648239620029927 0.044882242222818045 -0.022630190171724518 0.055262388157062838 0.038731227852822687 -0.0018391684512022752
leaf_weight=114 115 45 473 41 148 169
leaf_count=114 115 45 473 41 148 169
internal_value=0.00153132 -0.00940555 -0.0149986 0.0161068 0.00996352 0.0191934
internal_weight=1105 633 588 472 431 317
internal_count=1105 633 588 472 431 317
cat_boundaries=0 1
cat_threshold=261
is_linear=0
shrinkage=0.03


Tree=478
num_leaves=6
num_cat=0
split_feature=9 8 5 3 5
split_gain=199.133 153.921 89.7167 112.404 74.2509
threshold=590.75000000000011 96.350000000000009 2.4544305703078613 32.500000000000007 1.7493479267064174
decision_type=10 10 10 8 10
left_child=1 2 3 -1 -3
right_child=-2 4 -4 -5 -6
leaf_value=-0.0075131794722075474 0.047646402843296527 -0.0060016772292909165 -0.037946040078431754 0.013644893119659494 -0.062326291876454505
leaf_weight=653 45 43 41 320 42
leaf_count=653 45 43 41 320 42
internal_value=-0.00338242 -0.00633972 -0.00264199 -0.000359623 -0.0409746
internal_weight=1144 1099 1014 973 85
internal_count=1144 1099 1014 973 85
is_linear=0
shrinkage=0.03


Tree=479
num_leaves=6
num_cat=2
split_feature=6 6 10 11 0
split_gain=265.907 295.248 175.492 141.296 134.077
threshold=39.310000000000009 94.050000000000011 0 1 1.3846886630380695
decision_type=8 10 9 9 2
left_child=-1 2 3 -2 -4
right_child=1 -3 4 -5 -6
leaf_value=-0.061954960533059551 -0.014495716568852603 -0.051169868124710333 0.0048958718663529499 0.0094772157665834293 0.070653477071318777
leaf_weight=45 328 71 59 549 44
leaf_count=45 328 71 59 549 44
internal_value=-0.00306191 0.00051352 0.00526644 0.000262229 0.0373579
internal_weight=1096 1051 980 877 103
internal_count=1096 1051 980 877 103
cat_boundaries=0 1 2
cat_threshold=266 288
is_linear=0
shrinkage=0.03


Tree=480
num_leaves=7
num_cat=1
split_feature=3 1 11 5 1 1
split_gain=172.132 278.701 319.546 283.857 252.277 205.66
threshold=39.000000000000007 25.250000000000004 0 0.7664336390328802 30.950000000000003 48.750000000000007
decision_type=8 8 9 10 8 8
left_child=4 -2 3 -3 -1 -6
right_child=1 2 -4 -5 5 -7
leaf_value=0.014454739249194971 -0.024312961378267835 0.020566969141364095 -0.00017209083280142617 0.11591142944293097 -0.050366732861951626 -0.0069431875439208389
leaf_weight=300 85 73 140 44 122 359
leaf_count=300 85 73 140 44 122 359
internal_value=0.00128689 0.0184777 0.0335805 0.0638848 -0.00643949 -0.0196478
internal_weight=1123 342 257 117 781 481
internal_count=1123 342 257 117 781 481
cat_boundaries=0 1
cat_threshold=66
is_linear=0
shrinkage=0.03


Tree=481
num_leaves=7
num_cat=1
split_feature=10 2 6 2 7 0
split_gain=243.034 207.982 127.837 71.7492 263.958 207.934
threshold=0 0.38000000000000006 39.310000000000009 0.47500000000000003 0.5068821968240026 1.3846886630380695
decision_type=9 10 10 8 10 2
left_child=1 -1 -2 4 -4 -5
right_child=2 -3 3 5 -6 -7
leaf_value=-0.0071085359492609572 -0.025816578392557164 0.071322156965166708 -0.026260238476422556 -0.012443006703728124 0.015741252064191219 0.030981720557702437
leaf_weight=42 179 59 263 170 237 190
leaf_count=42 179 59 263 170 237 190
internal_value=0.000596609 0.0391887 -0.00409884 0.000790732 -0.00639643 0.0107421
internal_weight=1140 101 1039 860 500 360
internal_count=1140 101 1039 860 500 360
cat_boundaries=0 1
cat_threshold=133
is_linear=0
shrinkage=0.03


Tree=482
num_leaves=7
num_cat=0
split_feature=1 4 9 5 1 2
split_gain=343.192 446.805 266.631 218.663 303.6 192.715
threshold=57.820000000000007 0.12685781272288491 164.50000000000003 1.6581833830829689 69.750000000000014 0.57500000000000007
decision_type=10 8 10 8 10 8
left_child=1 2 -1 4 -2 -3
right_child=3 5 -4 -5 -6 -7
leaf_value=0.041226590049516468 0.036828051079064603 -0.035298514565811637 -0.0086653252470307047 0.056730226704643831 -0.050286737389507744 0.0092659974597015613
leaf_weight=171 64 411 180 115 43 98
leaf_count=171 64 411 180 115 43 98
internal_value=-0.000249534 -0.00899893 0.0163914 0.0313391 -0.000114238 -0.026579
internal_weight=1082 860 351 222 107 509
internal_count=1082 860 351 222 107 509
is_linear=0
shrinkage=0.03


Tree=483
num_leaves=7
num_cat=2
split_feature=11 3 5 1 1 11
split_gain=168.723 269.631 204.541 196.619 161.681 129.179
threshold=0 12.500000000000002 0.5336329296957113 29.950000000000003 22.500000000000004 1
decision_type=9 10 10 10 8 9
left_child=1 3 -3 -1 -2 -6
right_child=4 2 -4 -5 5 -7
leaf_value=0.0048694694230828096 0.019197169910584174 -0.030540472057268574 0.012717030451521278 0.084363748457643287 -0.010048225284921242 -0.042776428049782642
leaf_weight=59 85 142 230 42 379 155
leaf_count=59 85 142 230 42 379 155
internal_value=-0.0054323 0.00776728 -0.00435791 0.0469028 -0.0154201 -0.0218111
internal_weight=1092 473 372 101 619 534
internal_count=1092 473 372 101 619 534
cat_boundaries=0 1 2
cat_threshold=192 296
is_linear=0
shrinkage=0.03


Tree=484
num_leaves=7
num_cat=0
split_feature=2 9 8 0 1 1
split_gain=116.442 120.085 237.188 142.816 118.099 105.631
threshold=0.32750000000000007 390.00000000000006 97.40000000000002 1.7631696386949223 45.70000000000001 29.950000000000003
decision_type=8 10 10 2 8 10
left_child=4 2 3 -2 5 -1
right_child=1 -3 -4 -5 -6 -7
leaf_value=-0.030391560508869587 -0.0016617857480398252 0.028145846674145932 -0.049999669009447092 0.0286384509304628 -0.052578869343269614 0.014093797545513657
leaf_weight=59 537 159 55 167 44 102
leaf_count=59 537 159 55 167 44 102
internal_value=0.00135728 0.00603188 0.000718614 0.0060356 -0.0179846 -0.00343365
internal_weight=1123 918 759 704 205 161
internal_count=1123 918 759 704 205 161
is_linear=0
shrinkage=0.03


Tree=485
num_leaves=7
num_cat=1
split_feature=11 5 2 1 5 5
split_gain=166.522 256.171 196.81 186.313 231.745 160.807
threshold=0 1.6272729315368084 0.52500000000000013 34.300000000000004 2.4544305703078613 2.0484724716927474
decision_type=9 8 8 10 8 10
left_child=1 -1 5 -2 -5 -3
right_child=3 2 -4 4 -6 -7
leaf_value=0.0037017433178175535 0.019911943436728433 -0.070676143696642366 0.0053071874195940033 0.00063754303134320415 -0.063462295839563004 -0.015006641985505425
leaf_weight=243 307 123 69 235 44 94
leaf_count=243 307 123 69 235 44 94
internal_value=-0.00673071 -0.0184464 -0.0370755 0.00424057 -0.0128395 -0.0501158
internal_weight=1115 529 286 586 279 217
internal_count=1115 529 286 586 279 217
cat_boundaries=0 1
cat_threshold=270
is_linear=0
shrinkage=0.03


Tree=486
num_leaves=7
num_cat=1
split_feature=2 7 7 5 5 11
split_gain=137.581 277.705 249.469 176.243 192.666 131.85
threshold=0.43500000000000005 0.43738188072273859 0.33567712375275816 2.1987320185225978 1.0978296939156404 0
decision_type=8 10 8 8 10 9
left_child=1 5 -2 4 -3 -1
right_child=2 3 -4 -5 -6 -7
leaf_value=-0.030000678560008175 0.029529273701490649 0.023572361171711236 -0.016625942097812454 -0.0042844706270340326 0.080331542342901227 0.011916463399386925
leaf_weight=108 122 220 388 91 70 108
leaf_count=108 122 220 388 91 70 108
internal_value=0.00650025 0.0160713 -0.00477401 0.0309517 0.0417652 -0.0103204
internal_weight=1107 597 510 381 290 216
internal_count=1107 597 510 381 290 216
cat_boundaries=0 1
cat_threshold=130
is_linear=0
shrinkage=0.03


Tree=487
num_leaves=7
num_cat=1
split_feature=0 5 2 11 2 9
split_gain=289.883 278.394 190.878 147.243 156.488 141.194
threshold=2.2576719465441908 1.8087431451228919 0.18000000000000002 0 0.67500000000000016 692.50000000000011
decision_type=2 8 10 9 8 8
left_child=1 3 -3 5 -5 -1
right_child=-2 2 -4 4 -6 -7
leaf_value=0.010477815334509302 0.049495511655224839 0.00748167940350466 -0.036722932944815934 0.02528402377228621 -0.024896599877139797 -0.031377469944953919
leaf_weight=123 69 109 309 324 49 130
leaf_count=123 69 109 309 324 49 130
internal_value=-0.00248902 -0.00684696 -0.0252436 0.00574543 0.0171708 -0.0111247
internal_weight=1113 1044 418 626 373 253
internal_count=1113 1044 418 626 373 253
cat_boundaries=0 1
cat_threshold=300
is_linear=0
shrinkage=0.03


Tree=488
num_leaves=7
num_cat=1
split_feature=11 0 6 4 8 6
split_gain=127.292 462.06 190.205 298.28 143.023 111.916
threshold=0 0.53959062302381255 88.990000000000023 0.16642738394522519 95.550000000000011 90.00500000000001
decision_type=9 2 10 8 10 10
left_child=4 -2 3 -3 5 -1
right_child=1 2 -4 -5 -6 -7
leaf_value=-0.0014627208726919092 -0.034803769532591108 -0.046952103789557102 0.058130964083330974 0.02519446742418904 -0.047644053838754953 -0.041118481647968289
leaf_weight=477 148 46 92 219 75 55
leaf_count=477 148 46 92 219 75 55
internal_value=-0.0043028 0.00659117 0.025022 0.0100443 -0.0132764 -0.00701242
internal_weight=1112 505 357 265 607 532
internal_count=1112 505 357 265 607 532
cat_boundaries=0 1
cat_threshold=424
is_linear=0
shrinkage=0.03


Tree=489
num_leaves=6
num_cat=1
split_feature=0 6 3 5 11
split_gain=431.38 367.098 132.427 323.403 94.6452
threshold=2.2805506918245286 94.050000000000011 47.500000000000007 1.7675161906839298 0
decision_type=2 10 8 8 9
left_child=1 2 4 -4 -1
right_child=-2 -3 3 -5 -6
leaf_value=-0.019049542667968881 0.068576437179979521 -0.06482477536381677 -0.019640268416040472 0.041915375667273019 0.002588171261382641
leaf_weight=298 56 66 115 163 391
leaf_count=298 56 66 115 163 391
internal_value=-0.000399165 -0.00542686 -8.06002e-05 0.0166412 -0.0071913
internal_weight=1089 1033 967 278 689
internal_count=1089 1033 967 278 689
cat_boundaries=0 1
cat_threshold=258
is_linear=0
shrinkage=0.03


Tree=490
num_leaves=7
num_cat=1
split_feature=10 2 3 1 2 1
split_gain=155.718 188.757 179.553 181.096 248.54 162.974
threshold=0 0.38000000000000006 32.500000000000007 64.760000000000005 0.32750000000000007 29.425000000000004
decision_type=9 10 8 10 10 8
left_child=1 -1 5 4 -4 -2
right_child=2 -3 3 -5 -6 -7
leaf_value=-0.010057591540472848 0.018513736288180413 0.062565839430544432 0.0038975361160933971 -0.028540551792830229 0.062014234613965859 -0.016377539286008259
leaf_weight=43 131 62 180 48 90 590
leaf_count=43 131 62 180 48 90 590
internal_value=0.00254498 0.032865 -0.00132311 0.0167465 0.0264175 -0.00962851
internal_weight=1144 105 1039 318 270 721
internal_count=1144 105 1039 318 270 721
cat_boundaries=0 1
cat_threshold=133
is_linear=0
shrinkage=0.03


Tree=491
num_leaves=7
num_cat=0
split_feature=9 2 0 5 3 1
split_gain=194.212 115.623 568.205 608.625 302.12 231.927
threshold=590.75000000000011 0.41000000000000009 1.3846886630380695 0.52600443247456574 24.000000000000004 69.750000000000014
decision_type=10 8 2 10 10 10
left_child=1 5 4 -4 -3 -1
right_child=-2 2 3 -5 -6 -7
leaf_value=-0.0014159012492746114 0.051385694665505605 -0.040647032706823086 -0.012959405294150336 0.074522411928019103 0.034779240062603578 -0.051974005323587626
leaf_weight=514 48 182 113 150 45 78
leaf_count=514 48 182 113 150 45 78
internal_value=0.00219117 -0.00082975 0.00967678 0.0384636 -0.0238464 -0.00965612
internal_weight=1130 1082 490 263 227 592
internal_count=1130 1082 490 263 227 592
is_linear=0
shrinkage=0.03


Tree=492
num_leaves=7
num_cat=1
split_feature=10 8 4 3 7 7
split_gain=245.157 183.786 166.264 142.427 283.346 134.179
threshold=0 99.950000000000017 0.49293259931557815 32.500000000000007 0.43738188072273859 0.37341423196935669
decision_type=9 8 8 8 10 8
left_child=-1 2 -2 5 -5 -3
right_child=1 3 -4 4 -6 -7
leaf_value=0.037216061525619952 -0.010905436876983868 -0.061113608873675798 0.036274310463666914 -0.0257128994461874 0.032114594477013904 -0.015517801699937325
leaf_weight=100 106 54 130 129 136 457
leaf_count=100 106 54 130 129 136 457
internal_value=-0.00162597 -0.00646707 0.0156526 -0.0135751 0.0039251 -0.0225695
internal_weight=1112 1012 236 776 265 511
internal_count=1112 1012 236 776 265 511
cat_boundaries=0 1
cat_threshold=133
is_linear=0
shrinkage=0.03


Tree=493
num_leaves=7
num_cat=0
split_feature=1 4 1 2 4 4
split_gain=260.965 94.5487 437.358 153.591 77.4979 251.797
threshold=80.500000000000014 0.0013848029328714141 34.300000000000004 0.30250000000000005 1.060399351792656 1.1269183133585032
decision_type=10 10 10 8 10 10
left_child=1 2 3 -1 -3 -6
right_child=-2 4 -4 -5 5 -7
leaf_value=-0.028163826599983233 -0.063638055466470264 0.010142979027018655 -0.075156716186553243 0.026279904242565339 -0.052906720517203208 0.0072674560465431403
leaf_weight=50 43 573 60 121 64 227
leaf_count=50 43 573 60 121 64 227
internal_value=-0.00425048 -0.000764892 -0.017046 0.00876439 0.00380733 -0.00832509
internal_weight=1138 1095 231 171 864 291
internal_count=1138 1095 231 171 864 291
is_linear=0
shrinkage=0.03


Tree=494
num_leaves=7
num_cat=0
split_feature=5 1 1 9 4 0
split_gain=161.343 110.67 278.438 208.426 219.512 132.263
threshold=2.7090013766811398 63.510000000000005 58.660000000000004 447.50000000000006 1.1137109379807753 0.65051499783199074
decision_type=10 10 10 10 8 2
left_child=1 2 5 4 -3 -1
right_child=-2 3 -4 -5 -6 -7
leaf_value=-0.017078583880621171 -0.045365206280224758 -0.065131009396753814 0.065084520764648907 0.027753165665154272 0.0070211752891540524 0.0084828870677371854
leaf_weight=237 51 75 46 45 55 604
leaf_count=237 51 75 46 45 55 604
internal_value=-0.00155175 0.00129649 0.00573286 -0.0191636 -0.0373391 0.000980401
internal_weight=1113 1062 887 175 130 841
internal_count=1113 1062 887 175 130 841
is_linear=0
shrinkage=0.03


Tree=495
num_leaves=7
num_cat=1
split_feature=10 7 3 6 6 6
split_gain=346.107 308.4 354.401 205.482 191.474 169.296
threshold=0 0.5068821968240026 47.500000000000007 82.27000000000001 86.015000000000015 49.395000000000003
decision_type=9 8 8 8 10 10
left_child=1 5 -3 -2 -5 -1
right_child=3 2 -4 4 -6 -7
leaf_value=0.016176481959833341 0.018718792948216854 0.019538504134293699 0.11287453628732608 -0.041349673470023517 -0.0034821329091106897 -0.03628666294206466
leaf_weight=244 162 114 45 181 319 50
leaf_count=244 162 114 45 181 319 50
internal_value=0.00493447 0.0243179 0.0559497 -0.00879322 -0.0183687 0.00532014
internal_weight=1115 453 159 662 500 294
internal_count=1115 453 159 662 500 294
cat_boundaries=0 1
cat_threshold=261
is_linear=0
shrinkage=0.03


Tree=496
num_leaves=7
num_cat=0
split_feature=1 1 1 6 9 6
split_gain=270.823 172.212 296.395 208.639 149.668 112.658
threshold=78.500000000000014 55.625000000000007 60.305000000000007 46.005000000000003 1.0000000180025095e-35 64.250000000000014
decision_type=10 10 10 8 10 8
left_child=1 3 -3 -1 -4 -5
right_child=-2 2 4 5 -6 -7
leaf_value=-0.039852858276973512 -0.053781395907755249 0.081105456900138123 -0.02820902758761297 0.023007035137591312 0.030550608786863165 -0.0029552778585979315
leaf_weight=96 61 45 59 176 57 622
leaf_count=96 61 45 59 176 57 622
internal_value=-0.000855102 0.00309293 0.0298107 -0.00220004 0.000469733 0.00311992
internal_weight=1116 1055 161 894 116 798
internal_count=1116 1055 161 894 116 798
is_linear=0
shrinkage=0.03


Tree=497
num_leaves=7
num_cat=2
split_feature=10 11 4 5 3 3
split_gain=253.624 279.76 153.137 121.064 117.061 115.274
threshold=0 1 1.1505486461802947 0.52600443247456574 57.500000000000007 22.500000000000004
decision_type=9 9 8 10 8 10
left_child=3 -2 5 4 -1 -3
right_child=1 2 -4 -5 -6 -7
leaf_value=-0.038860319078996258 0.055943604400656981 -0.026668928915136298 0.022001086233896457 0.0059774448243181478 0.0039173889337634701 0.022710386396896456
leaf_weight=125 139 122 291 310 86 42
leaf_count=125 139 122 291 310 86 42
internal_value=0.00950742 0.0224004 0.00920287 -0.00567504 -0.0223355 -0.012603
internal_weight=1115 594 455 521 211 164
internal_count=1115 594 455 521 211 164
cat_boundaries=0 1 2
cat_threshold=2 65
is_linear=0
shrinkage=0.03


Tree=498
num_leaves=7
num_cat=0
split_feature=5 1 3 3 4 0
split_gain=142.214 127.313 280.297 247.623 278.809 164.501
threshold=2.4544305703078613 38.250000000000007 32.500000000000007 32.500000000000007 1.1836121657325849 1.849476316104649
decision_type=10 8 10 10 8 2
left_child=1 2 5 4 -3 -1
right_child=-2 3 -4 -5 -6 -7
leaf_value=-0.012413525563103473 -0.038903713250861449 -0.013455778295298086 -0.06753269168423183 0.057316603712564286 0.028462457031618964 0.029870618417074807
leaf_weight=282 65 356 47 66 210 94
leaf_count=282 65 356 47 66 210 94
internal_value=-0.00154291 0.00138409 -0.0109894 0.00984083 0.00243514 -0.000716248
internal_weight=1120 1055 423 632 566 376
internal_count=1120 1055 423 632 566 376
is_linear=0
shrinkage=0.03


Tree=499
num_leaves=7
num_cat=0
split_feature=7 1 1 9 7 1
split_gain=194.905 157.587 298.358 305.605 160.533 78.394
threshold=0.63669144552489076 60.305000000000007 58.660000000000004 590.75000000000011 0.38387685795746201 27.800000000000004
decision_type=10 10 10 8 10 10
left_child=1 2 3 -1 -3 -2
right_child=5 4 -4 -5 -6 -7
leaf_value=-0.026864199332892892 -0.0041345906044755664 0.016041085860308477 0.069306727799235801 0.013910652592212556 -0.04178495896288327 0.037550620772495054
leaf_weight=230 43 48 41 469 120 183
leaf_count=230 43 48 41 469 120 183
internal_value=0.00599408 -0.000350356 0.00567628 3.6522e-05 -0.0249952 0.0296841
internal_weight=1134 908 740 699 168 226
internal_count=1134 908 740 699 168 226
is_linear=0
shrinkage=0.03


end of trees

feature_importances:
Column_0=398
Column_1=361
Column_4=296
Column_6=283
Column_7=277
Column_3=246
Column_2=225
Column_5=216
Column_10=200
Column_11=188
Column_9=145
Column_8=142

parameters:
[boosting: gbdt]
[objective: regression]
[metric: l2]
[tree_learner: serial]
[device_type: cpu]
[data_sample_strategy: bagging]
[data: ]
[valid: ]
[num_iterations: 500]
[learning_rate: 0.03]
[num_leaves: 7]
[num_threads: 24]
[seed: 42]
[deterministic: 0]
[force_col_wise: 0]
[force_row_wise: 0]
[histogram_pool_size: -1]
[max_depth: 4]
[min_data_in_leaf: 40]
[min_sum_hessian_in_leaf: 0.001]
[bagging_fraction: 0.7]
[pos_bagging_fraction: 1]
[neg_bagging_fraction: 1]
[bagging_freq: 1]
[bagging_seed: 400]
[bagging_by_query: 0]
[feature_fraction: 0.6]
[feature_fraction_bynode: 1]
[feature_fraction_seed: 30056]
[extra_trees: 0]
[extra_seed: 12879]
[early_stopping_round: 0]
[early_stopping_min_delta: 0]
[first_metric_only: 0]
[max_delta_step: 0]
[lambda_l1: 2]
[lambda_l2: 20]
[linear_lambda: 0]
[min_gain_to_split: 0]
[drop_rate: 0.1]
[max_drop: 50]
[skip_drop: 0.5]
[xgboost_dart_mode: 0]
[uniform_drop: 0]
[drop_seed: 17869]
[top_rate: 0.2]
[other_rate: 0.1]
[min_data_per_group: 100]
[max_cat_threshold: 32]
[cat_l2: 10]
[cat_smooth: 10]
[max_cat_to_onehot: 4]
[top_k: 20]
[monotone_constraints: ]
[monotone_constraints_method: basic]
[monotone_penalty: 0]
[feature_contri: ]
[forcedsplits_filename: ]
[refit_decay_rate: 0.9]
[cegb_tradeoff: 1]
[cegb_penalty_split: 0]
[cegb_penalty_feature_lazy: ]
[cegb_penalty_feature_coupled: ]
[path_smooth: 0]
[interaction_constraints: ]
[verbosity: -1]
[saved_feature_importance_type: 0]
[use_quantized_grad: 0]
[num_grad_quant_bins: 4]
[quant_train_renew_leaf: 0]
[stochastic_rounding: 1]
[linear_tree: 0]
[max_bin: 255]
[max_bin_by_feature: ]
[min_data_in_bin: 3]
[bin_construct_sample_cnt: 200000]
[data_random_seed: 175]
[is_enable_sparse: 1]
[enable_bundle: 1]
[use_missing: 1]
[zero_as_missing: 0]
[feature_pre_filter: 1]
[pre_partition: 0]
[two_round: 0]
[header: 0]
[label_column: ]
[weight_column: ]
[group_column: ]
[ignore_column: ]
[categorical_feature: 10,11]
[forcedbins_filename: ]
[precise_float_parser: 0]
[parser_config_file: ]
[objective_seed: 16083]
[num_class: 1]
[is_unbalance: 0]
[scale_pos_weight: 1]
[sigmoid: 1]
[boost_from_average: 1]
[reg_sqrt: 0]
[alpha: 0.9]
[fair_c: 1]
[poisson_max_delta_step: 0.7]
[tweedie_variance_power: 1.5]
[lambdarank_truncation_level: 30]
[lambdarank_norm: 1]
[label_gain: ]
[lambdarank_position_bias_regularization: 0]
[eval_at: ]
[multi_error_top_k: 1]
[auc_mu_weights: ]
[num_machines: 1]
[local_listen_port: 12400]
[time_out: 120]
[machine_list_filename: ]
[machines: ]
[gpu_platform_id: -1]
[gpu_device_id: -1]
[gpu_device_id_list: ]
[gpu_use_dp: 0]
[num_gpu: 1]

end of parameters

pandas_categorical:null
